timestamp,sensor_id,location,reading_mv,temperature_c
2026-05-01 00:00:00,beam-1a,Beam 1A,119.1451,9.52
2026-05-01 00:00:00,beam-1b,Beam 1B,118.9027,9.52
2026-05-01 00:00:00,beam-2a,Beam 2A,120.4617,9.52
2026-05-01 00:00:00,beam-2b,Beam 2B,120.4557,9.52
2026-05-01 00:00:00,beam-3a,Beam 3A,117.7613,9.52
2026-05-01 00:00:00,beam-3b,Beam 3B,118.0263,9.52
2026-05-01 00:00:00,pier-cap-1,Pier Cap 1,94.0826,9.52
2026-05-01 00:00:00,pier-cap-2,Pier Cap 2,94.8481,9.52
2026-05-01 01:00:00,beam-1a,Beam 1A,118.9242,8.6
2026-05-01 01:00:00,beam-1b,Beam 1B,118.3847,8.6
2026-05-01 01:00:00,beam-2a,Beam 2A,120.1388,8.6
2026-05-01 01:00:00,beam-2b,Beam 2B,119.6524,8.6
2026-05-01 01:00:00,beam-3a,Beam 3A,118.1369,8.6
2026-05-01 01:00:00,beam-3b,Beam 3B,117.6298,8.6
2026-05-01 01:00:00,pier-cap-1,Pier Cap 1,94.9662,8.6
2026-05-01 01:00:00,pier-cap-2,Pier Cap 2,95.6268,8.6
2026-05-01 02:00:00,beam-1a,Beam 1A,118.975,8.07
2026-05-01 02:00:00,beam-1b,Beam 1B,118.874,8.07
2026-05-01 02:00:00,beam-2a,Beam 2A,119.3584,8.07
2026-05-01 02:00:00,beam-2b,Beam 2B,119.9366,8.07
2026-05-01 02:00:00,beam-3a,Beam 3A,117.4063,8.07
2026-05-01 02:00:00,beam-3b,Beam 3B,117.7215,8.07
2026-05-01 02:00:00,pier-cap-1,Pier Cap 1,94.5988,8.07
2026-05-01 02:00:00,pier-cap-2,Pier Cap 2,94.8281,8.07
2026-05-01 03:00:00,beam-1a,Beam 1A,119.211,7.88
2026-05-01 03:00:00,beam-1b,Beam 1B,118.5983,7.88
2026-05-01 03:00:00,beam-2a,Beam 2A,120.2799,7.88
2026-05-01 03:00:00,beam-2b,Beam 2B,119.8453,7.88
2026-05-01 03:00:00,beam-3a,Beam 3A,117.2849,7.88
2026-05-01 03:00:00,beam-3b,Beam 3B,117.4393,7.88
2026-05-01 03:00:00,pier-cap-1,Pier Cap 1,94.5244,7.88
2026-05-01 03:00:00,pier-cap-2,Pier Cap 2,94.4812,7.88
2026-05-01 04:00:00,beam-1a,Beam 1A,119.8645,8.16
2026-05-01 04:00:00,beam-1b,Beam 1B,118.8053,8.16
2026-05-01 04:00:00,beam-2a,Beam 2A,120.5172,8.16
2026-05-01 04:00:00,beam-2b,Beam 2B,119.5151,8.16
2026-05-01 04:00:00,beam-3a,Beam 3A,117.2973,8.16
2026-05-01 04:00:00,beam-3b,Beam 3B,117.6308,8.16
2026-05-01 04:00:00,pier-cap-1,Pier Cap 1,93.8523,8.16
2026-05-01 04:00:00,pier-cap-2,Pier Cap 2,94.578,8.16
2026-05-01 05:00:00,beam-1a,Beam 1A,119.6833,8.4
2026-05-01 05:00:00,beam-1b,Beam 1B,119.3493,8.4
2026-05-01 05:00:00,beam-2a,Beam 2A,121.1909,8.4
2026-05-01 05:00:00,beam-2b,Beam 2B,120.026,8.4
2026-05-01 05:00:00,beam-3a,Beam 3A,117.6203,8.4
2026-05-01 05:00:00,beam-3b,Beam 3B,118.662,8.4
2026-05-01 05:00:00,pier-cap-1,Pier Cap 1,94.1719,8.4
2026-05-01 05:00:00,pier-cap-2,Pier Cap 2,95.254,8.4
2026-05-01 06:00:00,beam-1a,Beam 1A,120.2198,9.46
2026-05-01 06:00:00,beam-1b,Beam 1B,118.9955,9.46
2026-05-01 06:00:00,beam-2a,Beam 2A,120.2365,9.46
2026-05-01 06:00:00,beam-2b,Beam 2B,120.738,9.46
2026-05-01 06:00:00,beam-3a,Beam 3A,117.5887,9.46
2026-05-01 06:00:00,beam-3b,Beam 3B,118.0121,9.46
2026-05-01 06:00:00,pier-cap-1,Pier Cap 1,94.9865,9.46
2026-05-01 06:00:00,pier-cap-2,Pier Cap 2,94.947,9.46
2026-05-01 07:00:00,beam-1a,Beam 1A,120.9293,11.44
2026-05-01 07:00:00,beam-1b,Beam 1B,120.679,11.44
2026-05-01 07:00:00,beam-2a,Beam 2A,120.5731,11.44
2026-05-01 07:00:00,beam-2b,Beam 2B,120.5772,11.44
2026-05-01 07:00:00,beam-3a,Beam 3A,118.0791,11.44
2026-05-01 07:00:00,beam-3b,Beam 3B,118.4817,11.44
2026-05-01 07:00:00,pier-cap-1,Pier Cap 1,96.1118,11.44
2026-05-01 07:00:00,pier-cap-2,Pier Cap 2,94.9573,11.44
2026-05-01 08:00:00,beam-1a,Beam 1A,120.5215,12.71
2026-05-01 08:00:00,beam-1b,Beam 1B,120.5947,12.71
2026-05-01 08:00:00,beam-2a,Beam 2A,120.5985,12.71
2026-05-01 08:00:00,beam-2b,Beam 2B,120.8688,12.71
2026-05-01 08:00:00,beam-3a,Beam 3A,118.0376,12.71
2026-05-01 08:00:00,beam-3b,Beam 3B,118.3182,12.71
2026-05-01 08:00:00,pier-cap-1,Pier Cap 1,95.4151,12.71
2026-05-01 08:00:00,pier-cap-2,Pier Cap 2,95.8128,12.71
2026-05-01 09:00:00,beam-1a,Beam 1A,121.6093,14.09
2026-05-01 09:00:00,beam-1b,Beam 1B,121.3934,14.09
2026-05-01 09:00:00,beam-2a,Beam 2A,121.4013,14.09
2026-05-01 09:00:00,beam-2b,Beam 2B,121.1867,14.09
2026-05-01 09:00:00,beam-3a,Beam 3A,118.4381,14.09
2026-05-01 09:00:00,beam-3b,Beam 3B,119.184,14.09
2026-05-01 09:00:00,pier-cap-1,Pier Cap 1,95.5745,14.09
2026-05-01 09:00:00,pier-cap-2,Pier Cap 2,95.6387,14.09
2026-05-01 10:00:00,beam-1a,Beam 1A,121.7161,15.96
2026-05-01 10:00:00,beam-1b,Beam 1B,121.0428,15.96
2026-05-01 10:00:00,beam-2a,Beam 2A,121.7725,15.96
2026-05-01 10:00:00,beam-2b,Beam 2B,120.7072,15.96
2026-05-01 10:00:00,beam-3a,Beam 3A,119.2724,15.96
2026-05-01 10:00:00,beam-3b,Beam 3B,119.4481,15.96
2026-05-01 10:00:00,pier-cap-1,Pier Cap 1,95.7012,15.96
2026-05-01 10:00:00,pier-cap-2,Pier Cap 2,96.2397,15.96
2026-05-01 11:00:00,beam-1a,Beam 1A,121.2954,17.73
2026-05-01 11:00:00,beam-1b,Beam 1B,121.4529,17.73
2026-05-01 11:00:00,beam-2a,Beam 2A,121.7219,17.73
2026-05-01 11:00:00,beam-2b,Beam 2B,121.8305,17.73
2026-05-01 11:00:00,beam-3a,Beam 3A,119.23,17.73
2026-05-01 11:00:00,beam-3b,Beam 3B,119.7876,17.73
2026-05-01 11:00:00,pier-cap-1,Pier Cap 1,95.5555,17.73
2026-05-01 11:00:00,pier-cap-2,Pier Cap 2,96.5905,17.73
2026-05-01 12:00:00,beam-1a,Beam 1A,121.7915,19.75
2026-05-01 12:00:00,beam-1b,Beam 1B,121.7297,19.75
2026-05-01 12:00:00,beam-2a,Beam 2A,122.3797,19.75
2026-05-01 12:00:00,beam-2b,Beam 2B,121.6429,19.75
2026-05-01 12:00:00,beam-3a,Beam 3A,119.4582,19.75
2026-05-01 12:00:00,beam-3b,Beam 3B,119.9774,19.75
2026-05-01 12:00:00,pier-cap-1,Pier Cap 1,96.4108,19.75
2026-05-01 12:00:00,pier-cap-2,Pier Cap 2,96.6946,19.75
2026-05-01 13:00:00,beam-1a,Beam 1A,122.3425,20.72
2026-05-01 13:00:00,beam-1b,Beam 1B,122.3864,20.72
2026-05-01 13:00:00,beam-2a,Beam 2A,121.8523,20.72
2026-05-01 13:00:00,beam-2b,Beam 2B,122.0078,20.72
2026-05-01 13:00:00,beam-3a,Beam 3A,120.471,20.72
2026-05-01 13:00:00,beam-3b,Beam 3B,120.4485,20.72
2026-05-01 13:00:00,pier-cap-1,Pier Cap 1,95.9275,20.72
2026-05-01 13:00:00,pier-cap-2,Pier Cap 2,97.4766,20.72
2026-05-01 14:00:00,beam-1a,Beam 1A,122.9743,21.64
2026-05-01 14:00:00,beam-1b,Beam 1B,122.4115,21.64
2026-05-01 14:00:00,beam-2a,Beam 2A,123.198,21.64
2026-05-01 14:00:00,beam-2b,Beam 2B,123.2922,21.64
2026-05-01 14:00:00,beam-3a,Beam 3A,120.0097,21.64
2026-05-01 14:00:00,beam-3b,Beam 3B,120.7062,21.64
2026-05-01 14:00:00,pier-cap-1,Pier Cap 1,96.0324,21.64
2026-05-01 14:00:00,pier-cap-2,Pier Cap 2,96.3782,21.64
2026-05-01 15:00:00,beam-1a,Beam 1A,122.7157,21.43
2026-05-01 15:00:00,beam-1b,Beam 1B,122.1133,21.43
2026-05-01 15:00:00,beam-2a,Beam 2A,122.4775,21.43
2026-05-01 15:00:00,beam-2b,Beam 2B,122.2844,21.43
2026-05-01 15:00:00,beam-3a,Beam 3A,120.5372,21.43
2026-05-01 15:00:00,beam-3b,Beam 3B,120.3205,21.43
2026-05-01 15:00:00,pier-cap-1,Pier Cap 1,95.9823,21.43
2026-05-01 15:00:00,pier-cap-2,Pier Cap 2,96.6189,21.43
2026-05-01 16:00:00,beam-1a,Beam 1A,122.6005,21.42
2026-05-01 16:00:00,beam-1b,Beam 1B,121.7811,21.42
2026-05-01 16:00:00,beam-2a,Beam 2A,122.771,21.42
2026-05-01 16:00:00,beam-2b,Beam 2B,122.0888,21.42
2026-05-01 16:00:00,beam-3a,Beam 3A,120.3951,21.42
2026-05-01 16:00:00,beam-3b,Beam 3B,120.1805,21.42
2026-05-01 16:00:00,pier-cap-1,Pier Cap 1,96.6564,21.42
2026-05-01 16:00:00,pier-cap-2,Pier Cap 2,96.7869,21.42
2026-05-01 17:00:00,beam-1a,Beam 1A,122.9338,20.91
2026-05-01 17:00:00,beam-1b,Beam 1B,121.4077,20.91
2026-05-01 17:00:00,beam-2a,Beam 2A,122.1117,20.91
2026-05-01 17:00:00,beam-2b,Beam 2B,122.7434,20.91
2026-05-01 17:00:00,beam-3a,Beam 3A,119.8269,20.91
2026-05-01 17:00:00,beam-3b,Beam 3B,120.4364,20.91
2026-05-01 17:00:00,pier-cap-1,Pier Cap 1,96.2696,20.91
2026-05-01 17:00:00,pier-cap-2,Pier Cap 2,97.4652,20.91
2026-05-01 18:00:00,beam-1a,Beam 1A,121.3503,19.43
2026-05-01 18:00:00,beam-1b,Beam 1B,121.3775,19.43
2026-05-01 18:00:00,beam-2a,Beam 2A,122.1522,19.43
2026-05-01 18:00:00,beam-2b,Beam 2B,121.6061,19.43
2026-05-01 18:00:00,beam-3a,Beam 3A,119.1389,19.43
2026-05-01 18:00:00,beam-3b,Beam 3B,119.5244,19.43
2026-05-01 18:00:00,pier-cap-1,Pier Cap 1,96.0941,19.43
2026-05-01 18:00:00,pier-cap-2,Pier Cap 2,97.1032,19.43
2026-05-01 19:00:00,beam-1a,Beam 1A,121.3632,18.28
2026-05-01 19:00:00,beam-1b,Beam 1B,120.8099,18.28
2026-05-01 19:00:00,beam-2a,Beam 2A,122.0446,18.28
2026-05-01 19:00:00,beam-2b,Beam 2B,121.5775,18.28
2026-05-01 19:00:00,beam-3a,Beam 3A,120.3869,18.28
2026-05-01 19:00:00,beam-3b,Beam 3B,119.3724,18.28
2026-05-01 19:00:00,pier-cap-1,Pier Cap 1,95.8877,18.28
2026-05-01 19:00:00,pier-cap-2,Pier Cap 2,96.779,18.28
2026-05-01 20:00:00,beam-1a,Beam 1A,120.9445,16.15
2026-05-01 20:00:00,beam-1b,Beam 1B,120.198,16.15
2026-05-01 20:00:00,beam-2a,Beam 2A,121.7248,16.15
2026-05-01 20:00:00,beam-2b,Beam 2B,121.8289,16.15
2026-05-01 20:00:00,beam-3a,Beam 3A,119.317,16.15
2026-05-01 20:00:00,beam-3b,Beam 3B,119.1992,16.15
2026-05-01 20:00:00,pier-cap-1,Pier Cap 1,95.2343,16.15
2026-05-01 20:00:00,pier-cap-2,Pier Cap 2,95.8338,16.15
2026-05-01 21:00:00,beam-1a,Beam 1A,120.1523,14.45
2026-05-01 21:00:00,beam-1b,Beam 1B,120.5515,14.45
2026-05-01 21:00:00,beam-2a,Beam 2A,121.5828,14.45
2026-05-01 21:00:00,beam-2b,Beam 2B,121.008,14.45
2026-05-01 21:00:00,beam-3a,Beam 3A,118.6092,14.45
2026-05-01 21:00:00,beam-3b,Beam 3B,118.2869,14.45
2026-05-01 21:00:00,pier-cap-1,Pier Cap 1,95.1169,14.45
2026-05-01 21:00:00,pier-cap-2,Pier Cap 2,95.6149,14.45
2026-05-01 22:00:00,beam-1a,Beam 1A,120.0,12.64
2026-05-01 22:00:00,beam-1b,Beam 1B,119.5613,12.64
2026-05-01 22:00:00,beam-2a,Beam 2A,121.6027,12.64
2026-05-01 22:00:00,beam-2b,Beam 2B,120.0024,12.64
2026-05-01 22:00:00,beam-3a,Beam 3A,118.5734,12.64
2026-05-01 22:00:00,beam-3b,Beam 3B,118.8404,12.64
2026-05-01 22:00:00,pier-cap-1,Pier Cap 1,94.8592,12.64
2026-05-01 22:00:00,pier-cap-2,Pier Cap 2,95.2967,12.64
2026-05-01 23:00:00,beam-1a,Beam 1A,119.0478,10.62
2026-05-01 23:00:00,beam-1b,Beam 1B,119.6523,10.62
2026-05-01 23:00:00,beam-2a,Beam 2A,120.9173,10.62
2026-05-01 23:00:00,beam-2b,Beam 2B,120.4419,10.62
2026-05-01 23:00:00,beam-3a,Beam 3A,118.1027,10.62
2026-05-01 23:00:00,beam-3b,Beam 3B,117.831,10.62
2026-05-01 23:00:00,pier-cap-1,Pier Cap 1,94.3216,10.62
2026-05-01 23:00:00,pier-cap-2,Pier Cap 2,95.0082,10.62
2026-05-02 00:00:00,beam-1a,Beam 1A,119.8784,9.22
2026-05-02 00:00:00,beam-1b,Beam 1B,118.7983,9.22
2026-05-02 00:00:00,beam-2a,Beam 2A,120.729,9.22
2026-05-02 00:00:00,beam-2b,Beam 2B,119.7856,9.22
2026-05-02 00:00:00,beam-3a,Beam 3A,118.1908,9.22
2026-05-02 00:00:00,beam-3b,Beam 3B,117.7369,9.22
2026-05-02 00:00:00,pier-cap-1,Pier Cap 1,94.3818,9.22
2026-05-02 00:00:00,pier-cap-2,Pier Cap 2,95.4809,9.22
2026-05-02 01:00:00,beam-1a,Beam 1A,118.9266,7.73
2026-05-02 01:00:00,beam-1b,Beam 1B,118.8509,7.73
2026-05-02 01:00:00,beam-2a,Beam 2A,120.6236,7.73
2026-05-02 01:00:00,beam-2b,Beam 2B,120.2611,7.73
2026-05-02 01:00:00,beam-3a,Beam 3A,117.358,7.73
2026-05-02 01:00:00,beam-3b,Beam 3B,117.5432,7.73
2026-05-02 01:00:00,pier-cap-1,Pier Cap 1,93.9845,7.73
2026-05-02 01:00:00,pier-cap-2,Pier Cap 2,94.7357,7.73
2026-05-02 02:00:00,beam-1a,Beam 1A,119.8403,7.22
2026-05-02 02:00:00,beam-1b,Beam 1B,118.7099,7.22
2026-05-02 02:00:00,beam-2a,Beam 2A,120.1717,7.22
2026-05-02 02:00:00,beam-2b,Beam 2B,119.3014,7.22
2026-05-02 02:00:00,beam-3a,Beam 3A,117.6068,7.22
2026-05-02 02:00:00,beam-3b,Beam 3B,117.5354,7.22
2026-05-02 02:00:00,pier-cap-1,Pier Cap 1,94.4062,7.22
2026-05-02 02:00:00,pier-cap-2,Pier Cap 2,94.6994,7.22
2026-05-02 03:00:00,beam-1a,Beam 1A,119.2587,7.17
2026-05-02 03:00:00,beam-1b,Beam 1B,118.2759,7.17
2026-05-02 03:00:00,beam-2a,Beam 2A,119.9189,7.17
2026-05-02 03:00:00,beam-2b,Beam 2B,119.9541,7.17
2026-05-02 03:00:00,beam-3a,Beam 3A,116.9306,7.17
2026-05-02 03:00:00,beam-3b,Beam 3B,117.3916,7.17
2026-05-02 03:00:00,pier-cap-1,Pier Cap 1,94.4235,7.17
2026-05-02 03:00:00,pier-cap-2,Pier Cap 2,94.9575,7.17
2026-05-02 04:00:00,beam-1a,Beam 1A,119.8507,7.39
2026-05-02 04:00:00,beam-1b,Beam 1B,119.5908,7.39
2026-05-02 04:00:00,beam-2a,Beam 2A,120.3822,7.39
2026-05-02 04:00:00,beam-2b,Beam 2B,120.2888,7.39
2026-05-02 04:00:00,beam-3a,Beam 3A,117.4808,7.39
2026-05-02 04:00:00,beam-3b,Beam 3B,117.5311,7.39
2026-05-02 04:00:00,pier-cap-1,Pier Cap 1,93.8708,7.39
2026-05-02 04:00:00,pier-cap-2,Pier Cap 2,94.2599,7.39
2026-05-02 05:00:00,beam-1a,Beam 1A,119.8104,8.18
2026-05-02 05:00:00,beam-1b,Beam 1B,119.3818,8.18
2026-05-02 05:00:00,beam-2a,Beam 2A,120.5651,8.18
2026-05-02 05:00:00,beam-2b,Beam 2B,119.3955,8.18
2026-05-02 05:00:00,beam-3a,Beam 3A,117.3899,8.18
2026-05-02 05:00:00,beam-3b,Beam 3B,117.6833,8.18
2026-05-02 05:00:00,pier-cap-1,Pier Cap 1,94.288,8.18
2026-05-02 05:00:00,pier-cap-2,Pier Cap 2,94.8927,8.18
2026-05-02 06:00:00,beam-1a,Beam 1A,120.183,8.99
2026-05-02 06:00:00,beam-1b,Beam 1B,120.055,8.99
2026-05-02 06:00:00,beam-2a,Beam 2A,120.5567,8.99
2026-05-02 06:00:00,beam-2b,Beam 2B,119.82,8.99
2026-05-02 06:00:00,beam-3a,Beam 3A,117.7933,8.99
2026-05-02 06:00:00,beam-3b,Beam 3B,117.701,8.99
2026-05-02 06:00:00,pier-cap-1,Pier Cap 1,95.0548,8.99
2026-05-02 06:00:00,pier-cap-2,Pier Cap 2,94.6689,8.99
2026-05-02 07:00:00,beam-1a,Beam 1A,120.4004,10.31
2026-05-02 07:00:00,beam-1b,Beam 1B,119.9417,10.31
2026-05-02 07:00:00,beam-2a,Beam 2A,119.9794,10.31
2026-05-02 07:00:00,beam-2b,Beam 2B,120.3167,10.31
2026-05-02 07:00:00,beam-3a,Beam 3A,118.0391,10.31
2026-05-02 07:00:00,beam-3b,Beam 3B,117.8376,10.31
2026-05-02 07:00:00,pier-cap-1,Pier Cap 1,94.4017,10.31
2026-05-02 07:00:00,pier-cap-2,Pier Cap 2,95.1076,10.31
2026-05-02 08:00:00,beam-1a,Beam 1A,121.1969,12.13
2026-05-02 08:00:00,beam-1b,Beam 1B,120.6975,12.13
2026-05-02 08:00:00,beam-2a,Beam 2A,120.5898,12.13
2026-05-02 08:00:00,beam-2b,Beam 2B,120.1835,12.13
2026-05-02 08:00:00,beam-3a,Beam 3A,118.351,12.13
2026-05-02 08:00:00,beam-3b,Beam 3B,118.8336,12.13
2026-05-02 08:00:00,pier-cap-1,Pier Cap 1,95.0978,12.13
2026-05-02 08:00:00,pier-cap-2,Pier Cap 2,95.2939,12.13
2026-05-02 09:00:00,beam-1a,Beam 1A,121.6127,13.3
2026-05-02 09:00:00,beam-1b,Beam 1B,120.798,13.3
2026-05-02 09:00:00,beam-2a,Beam 2A,121.0502,13.3
2026-05-02 09:00:00,beam-2b,Beam 2B,120.8683,13.3
2026-05-02 09:00:00,beam-3a,Beam 3A,118.2145,13.3
2026-05-02 09:00:00,beam-3b,Beam 3B,117.9406,13.3
2026-05-02 09:00:00,pier-cap-1,Pier Cap 1,95.1768,13.3
2026-05-02 09:00:00,pier-cap-2,Pier Cap 2,95.4537,13.3
2026-05-02 10:00:00,beam-1a,Beam 1A,121.7044,15.21
2026-05-02 10:00:00,beam-1b,Beam 1B,122.0115,15.21
2026-05-02 10:00:00,beam-2a,Beam 2A,121.8536,15.21
2026-05-02 10:00:00,beam-2b,Beam 2B,121.0517,15.21
2026-05-02 10:00:00,beam-3a,Beam 3A,119.0141,15.21
2026-05-02 10:00:00,beam-3b,Beam 3B,118.9676,15.21
2026-05-02 10:00:00,pier-cap-1,Pier Cap 1,95.7591,15.21
2026-05-02 10:00:00,pier-cap-2,Pier Cap 2,95.999,15.21
2026-05-02 11:00:00,beam-1a,Beam 1A,122.2903,16.95
2026-05-02 11:00:00,beam-1b,Beam 1B,122.0431,16.95
2026-05-02 11:00:00,beam-2a,Beam 2A,121.8808,16.95
2026-05-02 11:00:00,beam-2b,Beam 2B,121.3913,16.95
2026-05-02 11:00:00,beam-3a,Beam 3A,119.5899,16.95
2026-05-02 11:00:00,beam-3b,Beam 3B,119.2057,16.95
2026-05-02 11:00:00,pier-cap-1,Pier Cap 1,95.7806,16.95
2026-05-02 11:00:00,pier-cap-2,Pier Cap 2,96.2584,16.95
2026-05-02 12:00:00,beam-1a,Beam 1A,122.4154,18.53
2026-05-02 12:00:00,beam-1b,Beam 1B,122.3574,18.53
2026-05-02 12:00:00,beam-2a,Beam 2A,122.66,18.53
2026-05-02 12:00:00,beam-2b,Beam 2B,121.8249,18.53
2026-05-02 12:00:00,beam-3a,Beam 3A,119.3202,18.53
2026-05-02 12:00:00,beam-3b,Beam 3B,119.8166,18.53
2026-05-02 12:00:00,pier-cap-1,Pier Cap 1,95.7996,18.53
2026-05-02 12:00:00,pier-cap-2,Pier Cap 2,96.363,18.53
2026-05-02 13:00:00,beam-1a,Beam 1A,123.7459,20.2
2026-05-02 13:00:00,beam-1b,Beam 1B,123.0164,20.2
2026-05-02 13:00:00,beam-2a,Beam 2A,123.0656,20.2
2026-05-02 13:00:00,beam-2b,Beam 2B,122.1681,20.2
2026-05-02 13:00:00,beam-3a,Beam 3A,120.1735,20.2
2026-05-02 13:00:00,beam-3b,Beam 3B,119.4786,20.2
2026-05-02 13:00:00,pier-cap-1,Pier Cap 1,96.1997,20.2
2026-05-02 13:00:00,pier-cap-2,Pier Cap 2,96.7909,20.2
2026-05-02 14:00:00,beam-1a,Beam 1A,122.8716,20.37
2026-05-02 14:00:00,beam-1b,Beam 1B,122.9078,20.37
2026-05-02 14:00:00,beam-2a,Beam 2A,123.0547,20.37
2026-05-02 14:00:00,beam-2b,Beam 2B,122.2405,20.37
2026-05-02 14:00:00,beam-3a,Beam 3A,120.1664,20.37
2026-05-02 14:00:00,beam-3b,Beam 3B,119.8463,20.37
2026-05-02 14:00:00,pier-cap-1,Pier Cap 1,96.2307,20.37
2026-05-02 14:00:00,pier-cap-2,Pier Cap 2,96.4457,20.37
2026-05-02 15:00:00,beam-1a,Beam 1A,123.4366,20.82
2026-05-02 15:00:00,beam-1b,Beam 1B,122.7636,20.82
2026-05-02 15:00:00,beam-2a,Beam 2A,123.1471,20.82
2026-05-02 15:00:00,beam-2b,Beam 2B,122.0253,20.82
2026-05-02 15:00:00,beam-3a,Beam 3A,119.9582,20.82
2026-05-02 15:00:00,beam-3b,Beam 3B,120.0708,20.82
2026-05-02 15:00:00,pier-cap-1,Pier Cap 1,96.2462,20.82
2026-05-02 15:00:00,pier-cap-2,Pier Cap 2,96.9781,20.82
2026-05-02 16:00:00,beam-1a,Beam 1A,122.7727,21.26
2026-05-02 16:00:00,beam-1b,Beam 1B,121.9436,21.26
2026-05-02 16:00:00,beam-2a,Beam 2A,122.3366,21.26
2026-05-02 16:00:00,beam-2b,Beam 2B,122.1293,21.26
2026-05-02 16:00:00,beam-3a,Beam 3A,119.3573,21.26
2026-05-02 16:00:00,beam-3b,Beam 3B,120.5633,21.26
2026-05-02 16:00:00,pier-cap-1,Pier Cap 1,95.9428,21.26
2026-05-02 16:00:00,pier-cap-2,Pier Cap 2,96.7767,21.26
2026-05-02 17:00:00,beam-1a,Beam 1A,122.5257,19.9
2026-05-02 17:00:00,beam-1b,Beam 1B,121.7915,19.9
2026-05-02 17:00:00,beam-2a,Beam 2A,122.6721,19.9
2026-05-02 17:00:00,beam-2b,Beam 2B,122.0316,19.9
2026-05-02 17:00:00,beam-3a,Beam 3A,119.1781,19.9
2026-05-02 17:00:00,beam-3b,Beam 3B,120.0464,19.9
2026-05-02 17:00:00,pier-cap-1,Pier Cap 1,96.5072,19.9
2026-05-02 17:00:00,pier-cap-2,Pier Cap 2,96.4892,19.9
2026-05-02 18:00:00,beam-1a,Beam 1A,121.7091,19.22
2026-05-02 18:00:00,beam-1b,Beam 1B,121.4203,19.22
2026-05-02 18:00:00,beam-2a,Beam 2A,122.1011,19.22
2026-05-02 18:00:00,beam-2b,Beam 2B,121.9262,19.22
2026-05-02 18:00:00,beam-3a,Beam 3A,119.381,19.22
2026-05-02 18:00:00,beam-3b,Beam 3B,119.3877,19.22
2026-05-02 18:00:00,pier-cap-1,Pier Cap 1,96.353,19.22
2026-05-02 18:00:00,pier-cap-2,Pier Cap 2,96.2946,19.22
2026-05-02 19:00:00,beam-1a,Beam 1A,121.4622,17.1
2026-05-02 19:00:00,beam-1b,Beam 1B,121.4733,17.1
2026-05-02 19:00:00,beam-2a,Beam 2A,121.2608,17.1
2026-05-02 19:00:00,beam-2b,Beam 2B,121.3449,17.1
2026-05-02 19:00:00,beam-3a,Beam 3A,118.653,17.1
2026-05-02 19:00:00,beam-3b,Beam 3B,119.2288,17.1
2026-05-02 19:00:00,pier-cap-1,Pier Cap 1,95.4021,17.1
2026-05-02 19:00:00,pier-cap-2,Pier Cap 2,96.1429,17.1
2026-05-02 20:00:00,beam-1a,Beam 1A,121.2529,15.71
2026-05-02 20:00:00,beam-1b,Beam 1B,120.8389,15.71
2026-05-02 20:00:00,beam-2a,Beam 2A,121.5261,15.71
2026-05-02 20:00:00,beam-2b,Beam 2B,121.3706,15.71
2026-05-02 20:00:00,beam-3a,Beam 3A,119.6308,15.71
2026-05-02 20:00:00,beam-3b,Beam 3B,119.4441,15.71
2026-05-02 20:00:00,pier-cap-1,Pier Cap 1,95.4156,15.71
2026-05-02 20:00:00,pier-cap-2,Pier Cap 2,96.567,15.71
2026-05-02 21:00:00,beam-1a,Beam 1A,121.2118,13.6
2026-05-02 21:00:00,beam-1b,Beam 1B,119.77,13.6
2026-05-02 21:00:00,beam-2a,Beam 2A,121.749,13.6
2026-05-02 21:00:00,beam-2b,Beam 2B,120.0932,13.6
2026-05-02 21:00:00,beam-3a,Beam 3A,118.7181,13.6
2026-05-02 21:00:00,beam-3b,Beam 3B,118.3129,13.6
2026-05-02 21:00:00,pier-cap-1,Pier Cap 1,95.1218,13.6
2026-05-02 21:00:00,pier-cap-2,Pier Cap 2,95.6704,13.6
2026-05-02 22:00:00,beam-1a,Beam 1A,120.3716,12.03
2026-05-02 22:00:00,beam-1b,Beam 1B,119.8278,12.03
2026-05-02 22:00:00,beam-2a,Beam 2A,121.09,12.03
2026-05-02 22:00:00,beam-2b,Beam 2B,120.2135,12.03
2026-05-02 22:00:00,beam-3a,Beam 3A,118.1326,12.03
2026-05-02 22:00:00,beam-3b,Beam 3B,118.4079,12.03
2026-05-02 22:00:00,pier-cap-1,Pier Cap 1,94.6073,12.03
2026-05-02 22:00:00,pier-cap-2,Pier Cap 2,95.1109,12.03
2026-05-02 23:00:00,beam-1a,Beam 1A,120.5175,10.81
2026-05-02 23:00:00,beam-1b,Beam 1B,119.1102,10.81
2026-05-02 23:00:00,beam-2a,Beam 2A,121.4695,10.81
2026-05-02 23:00:00,beam-2b,Beam 2B,120.1504,10.81
2026-05-02 23:00:00,beam-3a,Beam 3A,117.1462,10.81
2026-05-02 23:00:00,beam-3b,Beam 3B,118.201,10.81
2026-05-02 23:00:00,pier-cap-1,Pier Cap 1,94.2117,10.81
2026-05-02 23:00:00,pier-cap-2,Pier Cap 2,95.5474,10.81
2026-05-03 00:00:00,beam-1a,Beam 1A,119.8578,8.79
2026-05-03 00:00:00,beam-1b,Beam 1B,119.2149,8.79
2026-05-03 00:00:00,beam-2a,Beam 2A,120.3279,8.79
2026-05-03 00:00:00,beam-2b,Beam 2B,119.5146,8.79
2026-05-03 00:00:00,beam-3a,Beam 3A,117.0408,8.79
2026-05-03 00:00:00,beam-3b,Beam 3B,117.6842,8.79
2026-05-03 00:00:00,pier-cap-1,Pier Cap 1,94.2666,8.79
2026-05-03 00:00:00,pier-cap-2,Pier Cap 2,94.8262,8.79
2026-05-03 01:00:00,beam-1a,Beam 1A,120.1876,8.54
2026-05-03 01:00:00,beam-1b,Beam 1B,118.6386,8.54
2026-05-03 01:00:00,beam-2a,Beam 2A,121.1866,8.54
2026-05-03 01:00:00,beam-2b,Beam 2B,120.4592,8.54
2026-05-03 01:00:00,beam-3a,Beam 3A,117.7837,8.54
2026-05-03 01:00:00,beam-3b,Beam 3B,118.7156,8.54
2026-05-03 01:00:00,pier-cap-1,Pier Cap 1,94.3237,8.54
2026-05-03 01:00:00,pier-cap-2,Pier Cap 2,95.0158,8.54
2026-05-03 02:00:00,beam-1a,Beam 1A,119.5338,7.76
2026-05-03 02:00:00,beam-1b,Beam 1B,119.3396,7.76
2026-05-03 02:00:00,beam-2a,Beam 2A,120.1229,7.76
2026-05-03 02:00:00,beam-2b,Beam 2B,119.6595,7.76
2026-05-03 02:00:00,beam-3a,Beam 3A,118.328,7.76
2026-05-03 02:00:00,beam-3b,Beam 3B,117.4799,7.76
2026-05-03 02:00:00,pier-cap-1,Pier Cap 1,93.8816,7.76
2026-05-03 02:00:00,pier-cap-2,Pier Cap 2,94.6322,7.76
2026-05-03 03:00:00,beam-1a,Beam 1A,120.4083,7.19
2026-05-03 03:00:00,beam-1b,Beam 1B,119.304,7.19
2026-05-03 03:00:00,beam-2a,Beam 2A,119.9466,7.19
2026-05-03 03:00:00,beam-2b,Beam 2B,119.6084,7.19
2026-05-03 03:00:00,beam-3a,Beam 3A,117.135,7.19
2026-05-03 03:00:00,beam-3b,Beam 3B,117.6732,7.19
2026-05-03 03:00:00,pier-cap-1,Pier Cap 1,94.2813,7.19
2026-05-03 03:00:00,pier-cap-2,Pier Cap 2,95.1125,7.19
2026-05-03 04:00:00,beam-1a,Beam 1A,119.5144,7.09
2026-05-03 04:00:00,beam-1b,Beam 1B,119.9521,7.09
2026-05-03 04:00:00,beam-2a,Beam 2A,119.4054,7.09
2026-05-03 04:00:00,beam-2b,Beam 2B,119.3239,7.09
2026-05-03 04:00:00,beam-3a,Beam 3A,117.5113,7.09
2026-05-03 04:00:00,beam-3b,Beam 3B,117.2281,7.09
2026-05-03 04:00:00,pier-cap-1,Pier Cap 1,94.5618,7.09
2026-05-03 04:00:00,pier-cap-2,Pier Cap 2,94.5357,7.09
2026-05-03 05:00:00,beam-1a,Beam 1A,119.8179,8.39
2026-05-03 05:00:00,beam-1b,Beam 1B,119.9829,8.39
2026-05-03 05:00:00,beam-2a,Beam 2A,120.6227,8.39
2026-05-03 05:00:00,beam-2b,Beam 2B,119.7722,8.39
2026-05-03 05:00:00,beam-3a,Beam 3A,117.29,8.39
2026-05-03 05:00:00,beam-3b,Beam 3B,117.9293,8.39
2026-05-03 05:00:00,pier-cap-1,Pier Cap 1,94.6615,8.39
2026-05-03 05:00:00,pier-cap-2,Pier Cap 2,95.3282,8.39
2026-05-03 06:00:00,beam-1a,Beam 1A,119.9933,9.26
2026-05-03 06:00:00,beam-1b,Beam 1B,119.8688,9.26
2026-05-03 06:00:00,beam-2a,Beam 2A,120.152,9.26
2026-05-03 06:00:00,beam-2b,Beam 2B,119.4668,9.26
2026-05-03 06:00:00,beam-3a,Beam 3A,117.7971,9.26
2026-05-03 06:00:00,beam-3b,Beam 3B,118.215,9.26
2026-05-03 06:00:00,pier-cap-1,Pier Cap 1,94.5017,9.26
2026-05-03 06:00:00,pier-cap-2,Pier Cap 2,94.7249,9.26
2026-05-03 07:00:00,beam-1a,Beam 1A,121.7487,11.02
2026-05-03 07:00:00,beam-1b,Beam 1B,120.8192,11.02
2026-05-03 07:00:00,beam-2a,Beam 2A,120.445,11.02
2026-05-03 07:00:00,beam-2b,Beam 2B,120.2359,11.02
2026-05-03 07:00:00,beam-3a,Beam 3A,118.6912,11.02
2026-05-03 07:00:00,beam-3b,Beam 3B,118.0378,11.02
2026-05-03 07:00:00,pier-cap-1,Pier Cap 1,94.2507,11.02
2026-05-03 07:00:00,pier-cap-2,Pier Cap 2,95.215,11.02
2026-05-03 08:00:00,beam-1a,Beam 1A,121.6937,12.62
2026-05-03 08:00:00,beam-1b,Beam 1B,120.5177,12.62
2026-05-03 08:00:00,beam-2a,Beam 2A,121.5371,12.62
2026-05-03 08:00:00,beam-2b,Beam 2B,120.2498,12.62
2026-05-03 08:00:00,beam-3a,Beam 3A,118.4514,12.62
2026-05-03 08:00:00,beam-3b,Beam 3B,118.5292,12.62
2026-05-03 08:00:00,pier-cap-1,Pier Cap 1,95.2582,12.62
2026-05-03 08:00:00,pier-cap-2,Pier Cap 2,95.9634,12.62
2026-05-03 09:00:00,beam-1a,Beam 1A,121.8691,15.07
2026-05-03 09:00:00,beam-1b,Beam 1B,121.2492,15.07
2026-05-03 09:00:00,beam-2a,Beam 2A,121.9766,15.07
2026-05-03 09:00:00,beam-2b,Beam 2B,121.0024,15.07
2026-05-03 09:00:00,beam-3a,Beam 3A,118.6424,15.07
2026-05-03 09:00:00,beam-3b,Beam 3B,118.6993,15.07
2026-05-03 09:00:00,pier-cap-1,Pier Cap 1,95.4539,15.07
2026-05-03 09:00:00,pier-cap-2,Pier Cap 2,95.9604,15.07
2026-05-03 10:00:00,beam-1a,Beam 1A,122.7149,16.14
2026-05-03 10:00:00,beam-1b,Beam 1B,121.9943,16.14
2026-05-03 10:00:00,beam-2a,Beam 2A,122.1812,16.14
2026-05-03 10:00:00,beam-2b,Beam 2B,120.3044,16.14
2026-05-03 10:00:00,beam-3a,Beam 3A,119.4308,16.14
2026-05-03 10:00:00,beam-3b,Beam 3B,118.8164,16.14
2026-05-03 10:00:00,pier-cap-1,Pier Cap 1,95.6986,16.14
2026-05-03 10:00:00,pier-cap-2,Pier Cap 2,96.7527,16.14
2026-05-03 11:00:00,beam-1a,Beam 1A,122.8312,17.52
2026-05-03 11:00:00,beam-1b,Beam 1B,121.4352,17.52
2026-05-03 11:00:00,beam-2a,Beam 2A,121.8584,17.52
2026-05-03 11:00:00,beam-2b,Beam 2B,121.1521,17.52
2026-05-03 11:00:00,beam-3a,Beam 3A,119.2124,17.52
2026-05-03 11:00:00,beam-3b,Beam 3B,119.841,17.52
2026-05-03 11:00:00,pier-cap-1,Pier Cap 1,96.3583,17.52
2026-05-03 11:00:00,pier-cap-2,Pier Cap 2,96.1967,17.52
2026-05-03 12:00:00,beam-1a,Beam 1A,123.6251,19.45
2026-05-03 12:00:00,beam-1b,Beam 1B,122.5239,19.45
2026-05-03 12:00:00,beam-2a,Beam 2A,122.3691,19.45
2026-05-03 12:00:00,beam-2b,Beam 2B,122.575,19.45
2026-05-03 12:00:00,beam-3a,Beam 3A,120.1019,19.45
2026-05-03 12:00:00,beam-3b,Beam 3B,119.6511,19.45
2026-05-03 12:00:00,pier-cap-1,Pier Cap 1,95.8197,19.45
2026-05-03 12:00:00,pier-cap-2,Pier Cap 2,96.6442,19.45
2026-05-03 13:00:00,beam-1a,Beam 1A,122.5423,20.58
2026-05-03 13:00:00,beam-1b,Beam 1B,122.327,20.58
2026-05-03 13:00:00,beam-2a,Beam 2A,122.5913,20.58
2026-05-03 13:00:00,beam-2b,Beam 2B,122.5474,20.58
2026-05-03 13:00:00,beam-3a,Beam 3A,119.8522,20.58
2026-05-03 13:00:00,beam-3b,Beam 3B,119.2147,20.58
2026-05-03 13:00:00,pier-cap-1,Pier Cap 1,95.374,20.58
2026-05-03 13:00:00,pier-cap-2,Pier Cap 2,97.308,20.58
2026-05-03 14:00:00,beam-1a,Beam 1A,123.1012,21.73
2026-05-03 14:00:00,beam-1b,Beam 1B,122.8295,21.73
2026-05-03 14:00:00,beam-2a,Beam 2A,123.1592,21.73
2026-05-03 14:00:00,beam-2b,Beam 2B,122.9738,21.73
2026-05-03 14:00:00,beam-3a,Beam 3A,120.8055,21.73
2026-05-03 14:00:00,beam-3b,Beam 3B,120.8968,21.73
2026-05-03 14:00:00,pier-cap-1,Pier Cap 1,96.0936,21.73
2026-05-03 14:00:00,pier-cap-2,Pier Cap 2,96.4555,21.73
2026-05-03 15:00:00,beam-1a,Beam 1A,122.905,21.76
2026-05-03 15:00:00,beam-1b,Beam 1B,122.2897,21.76
2026-05-03 15:00:00,beam-2a,Beam 2A,123.4734,21.76
2026-05-03 15:00:00,beam-2b,Beam 2B,123.0071,21.76
2026-05-03 15:00:00,beam-3a,Beam 3A,120.2589,21.76
2026-05-03 15:00:00,beam-3b,Beam 3B,120.0037,21.76
2026-05-03 15:00:00,pier-cap-1,Pier Cap 1,96.5598,21.76
2026-05-03 15:00:00,pier-cap-2,Pier Cap 2,96.4227,21.76
2026-05-03 16:00:00,beam-1a,Beam 1A,122.1234,21.33
2026-05-03 16:00:00,beam-1b,Beam 1B,122.5626,21.33
2026-05-03 16:00:00,beam-2a,Beam 2A,122.9133,21.33
2026-05-03 16:00:00,beam-2b,Beam 2B,122.6352,21.33
2026-05-03 16:00:00,beam-3a,Beam 3A,120.0773,21.33
2026-05-03 16:00:00,beam-3b,Beam 3B,120.1165,21.33
2026-05-03 16:00:00,pier-cap-1,Pier Cap 1,96.3576,21.33
2026-05-03 16:00:00,pier-cap-2,Pier Cap 2,96.6109,21.33
2026-05-03 17:00:00,beam-1a,Beam 1A,122.9681,21.07
2026-05-03 17:00:00,beam-1b,Beam 1B,122.2038,21.07
2026-05-03 17:00:00,beam-2a,Beam 2A,123.5046,21.07
2026-05-03 17:00:00,beam-2b,Beam 2B,122.1335,21.07
2026-05-03 17:00:00,beam-3a,Beam 3A,119.9232,21.07
2026-05-03 17:00:00,beam-3b,Beam 3B,120.7283,21.07
2026-05-03 17:00:00,pier-cap-1,Pier Cap 1,95.9463,21.07
2026-05-03 17:00:00,pier-cap-2,Pier Cap 2,97.055,21.07
2026-05-03 18:00:00,beam-1a,Beam 1A,121.9412,18.9
2026-05-03 18:00:00,beam-1b,Beam 1B,122.126,18.9
2026-05-03 18:00:00,beam-2a,Beam 2A,122.6389,18.9
2026-05-03 18:00:00,beam-2b,Beam 2B,121.4651,18.9
2026-05-03 18:00:00,beam-3a,Beam 3A,119.4466,18.9
2026-05-03 18:00:00,beam-3b,Beam 3B,119.6914,18.9
2026-05-03 18:00:00,pier-cap-1,Pier Cap 1,95.5591,18.9
2026-05-03 18:00:00,pier-cap-2,Pier Cap 2,96.0021,18.9
2026-05-03 19:00:00,beam-1a,Beam 1A,121.8591,17.67
2026-05-03 19:00:00,beam-1b,Beam 1B,121.2026,17.67
2026-05-03 19:00:00,beam-2a,Beam 2A,121.9401,17.67
2026-05-03 19:00:00,beam-2b,Beam 2B,122.0927,17.67
2026-05-03 19:00:00,beam-3a,Beam 3A,119.5494,17.67
2026-05-03 19:00:00,beam-3b,Beam 3B,119.4501,17.67
2026-05-03 19:00:00,pier-cap-1,Pier Cap 1,95.6941,17.67
2026-05-03 19:00:00,pier-cap-2,Pier Cap 2,96.4796,17.67
2026-05-03 20:00:00,beam-1a,Beam 1A,121.934,15.87
2026-05-03 20:00:00,beam-1b,Beam 1B,120.439,15.87
2026-05-03 20:00:00,beam-2a,Beam 2A,122.0049,15.87
2026-05-03 20:00:00,beam-2b,Beam 2B,121.2992,15.87
2026-05-03 20:00:00,beam-3a,Beam 3A,119.0542,15.87
2026-05-03 20:00:00,beam-3b,Beam 3B,118.7349,15.87
2026-05-03 20:00:00,pier-cap-1,Pier Cap 1,95.1562,15.87
2026-05-03 20:00:00,pier-cap-2,Pier Cap 2,96.1881,15.87
2026-05-03 21:00:00,beam-1a,Beam 1A,120.5499,14.27
2026-05-03 21:00:00,beam-1b,Beam 1B,120.1872,14.27
2026-05-03 21:00:00,beam-2a,Beam 2A,122.0364,14.27
2026-05-03 21:00:00,beam-2b,Beam 2B,121.9516,14.27
2026-05-03 21:00:00,beam-3a,Beam 3A,119.0834,14.27
2026-05-03 21:00:00,beam-3b,Beam 3B,118.2891,14.27
2026-05-03 21:00:00,pier-cap-1,Pier Cap 1,95.4467,14.27
2026-05-03 21:00:00,pier-cap-2,Pier Cap 2,96.3948,14.27
2026-05-03 22:00:00,beam-1a,Beam 1A,120.0282,12.06
2026-05-03 22:00:00,beam-1b,Beam 1B,119.3051,12.06
2026-05-03 22:00:00,beam-2a,Beam 2A,121.712,12.06
2026-05-03 22:00:00,beam-2b,Beam 2B,120.3667,12.06
2026-05-03 22:00:00,beam-3a,Beam 3A,118.0983,12.06
2026-05-03 22:00:00,beam-3b,Beam 3B,118.3838,12.06
2026-05-03 22:00:00,pier-cap-1,Pier Cap 1,94.8361,12.06
2026-05-03 22:00:00,pier-cap-2,Pier Cap 2,95.7732,12.06
2026-05-03 23:00:00,beam-1a,Beam 1A,119.9921,11.18
2026-05-03 23:00:00,beam-1b,Beam 1B,119.6927,11.18
2026-05-03 23:00:00,beam-2a,Beam 2A,121.2108,11.18
2026-05-03 23:00:00,beam-2b,Beam 2B,121.1252,11.18
2026-05-03 23:00:00,beam-3a,Beam 3A,117.4785,11.18
2026-05-03 23:00:00,beam-3b,Beam 3B,118.4012,11.18
2026-05-03 23:00:00,pier-cap-1,Pier Cap 1,94.6389,11.18
2026-05-03 23:00:00,pier-cap-2,Pier Cap 2,95.4362,11.18
2026-05-04 00:00:00,beam-1a,Beam 1A,120.0263,9.95
2026-05-04 00:00:00,beam-1b,Beam 1B,119.4872,9.95
2026-05-04 00:00:00,beam-2a,Beam 2A,120.5006,9.95
2026-05-04 00:00:00,beam-2b,Beam 2B,120.0276,9.95
2026-05-04 00:00:00,beam-3a,Beam 3A,117.343,9.95
2026-05-04 00:00:00,beam-3b,Beam 3B,118.1477,9.95
2026-05-04 00:00:00,pier-cap-1,Pier Cap 1,94.4153,9.95
2026-05-04 00:00:00,pier-cap-2,Pier Cap 2,95.5505,9.95
2026-05-04 01:00:00,beam-1a,Beam 1A,119.1943,8.34
2026-05-04 01:00:00,beam-1b,Beam 1B,119.8569,8.34
2026-05-04 01:00:00,beam-2a,Beam 2A,120.0813,8.34
2026-05-04 01:00:00,beam-2b,Beam 2B,120.3024,8.34
2026-05-04 01:00:00,beam-3a,Beam 3A,117.183,8.34
2026-05-04 01:00:00,beam-3b,Beam 3B,117.5661,8.34
2026-05-04 01:00:00,pier-cap-1,Pier Cap 1,94.4799,8.34
2026-05-04 01:00:00,pier-cap-2,Pier Cap 2,95.0626,8.34
2026-05-04 02:00:00,beam-1a,Beam 1A,119.1513,7.82
2026-05-04 02:00:00,beam-1b,Beam 1B,118.7545,7.82
2026-05-04 02:00:00,beam-2a,Beam 2A,120.2949,7.82
2026-05-04 02:00:00,beam-2b,Beam 2B,120.3432,7.82
2026-05-04 02:00:00,beam-3a,Beam 3A,117.907,7.82
2026-05-04 02:00:00,beam-3b,Beam 3B,117.6434,7.82
2026-05-04 02:00:00,pier-cap-1,Pier Cap 1,94.3362,7.82
2026-05-04 02:00:00,pier-cap-2,Pier Cap 2,94.6854,7.82
2026-05-04 03:00:00,beam-1a,Beam 1A,119.9267,8.12
2026-05-04 03:00:00,beam-1b,Beam 1B,119.0629,8.12
2026-05-04 03:00:00,beam-2a,Beam 2A,120.7927,8.12
2026-05-04 03:00:00,beam-2b,Beam 2B,119.314,8.12
2026-05-04 03:00:00,beam-3a,Beam 3A,117.1827,8.12
2026-05-04 03:00:00,beam-3b,Beam 3B,117.049,8.12
2026-05-04 03:00:00,pier-cap-1,Pier Cap 1,94.4279,8.12
2026-05-04 03:00:00,pier-cap-2,Pier Cap 2,94.524,8.12
2026-05-04 04:00:00,beam-1a,Beam 1A,119.8679,8.56
2026-05-04 04:00:00,beam-1b,Beam 1B,119.1338,8.56
2026-05-04 04:00:00,beam-2a,Beam 2A,120.3863,8.56
2026-05-04 04:00:00,beam-2b,Beam 2B,119.6188,8.56
2026-05-04 04:00:00,beam-3a,Beam 3A,117.6144,8.56
2026-05-04 04:00:00,beam-3b,Beam 3B,117.9382,8.56
2026-05-04 04:00:00,pier-cap-1,Pier Cap 1,94.4886,8.56
2026-05-04 04:00:00,pier-cap-2,Pier Cap 2,94.7638,8.56
2026-05-04 05:00:00,beam-1a,Beam 1A,119.399,9.73
2026-05-04 05:00:00,beam-1b,Beam 1B,119.7889,9.73
2026-05-04 05:00:00,beam-2a,Beam 2A,120.6272,9.73
2026-05-04 05:00:00,beam-2b,Beam 2B,119.6322,9.73
2026-05-04 05:00:00,beam-3a,Beam 3A,117.7789,9.73
2026-05-04 05:00:00,beam-3b,Beam 3B,118.0546,9.73
2026-05-04 05:00:00,pier-cap-1,Pier Cap 1,94.5874,9.73
2026-05-04 05:00:00,pier-cap-2,Pier Cap 2,95.097,9.73
2026-05-04 06:00:00,beam-1a,Beam 1A,120.148,11.21
2026-05-04 06:00:00,beam-1b,Beam 1B,120.3105,11.21
2026-05-04 06:00:00,beam-2a,Beam 2A,120.7618,11.21
2026-05-04 06:00:00,beam-2b,Beam 2B,119.8492,11.21
2026-05-04 06:00:00,beam-3a,Beam 3A,118.154,11.21
2026-05-04 06:00:00,beam-3b,Beam 3B,118.9699,11.21
2026-05-04 06:00:00,pier-cap-1,Pier Cap 1,94.521,11.21
2026-05-04 06:00:00,pier-cap-2,Pier Cap 2,95.3834,11.21
2026-05-04 07:00:00,beam-1a,Beam 1A,121.349,11.66
2026-05-04 07:00:00,beam-1b,Beam 1B,120.4049,11.66
2026-05-04 07:00:00,beam-2a,Beam 2A,120.7,11.66
2026-05-04 07:00:00,beam-2b,Beam 2B,120.698,11.66
2026-05-04 07:00:00,beam-3a,Beam 3A,118.5809,11.66
2026-05-04 07:00:00,beam-3b,Beam 3B,118.3673,11.66
2026-05-04 07:00:00,pier-cap-1,Pier Cap 1,94.6793,11.66
2026-05-04 07:00:00,pier-cap-2,Pier Cap 2,94.7578,11.66
2026-05-04 08:00:00,beam-1a,Beam 1A,121.3313,12.78
2026-05-04 08:00:00,beam-1b,Beam 1B,121.1708,12.78
2026-05-04 08:00:00,beam-2a,Beam 2A,120.9917,12.78
2026-05-04 08:00:00,beam-2b,Beam 2B,120.5779,12.78
2026-05-04 08:00:00,beam-3a,Beam 3A,118.6987,12.78
2026-05-04 08:00:00,beam-3b,Beam 3B,118.2488,12.78
2026-05-04 08:00:00,pier-cap-1,Pier Cap 1,94.949,12.78
2026-05-04 08:00:00,pier-cap-2,Pier Cap 2,95.5015,12.78
2026-05-04 09:00:00,beam-1a,Beam 1A,121.2801,14.14
2026-05-04 09:00:00,beam-1b,Beam 1B,120.9309,14.14
2026-05-04 09:00:00,beam-2a,Beam 2A,121.3817,14.14
2026-05-04 09:00:00,beam-2b,Beam 2B,120.9484,14.14
2026-05-04 09:00:00,beam-3a,Beam 3A,117.789,14.14
2026-05-04 09:00:00,beam-3b,Beam 3B,118.8184,14.14
2026-05-04 09:00:00,pier-cap-1,Pier Cap 1,95.8902,14.14
2026-05-04 09:00:00,pier-cap-2,Pier Cap 2,95.7792,14.14
2026-05-04 10:00:00,beam-1a,Beam 1A,122.074,16.91
2026-05-04 10:00:00,beam-1b,Beam 1B,122.0788,16.91
2026-05-04 10:00:00,beam-2a,Beam 2A,122.5691,16.91
2026-05-04 10:00:00,beam-2b,Beam 2B,121.7043,16.91
2026-05-04 10:00:00,beam-3a,Beam 3A,118.9865,16.91
2026-05-04 10:00:00,beam-3b,Beam 3B,119.248,16.91
2026-05-04 10:00:00,pier-cap-1,Pier Cap 1,95.2817,16.91
2026-05-04 10:00:00,pier-cap-2,Pier Cap 2,96.3506,16.91
2026-05-04 11:00:00,beam-1a,Beam 1A,122.3791,18.17
2026-05-04 11:00:00,beam-1b,Beam 1B,122.163,18.17
2026-05-04 11:00:00,beam-2a,Beam 2A,122.0371,18.17
2026-05-04 11:00:00,beam-2b,Beam 2B,120.9901,18.17
2026-05-04 11:00:00,beam-3a,Beam 3A,119.4881,18.17
2026-05-04 11:00:00,beam-3b,Beam 3B,119.7535,18.17
2026-05-04 11:00:00,pier-cap-1,Pier Cap 1,95.7491,18.17
2026-05-04 11:00:00,pier-cap-2,Pier Cap 2,96.8628,18.17
2026-05-04 12:00:00,beam-1a,Beam 1A,122.8746,19.77
2026-05-04 12:00:00,beam-1b,Beam 1B,122.2129,19.77
2026-05-04 12:00:00,beam-2a,Beam 2A,122.4758,19.77
2026-05-04 12:00:00,beam-2b,Beam 2B,122.5695,19.77
2026-05-04 12:00:00,beam-3a,Beam 3A,120.3861,19.77
2026-05-04 12:00:00,beam-3b,Beam 3B,119.9164,19.77
2026-05-04 12:00:00,pier-cap-1,Pier Cap 1,96.1456,19.77
2026-05-04 12:00:00,pier-cap-2,Pier Cap 2,96.6718,19.77
2026-05-04 13:00:00,beam-1a,Beam 1A,122.2985,20.81
2026-05-04 13:00:00,beam-1b,Beam 1B,122.2636,20.81
2026-05-04 13:00:00,beam-2a,Beam 2A,122.3154,20.81
2026-05-04 13:00:00,beam-2b,Beam 2B,122.1219,20.81
2026-05-04 13:00:00,beam-3a,Beam 3A,120.7667,20.81
2026-05-04 13:00:00,beam-3b,Beam 3B,119.6625,20.81
2026-05-04 13:00:00,pier-cap-1,Pier Cap 1,96.1801,20.81
2026-05-04 13:00:00,pier-cap-2,Pier Cap 2,96.4983,20.81
2026-05-04 14:00:00,beam-1a,Beam 1A,122.5257,21.7
2026-05-04 14:00:00,beam-1b,Beam 1B,123.2694,21.7
2026-05-04 14:00:00,beam-2a,Beam 2A,123.1257,21.7
2026-05-04 14:00:00,beam-2b,Beam 2B,122.652,21.7
2026-05-04 14:00:00,beam-3a,Beam 3A,119.8697,21.7
2026-05-04 14:00:00,beam-3b,Beam 3B,119.6996,21.7
2026-05-04 14:00:00,pier-cap-1,Pier Cap 1,96.7265,21.7
2026-05-04 14:00:00,pier-cap-2,Pier Cap 2,96.3589,21.7
2026-05-04 15:00:00,beam-1a,Beam 1A,122.9021,22.42
2026-05-04 15:00:00,beam-1b,Beam 1B,122.1206,22.42
2026-05-04 15:00:00,beam-2a,Beam 2A,123.53,22.42
2026-05-04 15:00:00,beam-2b,Beam 2B,122.8316,22.42
2026-05-04 15:00:00,beam-3a,Beam 3A,120.1955,22.42
2026-05-04 15:00:00,beam-3b,Beam 3B,120.5012,22.42
2026-05-04 15:00:00,pier-cap-1,Pier Cap 1,96.4199,22.42
2026-05-04 15:00:00,pier-cap-2,Pier Cap 2,97.2186,22.42
2026-05-04 16:00:00,beam-1a,Beam 1A,122.4692,21.81
2026-05-04 16:00:00,beam-1b,Beam 1B,122.2084,21.81
2026-05-04 16:00:00,beam-2a,Beam 2A,123.5127,21.81
2026-05-04 16:00:00,beam-2b,Beam 2B,123.0112,21.81
2026-05-04 16:00:00,beam-3a,Beam 3A,119.4886,21.81
2026-05-04 16:00:00,beam-3b,Beam 3B,120.7789,21.81
2026-05-04 16:00:00,pier-cap-1,Pier Cap 1,96.3518,21.81
2026-05-04 16:00:00,pier-cap-2,Pier Cap 2,96.6615,21.81
2026-05-04 17:00:00,beam-1a,Beam 1A,122.3393,20.99
2026-05-04 17:00:00,beam-1b,Beam 1B,121.4766,20.99
2026-05-04 17:00:00,beam-2a,Beam 2A,122.7791,20.99
2026-05-04 17:00:00,beam-2b,Beam 2B,122.2559,20.99
2026-05-04 17:00:00,beam-3a,Beam 3A,120.4127,20.99
2026-05-04 17:00:00,beam-3b,Beam 3B,120.1657,20.99
2026-05-04 17:00:00,pier-cap-1,Pier Cap 1,96.5427,20.99
2026-05-04 17:00:00,pier-cap-2,Pier Cap 2,97.0584,20.99
2026-05-04 18:00:00,beam-1a,Beam 1A,121.2438,19.53
2026-05-04 18:00:00,beam-1b,Beam 1B,121.8991,19.53
2026-05-04 18:00:00,beam-2a,Beam 2A,122.6349,19.53
2026-05-04 18:00:00,beam-2b,Beam 2B,121.1557,19.53
2026-05-04 18:00:00,beam-3a,Beam 3A,120.1269,19.53
2026-05-04 18:00:00,beam-3b,Beam 3B,120.1445,19.53
2026-05-04 18:00:00,pier-cap-1,Pier Cap 1,96.6221,19.53
2026-05-04 18:00:00,pier-cap-2,Pier Cap 2,96.9981,19.53
2026-05-04 19:00:00,beam-1a,Beam 1A,121.2818,17.82
2026-05-04 19:00:00,beam-1b,Beam 1B,121.0672,17.82
2026-05-04 19:00:00,beam-2a,Beam 2A,122.0027,17.82
2026-05-04 19:00:00,beam-2b,Beam 2B,121.6869,17.82
2026-05-04 19:00:00,beam-3a,Beam 3A,119.7416,17.82
2026-05-04 19:00:00,beam-3b,Beam 3B,119.8904,17.82
2026-05-04 19:00:00,pier-cap-1,Pier Cap 1,96.2453,17.82
2026-05-04 19:00:00,pier-cap-2,Pier Cap 2,95.8598,17.82
2026-05-04 20:00:00,beam-1a,Beam 1A,121.1469,16.61
2026-05-04 20:00:00,beam-1b,Beam 1B,120.1275,16.61
2026-05-04 20:00:00,beam-2a,Beam 2A,122.0327,16.61
2026-05-04 20:00:00,beam-2b,Beam 2B,121.5018,16.61
2026-05-04 20:00:00,beam-3a,Beam 3A,119.4483,16.61
2026-05-04 20:00:00,beam-3b,Beam 3B,119.3988,16.61
2026-05-04 20:00:00,pier-cap-1,Pier Cap 1,95.6001,16.61
2026-05-04 20:00:00,pier-cap-2,Pier Cap 2,96.3073,16.61
2026-05-04 21:00:00,beam-1a,Beam 1A,120.4942,14.97
2026-05-04 21:00:00,beam-1b,Beam 1B,120.1032,14.97
2026-05-04 21:00:00,beam-2a,Beam 2A,121.6193,14.97
2026-05-04 21:00:00,beam-2b,Beam 2B,120.68,14.97
2026-05-04 21:00:00,beam-3a,Beam 3A,119.3935,14.97
2026-05-04 21:00:00,beam-3b,Beam 3B,118.709,14.97
2026-05-04 21:00:00,pier-cap-1,Pier Cap 1,95.3805,14.97
2026-05-04 21:00:00,pier-cap-2,Pier Cap 2,96.2831,14.97
2026-05-04 22:00:00,beam-1a,Beam 1A,120.0641,13.89
2026-05-04 22:00:00,beam-1b,Beam 1B,119.7056,13.89
2026-05-04 22:00:00,beam-2a,Beam 2A,121.3004,13.89
2026-05-04 22:00:00,beam-2b,Beam 2B,120.9361,13.89
2026-05-04 22:00:00,beam-3a,Beam 3A,118.9591,13.89
2026-05-04 22:00:00,beam-3b,Beam 3B,118.8566,13.89
2026-05-04 22:00:00,pier-cap-1,Pier Cap 1,95.2469,13.89
2026-05-04 22:00:00,pier-cap-2,Pier Cap 2,96.0386,13.89
2026-05-04 23:00:00,beam-1a,Beam 1A,119.4873,11.54
2026-05-04 23:00:00,beam-1b,Beam 1B,118.9401,11.54
2026-05-04 23:00:00,beam-2a,Beam 2A,120.8636,11.54
2026-05-04 23:00:00,beam-2b,Beam 2B,120.2641,11.54
2026-05-04 23:00:00,beam-3a,Beam 3A,118.4961,11.54
2026-05-04 23:00:00,beam-3b,Beam 3B,118.7655,11.54
2026-05-04 23:00:00,pier-cap-1,Pier Cap 1,94.9255,11.54
2026-05-04 23:00:00,pier-cap-2,Pier Cap 2,94.7524,11.54
2026-05-05 00:00:00,beam-1a,Beam 1A,118.8189,9.26
2026-05-05 00:00:00,beam-1b,Beam 1B,118.9765,9.26
2026-05-05 00:00:00,beam-2a,Beam 2A,120.5334,9.26
2026-05-05 00:00:00,beam-2b,Beam 2B,119.4155,9.26
2026-05-05 00:00:00,beam-3a,Beam 3A,117.9898,9.26
2026-05-05 00:00:00,beam-3b,Beam 3B,118.0954,9.26
2026-05-05 00:00:00,pier-cap-1,Pier Cap 1,94.2852,9.26
2026-05-05 00:00:00,pier-cap-2,Pier Cap 2,94.7834,9.26
2026-05-05 01:00:00,beam-1a,Beam 1A,118.7741,7.56
2026-05-05 01:00:00,beam-1b,Beam 1B,118.5355,7.56
2026-05-05 01:00:00,beam-2a,Beam 2A,119.8939,7.56
2026-05-05 01:00:00,beam-2b,Beam 2B,119.8801,7.56
2026-05-05 01:00:00,beam-3a,Beam 3A,117.5569,7.56
2026-05-05 01:00:00,beam-3b,Beam 3B,117.8479,7.56
2026-05-05 01:00:00,pier-cap-1,Pier Cap 1,94.5646,7.56
2026-05-05 01:00:00,pier-cap-2,Pier Cap 2,94.3996,7.56
2026-05-05 02:00:00,beam-1a,Beam 1A,119.1253,6.58
2026-05-05 02:00:00,beam-1b,Beam 1B,118.3599,6.58
2026-05-05 02:00:00,beam-2a,Beam 2A,119.7198,6.58
2026-05-05 02:00:00,beam-2b,Beam 2B,119.1913,6.58
2026-05-05 02:00:00,beam-3a,Beam 3A,117.7643,6.58
2026-05-05 02:00:00,beam-3b,Beam 3B,117.2391,6.58
2026-05-05 02:00:00,pier-cap-1,Pier Cap 1,94.1996,6.58
2026-05-05 02:00:00,pier-cap-2,Pier Cap 2,94.7947,6.58
2026-05-05 03:00:00,beam-1a,Beam 1A,118.7395,6.43
2026-05-05 03:00:00,beam-1b,Beam 1B,118.3665,6.43
2026-05-05 03:00:00,beam-2a,Beam 2A,120.4697,6.43
2026-05-05 03:00:00,beam-2b,Beam 2B,119.2242,6.43
2026-05-05 03:00:00,beam-3a,Beam 3A,117.5817,6.43
2026-05-05 03:00:00,beam-3b,Beam 3B,117.3016,6.43
2026-05-05 03:00:00,pier-cap-1,Pier Cap 1,94.1016,6.43
2026-05-05 03:00:00,pier-cap-2,Pier Cap 2,94.739,6.43
2026-05-05 04:00:00,beam-1a,Beam 1A,118.688,6.77
2026-05-05 04:00:00,beam-1b,Beam 1B,118.7503,6.77
2026-05-05 04:00:00,beam-2a,Beam 2A,120.9378,6.77
2026-05-05 04:00:00,beam-2b,Beam 2B,119.2686,6.77
2026-05-05 04:00:00,beam-3a,Beam 3A,117.121,6.77
2026-05-05 04:00:00,beam-3b,Beam 3B,117.3944,6.77
2026-05-05 04:00:00,pier-cap-1,Pier Cap 1,93.7839,6.77
2026-05-05 04:00:00,pier-cap-2,Pier Cap 2,93.8558,6.77
2026-05-05 05:00:00,beam-1a,Beam 1A,119.2841,8.61
2026-05-05 05:00:00,beam-1b,Beam 1B,119.1367,8.61
2026-05-05 05:00:00,beam-2a,Beam 2A,119.74,8.61
2026-05-05 05:00:00,beam-2b,Beam 2B,120.316,8.61
2026-05-05 05:00:00,beam-3a,Beam 3A,117.4154,8.61
2026-05-05 05:00:00,beam-3b,Beam 3B,117.7677,8.61
2026-05-05 05:00:00,pier-cap-1,Pier Cap 1,94.46,8.61
2026-05-05 05:00:00,pier-cap-2,Pier Cap 2,94.8511,8.61
2026-05-05 06:00:00,beam-1a,Beam 1A,119.672,8.54
2026-05-05 06:00:00,beam-1b,Beam 1B,119.2224,8.54
2026-05-05 06:00:00,beam-2a,Beam 2A,119.7045,8.54
2026-05-05 06:00:00,beam-2b,Beam 2B,119.7919,8.54
2026-05-05 06:00:00,beam-3a,Beam 3A,118.097,8.54
2026-05-05 06:00:00,beam-3b,Beam 3B,118.1816,8.54
2026-05-05 06:00:00,pier-cap-1,Pier Cap 1,93.8632,8.54
2026-05-05 06:00:00,pier-cap-2,Pier Cap 2,95.1714,8.54
2026-05-05 07:00:00,beam-1a,Beam 1A,120.0394,10.66
2026-05-05 07:00:00,beam-1b,Beam 1B,119.5458,10.66
2026-05-05 07:00:00,beam-2a,Beam 2A,120.2481,10.66
2026-05-05 07:00:00,beam-2b,Beam 2B,120.2626,10.66
2026-05-05 07:00:00,beam-3a,Beam 3A,118.8602,10.66
2026-05-05 07:00:00,beam-3b,Beam 3B,117.3529,10.66
2026-05-05 07:00:00,pier-cap-1,Pier Cap 1,94.5738,10.66
2026-05-05 07:00:00,pier-cap-2,Pier Cap 2,95.2926,10.66
2026-05-05 08:00:00,beam-1a,Beam 1A,120.6744,11.65
2026-05-05 08:00:00,beam-1b,Beam 1B,120.6974,11.65
2026-05-05 08:00:00,beam-2a,Beam 2A,120.788,11.65
2026-05-05 08:00:00,beam-2b,Beam 2B,120.2531,11.65
2026-05-05 08:00:00,beam-3a,Beam 3A,118.2055,11.65
2026-05-05 08:00:00,beam-3b,Beam 3B,118.3736,11.65
2026-05-05 08:00:00,pier-cap-1,Pier Cap 1,94.7281,11.65
2026-05-05 08:00:00,pier-cap-2,Pier Cap 2,95.4409,11.65
2026-05-05 09:00:00,beam-1a,Beam 1A,121.2693,14.19
2026-05-05 09:00:00,beam-1b,Beam 1B,120.3186,14.19
2026-05-05 09:00:00,beam-2a,Beam 2A,121.6968,14.19
2026-05-05 09:00:00,beam-2b,Beam 2B,121.1236,14.19
2026-05-05 09:00:00,beam-3a,Beam 3A,118.6856,14.19
2026-05-05 09:00:00,beam-3b,Beam 3B,118.8187,14.19
2026-05-05 09:00:00,pier-cap-1,Pier Cap 1,95.3649,14.19
2026-05-05 09:00:00,pier-cap-2,Pier Cap 2,95.6693,14.19
2026-05-05 10:00:00,beam-1a,Beam 1A,121.7638,15.79
2026-05-05 10:00:00,beam-1b,Beam 1B,121.2023,15.79
2026-05-05 10:00:00,beam-2a,Beam 2A,121.8936,15.79
2026-05-05 10:00:00,beam-2b,Beam 2B,121.7968,15.79
2026-05-05 10:00:00,beam-3a,Beam 3A,119.0287,15.79
2026-05-05 10:00:00,beam-3b,Beam 3B,118.6692,15.79
2026-05-05 10:00:00,pier-cap-1,Pier Cap 1,96.0818,15.79
2026-05-05 10:00:00,pier-cap-2,Pier Cap 2,95.7001,15.79
2026-05-05 11:00:00,beam-1a,Beam 1A,122.2495,17.26
2026-05-05 11:00:00,beam-1b,Beam 1B,121.2391,17.26
2026-05-05 11:00:00,beam-2a,Beam 2A,122.0202,17.26
2026-05-05 11:00:00,beam-2b,Beam 2B,121.8105,17.26
2026-05-05 11:00:00,beam-3a,Beam 3A,119.3567,17.26
2026-05-05 11:00:00,beam-3b,Beam 3B,119.6639,17.26
2026-05-05 11:00:00,pier-cap-1,Pier Cap 1,95.9101,17.26
2026-05-05 11:00:00,pier-cap-2,Pier Cap 2,96.2334,17.26
2026-05-05 12:00:00,beam-1a,Beam 1A,122.3696,18.75
2026-05-05 12:00:00,beam-1b,Beam 1B,122.2369,18.75
2026-05-05 12:00:00,beam-2a,Beam 2A,122.4622,18.75
2026-05-05 12:00:00,beam-2b,Beam 2B,122.1254,18.75
2026-05-05 12:00:00,beam-3a,Beam 3A,119.4653,18.75
2026-05-05 12:00:00,beam-3b,Beam 3B,119.4595,18.75
2026-05-05 12:00:00,pier-cap-1,Pier Cap 1,96.3975,18.75
2026-05-05 12:00:00,pier-cap-2,Pier Cap 2,96.4786,18.75
2026-05-05 13:00:00,beam-1a,Beam 1A,121.7922,19.62
2026-05-05 13:00:00,beam-1b,Beam 1B,121.403,19.62
2026-05-05 13:00:00,beam-2a,Beam 2A,122.1471,19.62
2026-05-05 13:00:00,beam-2b,Beam 2B,122.2665,19.62
2026-05-05 13:00:00,beam-3a,Beam 3A,120.6504,19.62
2026-05-05 13:00:00,beam-3b,Beam 3B,119.7528,19.62
2026-05-05 13:00:00,pier-cap-1,Pier Cap 1,96.2866,19.62
2026-05-05 13:00:00,pier-cap-2,Pier Cap 2,96.7776,19.62
2026-05-05 14:00:00,beam-1a,Beam 1A,121.9093,20.76
2026-05-05 14:00:00,beam-1b,Beam 1B,121.5682,20.76
2026-05-05 14:00:00,beam-2a,Beam 2A,122.5543,20.76
2026-05-05 14:00:00,beam-2b,Beam 2B,121.6998,20.76
2026-05-05 14:00:00,beam-3a,Beam 3A,120.3571,20.76
2026-05-05 14:00:00,beam-3b,Beam 3B,120.7414,20.76
2026-05-05 14:00:00,pier-cap-1,Pier Cap 1,96.6014,20.76
2026-05-05 14:00:00,pier-cap-2,Pier Cap 2,96.9729,20.76
2026-05-05 15:00:00,beam-1a,Beam 1A,122.041,20.64
2026-05-05 15:00:00,beam-1b,Beam 1B,121.3281,20.64
2026-05-05 15:00:00,beam-2a,Beam 2A,122.6195,20.64
2026-05-05 15:00:00,beam-2b,Beam 2B,121.8771,20.64
2026-05-05 15:00:00,beam-3a,Beam 3A,120.1959,20.64
2026-05-05 15:00:00,beam-3b,Beam 3B,120.4246,20.64
2026-05-05 15:00:00,pier-cap-1,Pier Cap 1,96.8028,20.64
2026-05-05 15:00:00,pier-cap-2,Pier Cap 2,96.7714,20.64
2026-05-05 16:00:00,beam-1a,Beam 1A,121.6284,20.09
2026-05-05 16:00:00,beam-1b,Beam 1B,121.4995,20.09
2026-05-05 16:00:00,beam-2a,Beam 2A,121.8845,20.09
2026-05-05 16:00:00,beam-2b,Beam 2B,122.0362,20.09
2026-05-05 16:00:00,beam-3a,Beam 3A,120.3445,20.09
2026-05-05 16:00:00,beam-3b,Beam 3B,120.1683,20.09
2026-05-05 16:00:00,pier-cap-1,Pier Cap 1,95.9441,20.09
2026-05-05 16:00:00,pier-cap-2,Pier Cap 2,96.9921,20.09
2026-05-05 17:00:00,beam-1a,Beam 1A,121.0785,19.37
2026-05-05 17:00:00,beam-1b,Beam 1B,120.5963,19.37
2026-05-05 17:00:00,beam-2a,Beam 2A,121.9096,19.37
2026-05-05 17:00:00,beam-2b,Beam 2B,121.6838,19.37
2026-05-05 17:00:00,beam-3a,Beam 3A,119.4357,19.37
2026-05-05 17:00:00,beam-3b,Beam 3B,119.9637,19.37
2026-05-05 17:00:00,pier-cap-1,Pier Cap 1,95.8165,19.37
2026-05-05 17:00:00,pier-cap-2,Pier Cap 2,96.4431,19.37
2026-05-05 18:00:00,beam-1a,Beam 1A,121.085,18.84
2026-05-05 18:00:00,beam-1b,Beam 1B,120.6721,18.84
2026-05-05 18:00:00,beam-2a,Beam 2A,121.8191,18.84
2026-05-05 18:00:00,beam-2b,Beam 2B,121.4419,18.84
2026-05-05 18:00:00,beam-3a,Beam 3A,119.6409,18.84
2026-05-05 18:00:00,beam-3b,Beam 3B,119.6717,18.84
2026-05-05 18:00:00,pier-cap-1,Pier Cap 1,96.1764,18.84
2026-05-05 18:00:00,pier-cap-2,Pier Cap 2,96.0426,18.84
2026-05-05 19:00:00,beam-1a,Beam 1A,120.6814,17.95
2026-05-05 19:00:00,beam-1b,Beam 1B,119.6942,17.95
2026-05-05 19:00:00,beam-2a,Beam 2A,122.3959,17.95
2026-05-05 19:00:00,beam-2b,Beam 2B,120.9414,17.95
2026-05-05 19:00:00,beam-3a,Beam 3A,119.2455,17.95
2026-05-05 19:00:00,beam-3b,Beam 3B,120.2605,17.95
2026-05-05 19:00:00,pier-cap-1,Pier Cap 1,95.8416,17.95
2026-05-05 19:00:00,pier-cap-2,Pier Cap 2,96.4858,17.95
2026-05-05 20:00:00,beam-1a,Beam 1A,120.0312,15.7
2026-05-05 20:00:00,beam-1b,Beam 1B,119.9505,15.7
2026-05-05 20:00:00,beam-2a,Beam 2A,121.7372,15.7
2026-05-05 20:00:00,beam-2b,Beam 2B,120.7005,15.7
2026-05-05 20:00:00,beam-3a,Beam 3A,119.1969,15.7
2026-05-05 20:00:00,beam-3b,Beam 3B,119.4129,15.7
2026-05-05 20:00:00,pier-cap-1,Pier Cap 1,95.5704,15.7
2026-05-05 20:00:00,pier-cap-2,Pier Cap 2,96.0422,15.7
2026-05-05 21:00:00,beam-1a,Beam 1A,119.6395,13.77
2026-05-05 21:00:00,beam-1b,Beam 1B,119.1749,13.77
2026-05-05 21:00:00,beam-2a,Beam 2A,121.4989,13.77
2026-05-05 21:00:00,beam-2b,Beam 2B,120.7518,13.77
2026-05-05 21:00:00,beam-3a,Beam 3A,118.1918,13.77
2026-05-05 21:00:00,beam-3b,Beam 3B,118.5044,13.77
2026-05-05 21:00:00,pier-cap-1,Pier Cap 1,95.1412,13.77
2026-05-05 21:00:00,pier-cap-2,Pier Cap 2,95.8649,13.77
2026-05-05 22:00:00,beam-1a,Beam 1A,119.7579,12.12
2026-05-05 22:00:00,beam-1b,Beam 1B,118.4246,12.12
2026-05-05 22:00:00,beam-2a,Beam 2A,120.1886,12.12
2026-05-05 22:00:00,beam-2b,Beam 2B,120.4967,12.12
2026-05-05 22:00:00,beam-3a,Beam 3A,118.4815,12.12
2026-05-05 22:00:00,beam-3b,Beam 3B,117.9632,12.12
2026-05-05 22:00:00,pier-cap-1,Pier Cap 1,94.7895,12.12
2026-05-05 22:00:00,pier-cap-2,Pier Cap 2,95.089,12.12
2026-05-05 23:00:00,beam-1a,Beam 1A,119.1096,10.84
2026-05-05 23:00:00,beam-1b,Beam 1B,119.0198,10.84
2026-05-05 23:00:00,beam-2a,Beam 2A,120.075,10.84
2026-05-05 23:00:00,beam-2b,Beam 2B,119.9512,10.84
2026-05-05 23:00:00,beam-3a,Beam 3A,118.1243,10.84
2026-05-05 23:00:00,beam-3b,Beam 3B,118.4084,10.84
2026-05-05 23:00:00,pier-cap-1,Pier Cap 1,95.2625,10.84
2026-05-05 23:00:00,pier-cap-2,Pier Cap 2,95.8135,10.84
2026-05-06 00:00:00,beam-1a,Beam 1A,119.4114,8.18
2026-05-06 00:00:00,beam-1b,Beam 1B,117.6886,8.18
2026-05-06 00:00:00,beam-2a,Beam 2A,120.4006,8.18
2026-05-06 00:00:00,beam-2b,Beam 2B,119.7668,8.18
2026-05-06 00:00:00,beam-3a,Beam 3A,117.5565,8.18
2026-05-06 00:00:00,beam-3b,Beam 3B,117.684,8.18
2026-05-06 00:00:00,pier-cap-1,Pier Cap 1,94.0465,8.18
2026-05-06 00:00:00,pier-cap-2,Pier Cap 2,95.0896,8.18
2026-05-06 01:00:00,beam-1a,Beam 1A,118.4028,6.81
2026-05-06 01:00:00,beam-1b,Beam 1B,118.2221,6.81
2026-05-06 01:00:00,beam-2a,Beam 2A,118.7509,6.81
2026-05-06 01:00:00,beam-2b,Beam 2B,119.2888,6.81
2026-05-06 01:00:00,beam-3a,Beam 3A,117.5426,6.81
2026-05-06 01:00:00,beam-3b,Beam 3B,116.9441,6.81
2026-05-06 01:00:00,pier-cap-1,Pier Cap 1,94.3777,6.81
2026-05-06 01:00:00,pier-cap-2,Pier Cap 2,94.5854,6.81
2026-05-06 02:00:00,beam-1a,Beam 1A,118.2935,6.72
2026-05-06 02:00:00,beam-1b,Beam 1B,117.7497,6.72
2026-05-06 02:00:00,beam-2a,Beam 2A,120.3337,6.72
2026-05-06 02:00:00,beam-2b,Beam 2B,119.8801,6.72
2026-05-06 02:00:00,beam-3a,Beam 3A,117.8284,6.72
2026-05-06 02:00:00,beam-3b,Beam 3B,117.5767,6.72
2026-05-06 02:00:00,pier-cap-1,Pier Cap 1,94.3152,6.72
2026-05-06 02:00:00,pier-cap-2,Pier Cap 2,94.3773,6.72
2026-05-06 03:00:00,beam-1a,Beam 1A,118.4324,6.21
2026-05-06 03:00:00,beam-1b,Beam 1B,118.5915,6.21
2026-05-06 03:00:00,beam-2a,Beam 2A,119.0126,6.21
2026-05-06 03:00:00,beam-2b,Beam 2B,119.2773,6.21
2026-05-06 03:00:00,beam-3a,Beam 3A,116.8861,6.21
2026-05-06 03:00:00,beam-3b,Beam 3B,117.2357,6.21
2026-05-06 03:00:00,pier-cap-1,Pier Cap 1,93.6078,6.21
2026-05-06 03:00:00,pier-cap-2,Pier Cap 2,94.9046,6.21
2026-05-06 04:00:00,beam-1a,Beam 1A,118.7336,6.89
2026-05-06 04:00:00,beam-1b,Beam 1B,118.5062,6.89
2026-05-06 04:00:00,beam-2a,Beam 2A,120.2156,6.89
2026-05-06 04:00:00,beam-2b,Beam 2B,119.7568,6.89
2026-05-06 04:00:00,beam-3a,Beam 3A,117.3022,6.89
2026-05-06 04:00:00,beam-3b,Beam 3B,117.6451,6.89
2026-05-06 04:00:00,pier-cap-1,Pier Cap 1,93.9344,6.89
2026-05-06 04:00:00,pier-cap-2,Pier Cap 2,94.3531,6.89
2026-05-06 05:00:00,beam-1a,Beam 1A,119.0155,7.05
2026-05-06 05:00:00,beam-1b,Beam 1B,118.1103,7.05
2026-05-06 05:00:00,beam-2a,Beam 2A,119.5545,7.05
2026-05-06 05:00:00,beam-2b,Beam 2B,119.5912,7.05
2026-05-06 05:00:00,beam-3a,Beam 3A,117.5064,7.05
2026-05-06 05:00:00,beam-3b,Beam 3B,117.644,7.05
2026-05-06 05:00:00,pier-cap-1,Pier Cap 1,94.0086,7.05
2026-05-06 05:00:00,pier-cap-2,Pier Cap 2,95.3858,7.05
2026-05-06 06:00:00,beam-1a,Beam 1A,119.8656,7.6
2026-05-06 06:00:00,beam-1b,Beam 1B,118.4177,7.6
2026-05-06 06:00:00,beam-2a,Beam 2A,120.4393,7.6
2026-05-06 06:00:00,beam-2b,Beam 2B,119.0589,7.6
2026-05-06 06:00:00,beam-3a,Beam 3A,116.9275,7.6
2026-05-06 06:00:00,beam-3b,Beam 3B,117.3809,7.6
2026-05-06 06:00:00,pier-cap-1,Pier Cap 1,94.4592,7.6
2026-05-06 06:00:00,pier-cap-2,Pier Cap 2,94.6059,7.6
2026-05-06 07:00:00,beam-1a,Beam 1A,119.2819,8.99
2026-05-06 07:00:00,beam-1b,Beam 1B,119.3897,8.99
2026-05-06 07:00:00,beam-2a,Beam 2A,121.5815,8.99
2026-05-06 07:00:00,beam-2b,Beam 2B,119.862,8.99
2026-05-06 07:00:00,beam-3a,Beam 3A,118.2417,8.99
2026-05-06 07:00:00,beam-3b,Beam 3B,118.0798,8.99
2026-05-06 07:00:00,pier-cap-1,Pier Cap 1,94.3886,8.99
2026-05-06 07:00:00,pier-cap-2,Pier Cap 2,95.5148,8.99
2026-05-06 08:00:00,beam-1a,Beam 1A,120.5277,11.89
2026-05-06 08:00:00,beam-1b,Beam 1B,119.7352,11.89
2026-05-06 08:00:00,beam-2a,Beam 2A,119.9681,11.89
2026-05-06 08:00:00,beam-2b,Beam 2B,119.9831,11.89
2026-05-06 08:00:00,beam-3a,Beam 3A,117.9679,11.89
2026-05-06 08:00:00,beam-3b,Beam 3B,118.2343,11.89
2026-05-06 08:00:00,pier-cap-1,Pier Cap 1,94.9074,11.89
2026-05-06 08:00:00,pier-cap-2,Pier Cap 2,95.3777,11.89
2026-05-06 09:00:00,beam-1a,Beam 1A,120.7413,13.73
2026-05-06 09:00:00,beam-1b,Beam 1B,120.2093,13.73
2026-05-06 09:00:00,beam-2a,Beam 2A,121.5237,13.73
2026-05-06 09:00:00,beam-2b,Beam 2B,120.8023,13.73
2026-05-06 09:00:00,beam-3a,Beam 3A,118.6784,13.73
2026-05-06 09:00:00,beam-3b,Beam 3B,118.6068,13.73
2026-05-06 09:00:00,pier-cap-1,Pier Cap 1,94.7719,13.73
2026-05-06 09:00:00,pier-cap-2,Pier Cap 2,96.1834,13.73
2026-05-06 10:00:00,beam-1a,Beam 1A,120.4024,14.78
2026-05-06 10:00:00,beam-1b,Beam 1B,120.9975,14.78
2026-05-06 10:00:00,beam-2a,Beam 2A,120.7324,14.78
2026-05-06 10:00:00,beam-2b,Beam 2B,120.7576,14.78
2026-05-06 10:00:00,beam-3a,Beam 3A,118.327,14.78
2026-05-06 10:00:00,beam-3b,Beam 3B,118.7716,14.78
2026-05-06 10:00:00,pier-cap-1,Pier Cap 1,96.0645,14.78
2026-05-06 10:00:00,pier-cap-2,Pier Cap 2,95.6463,14.78
2026-05-06 11:00:00,beam-1a,Beam 1A,121.5605,16.39
2026-05-06 11:00:00,beam-1b,Beam 1B,120.6287,16.39
2026-05-06 11:00:00,beam-2a,Beam 2A,121.9477,16.39
2026-05-06 11:00:00,beam-2b,Beam 2B,121.5298,16.39
2026-05-06 11:00:00,beam-3a,Beam 3A,119.5412,16.39
2026-05-06 11:00:00,beam-3b,Beam 3B,119.659,16.39
2026-05-06 11:00:00,pier-cap-1,Pier Cap 1,95.6291,16.39
2026-05-06 11:00:00,pier-cap-2,Pier Cap 2,96.1134,16.39
2026-05-06 12:00:00,beam-1a,Beam 1A,122.1374,18.57
2026-05-06 12:00:00,beam-1b,Beam 1B,121.3257,18.57
2026-05-06 12:00:00,beam-2a,Beam 2A,122.1318,18.57
2026-05-06 12:00:00,beam-2b,Beam 2B,121.2776,18.57
2026-05-06 12:00:00,beam-3a,Beam 3A,119.2388,18.57
2026-05-06 12:00:00,beam-3b,Beam 3B,119.5806,18.57
2026-05-06 12:00:00,pier-cap-1,Pier Cap 1,96.0856,18.57
2026-05-06 12:00:00,pier-cap-2,Pier Cap 2,96.6773,18.57
2026-05-06 13:00:00,beam-1a,Beam 1A,121.3872,18.66
2026-05-06 13:00:00,beam-1b,Beam 1B,121.6213,18.66
2026-05-06 13:00:00,beam-2a,Beam 2A,122.2835,18.66
2026-05-06 13:00:00,beam-2b,Beam 2B,121.8374,18.66
2026-05-06 13:00:00,beam-3a,Beam 3A,119.2711,18.66
2026-05-06 13:00:00,beam-3b,Beam 3B,120.1753,18.66
2026-05-06 13:00:00,pier-cap-1,Pier Cap 1,95.7865,18.66
2026-05-06 13:00:00,pier-cap-2,Pier Cap 2,96.6473,18.66
2026-05-06 14:00:00,beam-1a,Beam 1A,121.7018,19.44
2026-05-06 14:00:00,beam-1b,Beam 1B,121.5881,19.44
2026-05-06 14:00:00,beam-2a,Beam 2A,122.0237,19.44
2026-05-06 14:00:00,beam-2b,Beam 2B,122.2174,19.44
2026-05-06 14:00:00,beam-3a,Beam 3A,120.0461,19.44
2026-05-06 14:00:00,beam-3b,Beam 3B,120.4682,19.44
2026-05-06 14:00:00,pier-cap-1,Pier Cap 1,95.8705,19.44
2026-05-06 14:00:00,pier-cap-2,Pier Cap 2,96.8965,19.44
2026-05-06 15:00:00,beam-1a,Beam 1A,121.1467,20.3
2026-05-06 15:00:00,beam-1b,Beam 1B,121.2948,20.3
2026-05-06 15:00:00,beam-2a,Beam 2A,122.8714,20.3
2026-05-06 15:00:00,beam-2b,Beam 2B,122.5222,20.3
2026-05-06 15:00:00,beam-3a,Beam 3A,119.8301,20.3
2026-05-06 15:00:00,beam-3b,Beam 3B,119.7476,20.3
2026-05-06 15:00:00,pier-cap-1,Pier Cap 1,96.7682,20.3
2026-05-06 15:00:00,pier-cap-2,Pier Cap 2,96.5481,20.3
2026-05-06 16:00:00,beam-1a,Beam 1A,121.034,19.64
2026-05-06 16:00:00,beam-1b,Beam 1B,120.9735,19.64
2026-05-06 16:00:00,beam-2a,Beam 2A,121.8491,19.64
2026-05-06 16:00:00,beam-2b,Beam 2B,121.7227,19.64
2026-05-06 16:00:00,beam-3a,Beam 3A,119.1366,19.64
2026-05-06 16:00:00,beam-3b,Beam 3B,118.8596,19.64
2026-05-06 16:00:00,pier-cap-1,Pier Cap 1,95.5213,19.64
2026-05-06 16:00:00,pier-cap-2,Pier Cap 2,96.6217,19.64
2026-05-06 17:00:00,beam-1a,Beam 1A,121.5603,19.1
2026-05-06 17:00:00,beam-1b,Beam 1B,120.1849,19.1
2026-05-06 17:00:00,beam-2a,Beam 2A,122.8163,19.1
2026-05-06 17:00:00,beam-2b,Beam 2B,121.9268,19.1
2026-05-06 17:00:00,beam-3a,Beam 3A,119.7448,19.1
2026-05-06 17:00:00,beam-3b,Beam 3B,120.1443,19.1
2026-05-06 17:00:00,pier-cap-1,Pier Cap 1,96.0984,19.1
2026-05-06 17:00:00,pier-cap-2,Pier Cap 2,96.8893,19.1
2026-05-06 18:00:00,beam-1a,Beam 1A,120.6009,17.92
2026-05-06 18:00:00,beam-1b,Beam 1B,119.9945,17.92
2026-05-06 18:00:00,beam-2a,Beam 2A,121.9208,17.92
2026-05-06 18:00:00,beam-2b,Beam 2B,121.7582,17.92
2026-05-06 18:00:00,beam-3a,Beam 3A,118.8308,17.92
2026-05-06 18:00:00,beam-3b,Beam 3B,119.4356,17.92
2026-05-06 18:00:00,pier-cap-1,Pier Cap 1,95.475,17.92
2026-05-06 18:00:00,pier-cap-2,Pier Cap 2,96.1268,17.92
2026-05-06 19:00:00,beam-1a,Beam 1A,119.9765,16.67
2026-05-06 19:00:00,beam-1b,Beam 1B,120.076,16.67
2026-05-06 19:00:00,beam-2a,Beam 2A,121.2736,16.67
2026-05-06 19:00:00,beam-2b,Beam 2B,122.0535,16.67
2026-05-06 19:00:00,beam-3a,Beam 3A,119.1191,16.67
2026-05-06 19:00:00,beam-3b,Beam 3B,119.0148,16.67
2026-05-06 19:00:00,pier-cap-1,Pier Cap 1,95.5295,16.67
2026-05-06 19:00:00,pier-cap-2,Pier Cap 2,96.3228,16.67
2026-05-06 20:00:00,beam-1a,Beam 1A,120.0006,15.41
2026-05-06 20:00:00,beam-1b,Beam 1B,119.472,15.41
2026-05-06 20:00:00,beam-2a,Beam 2A,122.2206,15.41
2026-05-06 20:00:00,beam-2b,Beam 2B,120.5901,15.41
2026-05-06 20:00:00,beam-3a,Beam 3A,119.0427,15.41
2026-05-06 20:00:00,beam-3b,Beam 3B,118.8724,15.41
2026-05-06 20:00:00,pier-cap-1,Pier Cap 1,95.2705,15.41
2026-05-06 20:00:00,pier-cap-2,Pier Cap 2,95.8962,15.41
2026-05-06 21:00:00,beam-1a,Beam 1A,119.1872,13.07
2026-05-06 21:00:00,beam-1b,Beam 1B,118.9963,13.07
2026-05-06 21:00:00,beam-2a,Beam 2A,121.088,13.07
2026-05-06 21:00:00,beam-2b,Beam 2B,120.3505,13.07
2026-05-06 21:00:00,beam-3a,Beam 3A,118.8912,13.07
2026-05-06 21:00:00,beam-3b,Beam 3B,118.489,13.07
2026-05-06 21:00:00,pier-cap-1,Pier Cap 1,94.8154,13.07
2026-05-06 21:00:00,pier-cap-2,Pier Cap 2,95.6729,13.07
2026-05-06 22:00:00,beam-1a,Beam 1A,118.7832,11.48
2026-05-06 22:00:00,beam-1b,Beam 1B,118.9118,11.48
2026-05-06 22:00:00,beam-2a,Beam 2A,121.5599,11.48
2026-05-06 22:00:00,beam-2b,Beam 2B,121.5186,11.48
2026-05-06 22:00:00,beam-3a,Beam 3A,118.5715,11.48
2026-05-06 22:00:00,beam-3b,Beam 3B,118.786,11.48
2026-05-06 22:00:00,pier-cap-1,Pier Cap 1,94.8833,11.48
2026-05-06 22:00:00,pier-cap-2,Pier Cap 2,95.398,11.48
2026-05-06 23:00:00,beam-1a,Beam 1A,118.6474,8.72
2026-05-06 23:00:00,beam-1b,Beam 1B,117.5731,8.72
2026-05-06 23:00:00,beam-2a,Beam 2A,120.7322,8.72
2026-05-06 23:00:00,beam-2b,Beam 2B,119.7344,8.72
2026-05-06 23:00:00,beam-3a,Beam 3A,117.9794,8.72
2026-05-06 23:00:00,beam-3b,Beam 3B,117.8624,8.72
2026-05-06 23:00:00,pier-cap-1,Pier Cap 1,93.6873,8.72
2026-05-06 23:00:00,pier-cap-2,Pier Cap 2,94.7213,8.72
2026-05-07 00:00:00,beam-1a,Beam 1A,117.8614,8.15
2026-05-07 00:00:00,beam-1b,Beam 1B,117.7853,8.15
2026-05-07 00:00:00,beam-2a,Beam 2A,119.8099,8.15
2026-05-07 00:00:00,beam-2b,Beam 2B,118.9728,8.15
2026-05-07 00:00:00,beam-3a,Beam 3A,117.6241,8.15
2026-05-07 00:00:00,beam-3b,Beam 3B,118.147,8.15
2026-05-07 00:00:00,pier-cap-1,Pier Cap 1,94.2772,8.15
2026-05-07 00:00:00,pier-cap-2,Pier Cap 2,94.7937,8.15
2026-05-07 01:00:00,beam-1a,Beam 1A,117.7502,6.72
2026-05-07 01:00:00,beam-1b,Beam 1B,117.7331,6.72
2026-05-07 01:00:00,beam-2a,Beam 2A,119.8091,6.72
2026-05-07 01:00:00,beam-2b,Beam 2B,119.2101,6.72
2026-05-07 01:00:00,beam-3a,Beam 3A,116.7503,6.72
2026-05-07 01:00:00,beam-3b,Beam 3B,117.5989,6.72
2026-05-07 01:00:00,pier-cap-1,Pier Cap 1,94.1302,6.72
2026-05-07 01:00:00,pier-cap-2,Pier Cap 2,94.7008,6.72
2026-05-07 02:00:00,beam-1a,Beam 1A,118.0436,5.87
2026-05-07 02:00:00,beam-1b,Beam 1B,117.3432,5.87
2026-05-07 02:00:00,beam-2a,Beam 2A,119.7216,5.87
2026-05-07 02:00:00,beam-2b,Beam 2B,118.1657,5.87
2026-05-07 02:00:00,beam-3a,Beam 3A,117.577,5.87
2026-05-07 02:00:00,beam-3b,Beam 3B,117.1563,5.87
2026-05-07 02:00:00,pier-cap-1,Pier Cap 1,93.6221,5.87
2026-05-07 02:00:00,pier-cap-2,Pier Cap 2,94.4991,5.87
2026-05-07 03:00:00,beam-1a,Beam 1A,118.4164,5.76
2026-05-07 03:00:00,beam-1b,Beam 1B,118.1781,5.76
2026-05-07 03:00:00,beam-2a,Beam 2A,120.2633,5.76
2026-05-07 03:00:00,beam-2b,Beam 2B,119.3491,5.76
2026-05-07 03:00:00,beam-3a,Beam 3A,117.7436,5.76
2026-05-07 03:00:00,beam-3b,Beam 3B,117.1085,5.76
2026-05-07 03:00:00,pier-cap-1,Pier Cap 1,94.4685,5.76
2026-05-07 03:00:00,pier-cap-2,Pier Cap 2,94.9864,5.76
2026-05-07 04:00:00,beam-1a,Beam 1A,118.7345,6.22
2026-05-07 04:00:00,beam-1b,Beam 1B,118.2191,6.22
2026-05-07 04:00:00,beam-2a,Beam 2A,119.919,6.22
2026-05-07 04:00:00,beam-2b,Beam 2B,119.6679,6.22
2026-05-07 04:00:00,beam-3a,Beam 3A,117.5546,6.22
2026-05-07 04:00:00,beam-3b,Beam 3B,117.5283,6.22
2026-05-07 04:00:00,pier-cap-1,Pier Cap 1,93.9046,6.22
2026-05-07 04:00:00,pier-cap-2,Pier Cap 2,94.886,6.22
2026-05-07 05:00:00,beam-1a,Beam 1A,118.4839,7.42
2026-05-07 05:00:00,beam-1b,Beam 1B,118.4182,7.42
2026-05-07 05:00:00,beam-2a,Beam 2A,120.0544,7.42
2026-05-07 05:00:00,beam-2b,Beam 2B,119.2192,7.42
2026-05-07 05:00:00,beam-3a,Beam 3A,117.5135,7.42
2026-05-07 05:00:00,beam-3b,Beam 3B,117.8468,7.42
2026-05-07 05:00:00,pier-cap-1,Pier Cap 1,94.1916,7.42
2026-05-07 05:00:00,pier-cap-2,Pier Cap 2,94.8499,7.42
2026-05-07 06:00:00,beam-1a,Beam 1A,119.2788,7.63
2026-05-07 06:00:00,beam-1b,Beam 1B,119.1787,7.63
2026-05-07 06:00:00,beam-2a,Beam 2A,119.947,7.63
2026-05-07 06:00:00,beam-2b,Beam 2B,119.4387,7.63
2026-05-07 06:00:00,beam-3a,Beam 3A,117.1718,7.63
2026-05-07 06:00:00,beam-3b,Beam 3B,117.9495,7.63
2026-05-07 06:00:00,pier-cap-1,Pier Cap 1,94.1175,7.63
2026-05-07 06:00:00,pier-cap-2,Pier Cap 2,94.5663,7.63
2026-05-07 07:00:00,beam-1a,Beam 1A,119.2097,9.63
2026-05-07 07:00:00,beam-1b,Beam 1B,118.5595,9.63
2026-05-07 07:00:00,beam-2a,Beam 2A,120.4052,9.63
2026-05-07 07:00:00,beam-2b,Beam 2B,120.3949,9.63
2026-05-07 07:00:00,beam-3a,Beam 3A,117.9794,9.63
2026-05-07 07:00:00,beam-3b,Beam 3B,117.8876,9.63
2026-05-07 07:00:00,pier-cap-1,Pier Cap 1,94.5696,9.63
2026-05-07 07:00:00,pier-cap-2,Pier Cap 2,94.8469,9.63
2026-05-07 08:00:00,beam-1a,Beam 1A,120.5535,11.11
2026-05-07 08:00:00,beam-1b,Beam 1B,119.5117,11.11
2026-05-07 08:00:00,beam-2a,Beam 2A,121.2438,11.11
2026-05-07 08:00:00,beam-2b,Beam 2B,119.6218,11.11
2026-05-07 08:00:00,beam-3a,Beam 3A,119.1234,11.11
2026-05-07 08:00:00,beam-3b,Beam 3B,118.3222,11.11
2026-05-07 08:00:00,pier-cap-1,Pier Cap 1,95.2089,11.11
2026-05-07 08:00:00,pier-cap-2,Pier Cap 2,95.9086,11.11
2026-05-07 09:00:00,beam-1a,Beam 1A,119.9662,12.98
2026-05-07 09:00:00,beam-1b,Beam 1B,120.0912,12.98
2026-05-07 09:00:00,beam-2a,Beam 2A,121.0983,12.98
2026-05-07 09:00:00,beam-2b,Beam 2B,120.1682,12.98
2026-05-07 09:00:00,beam-3a,Beam 3A,118.1123,12.98
2026-05-07 09:00:00,beam-3b,Beam 3B,118.8214,12.98
2026-05-07 09:00:00,pier-cap-1,Pier Cap 1,95.8395,12.98
2026-05-07 09:00:00,pier-cap-2,Pier Cap 2,95.2946,12.98
2026-05-07 10:00:00,beam-1a,Beam 1A,121.3653,15.33
2026-05-07 10:00:00,beam-1b,Beam 1B,120.1803,15.33
2026-05-07 10:00:00,beam-2a,Beam 2A,121.4076,15.33
2026-05-07 10:00:00,beam-2b,Beam 2B,121.0743,15.33
2026-05-07 10:00:00,beam-3a,Beam 3A,118.4565,15.33
2026-05-07 10:00:00,beam-3b,Beam 3B,118.9279,15.33
2026-05-07 10:00:00,pier-cap-1,Pier Cap 1,95.6729,15.33
2026-05-07 10:00:00,pier-cap-2,Pier Cap 2,95.9833,15.33
2026-05-07 11:00:00,beam-1a,Beam 1A,120.9715,16.83
2026-05-07 11:00:00,beam-1b,Beam 1B,120.9066,16.83
2026-05-07 11:00:00,beam-2a,Beam 2A,121.6403,16.83
2026-05-07 11:00:00,beam-2b,Beam 2B,121.1651,16.83
2026-05-07 11:00:00,beam-3a,Beam 3A,119.4744,16.83
2026-05-07 11:00:00,beam-3b,Beam 3B,118.9505,16.83
2026-05-07 11:00:00,pier-cap-1,Pier Cap 1,96.0009,16.83
2026-05-07 11:00:00,pier-cap-2,Pier Cap 2,96.2828,16.83
2026-05-07 12:00:00,beam-1a,Beam 1A,122.2591,18.6
2026-05-07 12:00:00,beam-1b,Beam 1B,120.7672,18.6
2026-05-07 12:00:00,beam-2a,Beam 2A,121.9984,18.6
2026-05-07 12:00:00,beam-2b,Beam 2B,121.7024,18.6
2026-05-07 12:00:00,beam-3a,Beam 3A,119.528,18.6
2026-05-07 12:00:00,beam-3b,Beam 3B,119.4018,18.6
2026-05-07 12:00:00,pier-cap-1,Pier Cap 1,96.4549,18.6
2026-05-07 12:00:00,pier-cap-2,Pier Cap 2,96.3466,18.6
2026-05-07 13:00:00,beam-1a,Beam 1A,121.8295,19.12
2026-05-07 13:00:00,beam-1b,Beam 1B,121.4643,19.12
2026-05-07 13:00:00,beam-2a,Beam 2A,121.7622,19.12
2026-05-07 13:00:00,beam-2b,Beam 2B,121.4176,19.12
2026-05-07 13:00:00,beam-3a,Beam 3A,119.5625,19.12
2026-05-07 13:00:00,beam-3b,Beam 3B,119.6976,19.12
2026-05-07 13:00:00,pier-cap-1,Pier Cap 1,96.092,19.12
2026-05-07 13:00:00,pier-cap-2,Pier Cap 2,96.2167,19.12
2026-05-07 14:00:00,beam-1a,Beam 1A,121.3296,19.6
2026-05-07 14:00:00,beam-1b,Beam 1B,121.6555,19.6
2026-05-07 14:00:00,beam-2a,Beam 2A,122.1195,19.6
2026-05-07 14:00:00,beam-2b,Beam 2B,122.1054,19.6
2026-05-07 14:00:00,beam-3a,Beam 3A,120.6043,19.6
2026-05-07 14:00:00,beam-3b,Beam 3B,120.1054,19.6
2026-05-07 14:00:00,pier-cap-1,Pier Cap 1,96.5608,19.6
2026-05-07 14:00:00,pier-cap-2,Pier Cap 2,96.3543,19.6
2026-05-07 15:00:00,beam-1a,Beam 1A,121.4462,20.03
2026-05-07 15:00:00,beam-1b,Beam 1B,121.3243,20.03
2026-05-07 15:00:00,beam-2a,Beam 2A,123.1045,20.03
2026-05-07 15:00:00,beam-2b,Beam 2B,122.0454,20.03
2026-05-07 15:00:00,beam-3a,Beam 3A,120.115,20.03
2026-05-07 15:00:00,beam-3b,Beam 3B,120.3955,20.03
2026-05-07 15:00:00,pier-cap-1,Pier Cap 1,96.3915,20.03
2026-05-07 15:00:00,pier-cap-2,Pier Cap 2,96.4899,20.03
2026-05-07 16:00:00,beam-1a,Beam 1A,121.7487,19.97
2026-05-07 16:00:00,beam-1b,Beam 1B,120.4268,19.97
2026-05-07 16:00:00,beam-2a,Beam 2A,122.4121,19.97
2026-05-07 16:00:00,beam-2b,Beam 2B,122.3144,19.97
2026-05-07 16:00:00,beam-3a,Beam 3A,119.6122,19.97
2026-05-07 16:00:00,beam-3b,Beam 3B,119.4704,19.97
2026-05-07 16:00:00,pier-cap-1,Pier Cap 1,96.1892,19.97
2026-05-07 16:00:00,pier-cap-2,Pier Cap 2,96.4332,19.97
2026-05-07 17:00:00,beam-1a,Beam 1A,121.586,19.25
2026-05-07 17:00:00,beam-1b,Beam 1B,120.4792,19.25
2026-05-07 17:00:00,beam-2a,Beam 2A,122.6313,19.25
2026-05-07 17:00:00,beam-2b,Beam 2B,122.0297,19.25
2026-05-07 17:00:00,beam-3a,Beam 3A,119.2077,19.25
2026-05-07 17:00:00,beam-3b,Beam 3B,119.598,19.25
2026-05-07 17:00:00,pier-cap-1,Pier Cap 1,96.1423,19.25
2026-05-07 17:00:00,pier-cap-2,Pier Cap 2,96.9355,19.25
2026-05-07 18:00:00,beam-1a,Beam 1A,120.7534,17.63
2026-05-07 18:00:00,beam-1b,Beam 1B,120.5758,17.63
2026-05-07 18:00:00,beam-2a,Beam 2A,121.0347,17.63
2026-05-07 18:00:00,beam-2b,Beam 2B,121.7089,17.63
2026-05-07 18:00:00,beam-3a,Beam 3A,120.219,17.63
2026-05-07 18:00:00,beam-3b,Beam 3B,119.3746,17.63
2026-05-07 18:00:00,pier-cap-1,Pier Cap 1,95.2482,17.63
2026-05-07 18:00:00,pier-cap-2,Pier Cap 2,96.2919,17.63
2026-05-07 19:00:00,beam-1a,Beam 1A,120.4347,16.65
2026-05-07 19:00:00,beam-1b,Beam 1B,120.0265,16.65
2026-05-07 19:00:00,beam-2a,Beam 2A,122.0576,16.65
2026-05-07 19:00:00,beam-2b,Beam 2B,120.8517,16.65
2026-05-07 19:00:00,beam-3a,Beam 3A,119.5094,16.65
2026-05-07 19:00:00,beam-3b,Beam 3B,119.5919,16.65
2026-05-07 19:00:00,pier-cap-1,Pier Cap 1,95.7353,16.65
2026-05-07 19:00:00,pier-cap-2,Pier Cap 2,95.9905,16.65
2026-05-07 20:00:00,beam-1a,Beam 1A,120.2418,15.02
2026-05-07 20:00:00,beam-1b,Beam 1B,118.6335,15.02
2026-05-07 20:00:00,beam-2a,Beam 2A,121.4391,15.02
2026-05-07 20:00:00,beam-2b,Beam 2B,121.3007,15.02
2026-05-07 20:00:00,beam-3a,Beam 3A,119.6984,15.02
2026-05-07 20:00:00,beam-3b,Beam 3B,118.8186,15.02
2026-05-07 20:00:00,pier-cap-1,Pier Cap 1,94.9396,15.02
2026-05-07 20:00:00,pier-cap-2,Pier Cap 2,95.9348,15.02
2026-05-07 21:00:00,beam-1a,Beam 1A,119.7348,14.12
2026-05-07 21:00:00,beam-1b,Beam 1B,119.7237,14.12
2026-05-07 21:00:00,beam-2a,Beam 2A,121.1318,14.12
2026-05-07 21:00:00,beam-2b,Beam 2B,120.7921,14.12
2026-05-07 21:00:00,beam-3a,Beam 3A,119.1522,14.12
2026-05-07 21:00:00,beam-3b,Beam 3B,118.6828,14.12
2026-05-07 21:00:00,pier-cap-1,Pier Cap 1,94.7807,14.12
2026-05-07 21:00:00,pier-cap-2,Pier Cap 2,95.9687,14.12
2026-05-07 22:00:00,beam-1a,Beam 1A,118.7791,12.05
2026-05-07 22:00:00,beam-1b,Beam 1B,118.8796,12.05
2026-05-07 22:00:00,beam-2a,Beam 2A,120.9832,12.05
2026-05-07 22:00:00,beam-2b,Beam 2B,120.4442,12.05
2026-05-07 22:00:00,beam-3a,Beam 3A,118.0637,12.05
2026-05-07 22:00:00,beam-3b,Beam 3B,117.9461,12.05
2026-05-07 22:00:00,pier-cap-1,Pier Cap 1,95.016,12.05
2026-05-07 22:00:00,pier-cap-2,Pier Cap 2,95.3547,12.05
2026-05-07 23:00:00,beam-1a,Beam 1A,118.3857,9.27
2026-05-07 23:00:00,beam-1b,Beam 1B,117.9835,9.27
2026-05-07 23:00:00,beam-2a,Beam 2A,120.1564,9.27
2026-05-07 23:00:00,beam-2b,Beam 2B,120.3741,9.27
2026-05-07 23:00:00,beam-3a,Beam 3A,117.539,9.27
2026-05-07 23:00:00,beam-3b,Beam 3B,118.0812,9.27
2026-05-07 23:00:00,pier-cap-1,Pier Cap 1,94.2068,9.27
2026-05-07 23:00:00,pier-cap-2,Pier Cap 2,95.3117,9.27
2026-05-08 00:00:00,beam-1a,Beam 1A,118.4964,7.86
2026-05-08 00:00:00,beam-1b,Beam 1B,118.3624,7.86
2026-05-08 00:00:00,beam-2a,Beam 2A,119.2226,7.86
2026-05-08 00:00:00,beam-2b,Beam 2B,119.3843,7.86
2026-05-08 00:00:00,beam-3a,Beam 3A,118.1597,7.86
2026-05-08 00:00:00,beam-3b,Beam 3B,117.587,7.86
2026-05-08 00:00:00,pier-cap-1,Pier Cap 1,94.327,7.86
2026-05-08 00:00:00,pier-cap-2,Pier Cap 2,94.4477,7.86
2026-05-08 01:00:00,beam-1a,Beam 1A,118.5709,6.28
2026-05-08 01:00:00,beam-1b,Beam 1B,117.5083,6.28
2026-05-08 01:00:00,beam-2a,Beam 2A,120.1244,6.28
2026-05-08 01:00:00,beam-2b,Beam 2B,119.896,6.28
2026-05-08 01:00:00,beam-3a,Beam 3A,118.069,6.28
2026-05-08 01:00:00,beam-3b,Beam 3B,117.1139,6.28
2026-05-08 01:00:00,pier-cap-1,Pier Cap 1,94.1332,6.28
2026-05-08 01:00:00,pier-cap-2,Pier Cap 2,94.9431,6.28
2026-05-08 02:00:00,beam-1a,Beam 1A,118.7446,5.93
2026-05-08 02:00:00,beam-1b,Beam 1B,117.5381,5.93
2026-05-08 02:00:00,beam-2a,Beam 2A,119.7827,5.93
2026-05-08 02:00:00,beam-2b,Beam 2B,119.8633,5.93
2026-05-08 02:00:00,beam-3a,Beam 3A,116.8353,5.93
2026-05-08 02:00:00,beam-3b,Beam 3B,117.1854,5.93
2026-05-08 02:00:00,pier-cap-1,Pier Cap 1,94.094,5.93
2026-05-08 02:00:00,pier-cap-2,Pier Cap 2,94.5364,5.93
2026-05-08 03:00:00,beam-1a,Beam 1A,118.6174,6.05
2026-05-08 03:00:00,beam-1b,Beam 1B,118.07,6.05
2026-05-08 03:00:00,beam-2a,Beam 2A,119.5847,6.05
2026-05-08 03:00:00,beam-2b,Beam 2B,119.6114,6.05
2026-05-08 03:00:00,beam-3a,Beam 3A,117.506,6.05
2026-05-08 03:00:00,beam-3b,Beam 3B,117.6942,6.05
2026-05-08 03:00:00,pier-cap-1,Pier Cap 1,93.7865,6.05
2026-05-08 03:00:00,pier-cap-2,Pier Cap 2,94.5433,6.05
2026-05-08 04:00:00,beam-1a,Beam 1A,118.7139,6.65
2026-05-08 04:00:00,beam-1b,Beam 1B,118.8367,6.65
2026-05-08 04:00:00,beam-2a,Beam 2A,119.4428,6.65
2026-05-08 04:00:00,beam-2b,Beam 2B,119.037,6.65
2026-05-08 04:00:00,beam-3a,Beam 3A,117.181,6.65
2026-05-08 04:00:00,beam-3b,Beam 3B,117.0611,6.65
2026-05-08 04:00:00,pier-cap-1,Pier Cap 1,94.4165,6.65
2026-05-08 04:00:00,pier-cap-2,Pier Cap 2,94.439,6.65
2026-05-08 05:00:00,beam-1a,Beam 1A,119.0179,6.57
2026-05-08 05:00:00,beam-1b,Beam 1B,118.9241,6.57
2026-05-08 05:00:00,beam-2a,Beam 2A,119.2264,6.57
2026-05-08 05:00:00,beam-2b,Beam 2B,118.5398,6.57
2026-05-08 05:00:00,beam-3a,Beam 3A,116.8484,6.57
2026-05-08 05:00:00,beam-3b,Beam 3B,117.104,6.57
2026-05-08 05:00:00,pier-cap-1,Pier Cap 1,94.109,6.57
2026-05-08 05:00:00,pier-cap-2,Pier Cap 2,94.2674,6.57
2026-05-08 06:00:00,beam-1a,Beam 1A,118.946,7.71
2026-05-08 06:00:00,beam-1b,Beam 1B,118.9053,7.71
2026-05-08 06:00:00,beam-2a,Beam 2A,120.1323,7.71
2026-05-08 06:00:00,beam-2b,Beam 2B,120.0743,7.71
2026-05-08 06:00:00,beam-3a,Beam 3A,117.7248,7.71
2026-05-08 06:00:00,beam-3b,Beam 3B,118.0539,7.71
2026-05-08 06:00:00,pier-cap-1,Pier Cap 1,94.4394,7.71
2026-05-08 06:00:00,pier-cap-2,Pier Cap 2,94.3071,7.71
2026-05-08 07:00:00,beam-1a,Beam 1A,119.4823,8.57
2026-05-08 07:00:00,beam-1b,Beam 1B,119.2977,8.57
2026-05-08 07:00:00,beam-2a,Beam 2A,120.8587,8.57
2026-05-08 07:00:00,beam-2b,Beam 2B,119.8578,8.57
2026-05-08 07:00:00,beam-3a,Beam 3A,117.5297,8.57
2026-05-08 07:00:00,beam-3b,Beam 3B,117.8041,8.57
2026-05-08 07:00:00,pier-cap-1,Pier Cap 1,94.076,8.57
2026-05-08 07:00:00,pier-cap-2,Pier Cap 2,94.7061,8.57
2026-05-08 08:00:00,beam-1a,Beam 1A,119.8608,11.05
2026-05-08 08:00:00,beam-1b,Beam 1B,120.0263,11.05
2026-05-08 08:00:00,beam-2a,Beam 2A,120.791,11.05
2026-05-08 08:00:00,beam-2b,Beam 2B,120.0116,11.05
2026-05-08 08:00:00,beam-3a,Beam 3A,118.3121,11.05
2026-05-08 08:00:00,beam-3b,Beam 3B,118.4836,11.05
2026-05-08 08:00:00,pier-cap-1,Pier Cap 1,94.7538,11.05
2026-05-08 08:00:00,pier-cap-2,Pier Cap 2,95.4836,11.05
2026-05-08 09:00:00,beam-1a,Beam 1A,120.1231,12.5
2026-05-08 09:00:00,beam-1b,Beam 1B,119.7202,12.5
2026-05-08 09:00:00,beam-2a,Beam 2A,120.447,12.5
2026-05-08 09:00:00,beam-2b,Beam 2B,121.0695,12.5
2026-05-08 09:00:00,beam-3a,Beam 3A,118.2668,12.5
2026-05-08 09:00:00,beam-3b,Beam 3B,118.6657,12.5
2026-05-08 09:00:00,pier-cap-1,Pier Cap 1,95.3542,12.5
2026-05-08 09:00:00,pier-cap-2,Pier Cap 2,95.2367,12.5
2026-05-08 10:00:00,beam-1a,Beam 1A,121.1312,14.53
2026-05-08 10:00:00,beam-1b,Beam 1B,120.84,14.53
2026-05-08 10:00:00,beam-2a,Beam 2A,121.4951,14.53
2026-05-08 10:00:00,beam-2b,Beam 2B,120.6604,14.53
2026-05-08 10:00:00,beam-3a,Beam 3A,118.5504,14.53
2026-05-08 10:00:00,beam-3b,Beam 3B,118.8974,14.53
2026-05-08 10:00:00,pier-cap-1,Pier Cap 1,95.6198,14.53
2026-05-08 10:00:00,pier-cap-2,Pier Cap 2,95.3643,14.53
2026-05-08 11:00:00,beam-1a,Beam 1A,121.4153,16.07
2026-05-08 11:00:00,beam-1b,Beam 1B,120.6934,16.07
2026-05-08 11:00:00,beam-2a,Beam 2A,121.6936,16.07
2026-05-08 11:00:00,beam-2b,Beam 2B,121.1452,16.07
2026-05-08 11:00:00,beam-3a,Beam 3A,118.9955,16.07
2026-05-08 11:00:00,beam-3b,Beam 3B,119.0823,16.07
2026-05-08 11:00:00,pier-cap-1,Pier Cap 1,95.322,16.07
2026-05-08 11:00:00,pier-cap-2,Pier Cap 2,95.7885,16.07
2026-05-08 12:00:00,beam-1a,Beam 1A,121.9286,17.84
2026-05-08 12:00:00,beam-1b,Beam 1B,121.3994,17.84
2026-05-08 12:00:00,beam-2a,Beam 2A,122.4131,17.84
2026-05-08 12:00:00,beam-2b,Beam 2B,121.8774,17.84
2026-05-08 12:00:00,beam-3a,Beam 3A,119.2086,17.84
2026-05-08 12:00:00,beam-3b,Beam 3B,119.8301,17.84
2026-05-08 12:00:00,pier-cap-1,Pier Cap 1,95.6619,17.84
2026-05-08 12:00:00,pier-cap-2,Pier Cap 2,96.2102,17.84
2026-05-08 13:00:00,beam-1a,Beam 1A,121.9677,18.28
2026-05-08 13:00:00,beam-1b,Beam 1B,121.2969,18.28
2026-05-08 13:00:00,beam-2a,Beam 2A,122.3996,18.28
2026-05-08 13:00:00,beam-2b,Beam 2B,121.3114,18.28
2026-05-08 13:00:00,beam-3a,Beam 3A,120.4092,18.28
2026-05-08 13:00:00,beam-3b,Beam 3B,120.0309,18.28
2026-05-08 13:00:00,pier-cap-1,Pier Cap 1,95.5961,18.28
2026-05-08 13:00:00,pier-cap-2,Pier Cap 2,96.289,18.28
2026-05-08 14:00:00,beam-1a,Beam 1A,121.934,19.1
2026-05-08 14:00:00,beam-1b,Beam 1B,121.6245,19.1
2026-05-08 14:00:00,beam-2a,Beam 2A,121.1257,19.1
2026-05-08 14:00:00,beam-2b,Beam 2B,121.8762,19.1
2026-05-08 14:00:00,beam-3a,Beam 3A,120.1879,19.1
2026-05-08 14:00:00,beam-3b,Beam 3B,120.1585,19.1
2026-05-08 14:00:00,pier-cap-1,Pier Cap 1,95.8181,19.1
2026-05-08 14:00:00,pier-cap-2,Pier Cap 2,96.4763,19.1
2026-05-08 15:00:00,beam-1a,Beam 1A,122.2573,20.78
2026-05-08 15:00:00,beam-1b,Beam 1B,121.7039,20.78
2026-05-08 15:00:00,beam-2a,Beam 2A,122.8735,20.78
2026-05-08 15:00:00,beam-2b,Beam 2B,122.6911,20.78
2026-05-08 15:00:00,beam-3a,Beam 3A,120.7545,20.78
2026-05-08 15:00:00,beam-3b,Beam 3B,119.6827,20.78
2026-05-08 15:00:00,pier-cap-1,Pier Cap 1,95.8468,20.78
2026-05-08 15:00:00,pier-cap-2,Pier Cap 2,97.0763,20.78
2026-05-08 16:00:00,beam-1a,Beam 1A,121.6151,19.17
2026-05-08 16:00:00,beam-1b,Beam 1B,120.1545,19.17
2026-05-08 16:00:00,beam-2a,Beam 2A,121.933,19.17
2026-05-08 16:00:00,beam-2b,Beam 2B,122.0188,19.17
2026-05-08 16:00:00,beam-3a,Beam 3A,119.557,19.17
2026-05-08 16:00:00,beam-3b,Beam 3B,120.2494,19.17
2026-05-08 16:00:00,pier-cap-1,Pier Cap 1,95.9843,19.17
2026-05-08 16:00:00,pier-cap-2,Pier Cap 2,96.9005,19.17
2026-05-08 17:00:00,beam-1a,Beam 1A,121.5133,18.55
2026-05-08 17:00:00,beam-1b,Beam 1B,121.0314,18.55
2026-05-08 17:00:00,beam-2a,Beam 2A,121.6411,18.55
2026-05-08 17:00:00,beam-2b,Beam 2B,122.3087,18.55
2026-05-08 17:00:00,beam-3a,Beam 3A,119.3034,18.55
2026-05-08 17:00:00,beam-3b,Beam 3B,119.549,18.55
2026-05-08 17:00:00,pier-cap-1,Pier Cap 1,96.1223,18.55
2026-05-08 17:00:00,pier-cap-2,Pier Cap 2,97.034,18.55
2026-05-08 18:00:00,beam-1a,Beam 1A,120.9591,18.61
2026-05-08 18:00:00,beam-1b,Beam 1B,121.038,18.61
2026-05-08 18:00:00,beam-2a,Beam 2A,122.1466,18.61
2026-05-08 18:00:00,beam-2b,Beam 2B,122.2754,18.61
2026-05-08 18:00:00,beam-3a,Beam 3A,120.3338,18.61
2026-05-08 18:00:00,beam-3b,Beam 3B,119.4216,18.61
2026-05-08 18:00:00,pier-cap-1,Pier Cap 1,95.706,18.61
2026-05-08 18:00:00,pier-cap-2,Pier Cap 2,95.954,18.61
2026-05-08 19:00:00,beam-1a,Beam 1A,121.0153,17.59
2026-05-08 19:00:00,beam-1b,Beam 1B,120.6419,17.59
2026-05-08 19:00:00,beam-2a,Beam 2A,122.1819,17.59
2026-05-08 19:00:00,beam-2b,Beam 2B,121.6206,17.59
2026-05-08 19:00:00,beam-3a,Beam 3A,119.5339,17.59
2026-05-08 19:00:00,beam-3b,Beam 3B,119.4323,17.59
2026-05-08 19:00:00,pier-cap-1,Pier Cap 1,95.7609,17.59
2026-05-08 19:00:00,pier-cap-2,Pier Cap 2,96.0313,17.59
2026-05-08 20:00:00,beam-1a,Beam 1A,120.3659,14.27
2026-05-08 20:00:00,beam-1b,Beam 1B,119.6961,14.27
2026-05-08 20:00:00,beam-2a,Beam 2A,120.6974,14.27
2026-05-08 20:00:00,beam-2b,Beam 2B,120.019,14.27
2026-05-08 20:00:00,beam-3a,Beam 3A,119.0449,14.27
2026-05-08 20:00:00,beam-3b,Beam 3B,119.1519,14.27
2026-05-08 20:00:00,pier-cap-1,Pier Cap 1,95.2241,14.27
2026-05-08 20:00:00,pier-cap-2,Pier Cap 2,95.9998,14.27
2026-05-08 21:00:00,beam-1a,Beam 1A,119.4783,12.78
2026-05-08 21:00:00,beam-1b,Beam 1B,119.8874,12.78
2026-05-08 21:00:00,beam-2a,Beam 2A,121.3374,12.78
2026-05-08 21:00:00,beam-2b,Beam 2B,120.2133,12.78
2026-05-08 21:00:00,beam-3a,Beam 3A,118.8661,12.78
2026-05-08 21:00:00,beam-3b,Beam 3B,118.767,12.78
2026-05-08 21:00:00,pier-cap-1,Pier Cap 1,95.3832,12.78
2026-05-08 21:00:00,pier-cap-2,Pier Cap 2,95.4305,12.78
2026-05-08 22:00:00,beam-1a,Beam 1A,119.3442,11.25
2026-05-08 22:00:00,beam-1b,Beam 1B,119.035,11.25
2026-05-08 22:00:00,beam-2a,Beam 2A,121.0554,11.25
2026-05-08 22:00:00,beam-2b,Beam 2B,120.6554,11.25
2026-05-08 22:00:00,beam-3a,Beam 3A,117.6797,11.25
2026-05-08 22:00:00,beam-3b,Beam 3B,118.1982,11.25
2026-05-08 22:00:00,pier-cap-1,Pier Cap 1,94.6541,11.25
2026-05-08 22:00:00,pier-cap-2,Pier Cap 2,95.5958,11.25
2026-05-08 23:00:00,beam-1a,Beam 1A,118.8518,10.12
2026-05-08 23:00:00,beam-1b,Beam 1B,118.8232,10.12
2026-05-08 23:00:00,beam-2a,Beam 2A,120.5421,10.12
2026-05-08 23:00:00,beam-2b,Beam 2B,119.5033,10.12
2026-05-08 23:00:00,beam-3a,Beam 3A,118.1473,10.12
2026-05-08 23:00:00,beam-3b,Beam 3B,118.3654,10.12
2026-05-08 23:00:00,pier-cap-1,Pier Cap 1,94.495,10.12
2026-05-08 23:00:00,pier-cap-2,Pier Cap 2,95.2297,10.12
2026-05-09 00:00:00,beam-1a,Beam 1A,118.4078,7.57
2026-05-09 00:00:00,beam-1b,Beam 1B,118.5576,7.57
2026-05-09 00:00:00,beam-2a,Beam 2A,119.6671,7.57
2026-05-09 00:00:00,beam-2b,Beam 2B,119.4835,7.57
2026-05-09 00:00:00,beam-3a,Beam 3A,117.8326,7.57
2026-05-09 00:00:00,beam-3b,Beam 3B,117.6374,7.57
2026-05-09 00:00:00,pier-cap-1,Pier Cap 1,94.0318,7.57
2026-05-09 00:00:00,pier-cap-2,Pier Cap 2,95.2594,7.57
2026-05-09 01:00:00,beam-1a,Beam 1A,118.1125,6.75
2026-05-09 01:00:00,beam-1b,Beam 1B,118.2331,6.75
2026-05-09 01:00:00,beam-2a,Beam 2A,119.4592,6.75
2026-05-09 01:00:00,beam-2b,Beam 2B,119.5864,6.75
2026-05-09 01:00:00,beam-3a,Beam 3A,118.1324,6.75
2026-05-09 01:00:00,beam-3b,Beam 3B,117.2329,6.75
2026-05-09 01:00:00,pier-cap-1,Pier Cap 1,93.822,6.75
2026-05-09 01:00:00,pier-cap-2,Pier Cap 2,94.9761,6.75
2026-05-09 02:00:00,beam-1a,Beam 1A,118.9856,6.46
2026-05-09 02:00:00,beam-1b,Beam 1B,117.8283,6.46
2026-05-09 02:00:00,beam-2a,Beam 2A,120.2033,6.46
2026-05-09 02:00:00,beam-2b,Beam 2B,119.9808,6.46
2026-05-09 02:00:00,beam-3a,Beam 3A,117.9462,6.46
2026-05-09 02:00:00,beam-3b,Beam 3B,117.1305,6.46
2026-05-09 02:00:00,pier-cap-1,Pier Cap 1,94.2785,6.46
2026-05-09 02:00:00,pier-cap-2,Pier Cap 2,94.938,6.46
2026-05-09 03:00:00,beam-1a,Beam 1A,119.0331,6.09
2026-05-09 03:00:00,beam-1b,Beam 1B,117.4067,6.09
2026-05-09 03:00:00,beam-2a,Beam 2A,119.1133,6.09
2026-05-09 03:00:00,beam-2b,Beam 2B,119.0878,6.09
2026-05-09 03:00:00,beam-3a,Beam 3A,117.8057,6.09
2026-05-09 03:00:00,beam-3b,Beam 3B,117.4505,6.09
2026-05-09 03:00:00,pier-cap-1,Pier Cap 1,94.0228,6.09
2026-05-09 03:00:00,pier-cap-2,Pier Cap 2,94.4398,6.09
2026-05-09 04:00:00,beam-1a,Beam 1A,118.9672,6.0
2026-05-09 04:00:00,beam-1b,Beam 1B,118.2121,6.0
2026-05-09 04:00:00,beam-2a,Beam 2A,120.1264,6.0
2026-05-09 04:00:00,beam-2b,Beam 2B,119.0433,6.0
2026-05-09 04:00:00,beam-3a,Beam 3A,117.0822,6.0
2026-05-09 04:00:00,beam-3b,Beam 3B,117.2617,6.0
2026-05-09 04:00:00,pier-cap-1,Pier Cap 1,94.0669,6.0
2026-05-09 04:00:00,pier-cap-2,Pier Cap 2,94.5213,6.0
2026-05-09 05:00:00,beam-1a,Beam 1A,119.8072,6.8
2026-05-09 05:00:00,beam-1b,Beam 1B,118.9833,6.8
2026-05-09 05:00:00,beam-2a,Beam 2A,119.7938,6.8
2026-05-09 05:00:00,beam-2b,Beam 2B,119.4389,6.8
2026-05-09 05:00:00,beam-3a,Beam 3A,116.971,6.8
2026-05-09 05:00:00,beam-3b,Beam 3B,116.9605,6.8
2026-05-09 05:00:00,pier-cap-1,Pier Cap 1,94.5523,6.8
2026-05-09 05:00:00,pier-cap-2,Pier Cap 2,94.5784,6.8
2026-05-09 06:00:00,beam-1a,Beam 1A,119.3389,7.42
2026-05-09 06:00:00,beam-1b,Beam 1B,118.8815,7.42
2026-05-09 06:00:00,beam-2a,Beam 2A,119.9448,7.42
2026-05-09 06:00:00,beam-2b,Beam 2B,119.7235,7.42
2026-05-09 06:00:00,beam-3a,Beam 3A,118.3449,7.42
2026-05-09 06:00:00,beam-3b,Beam 3B,117.8555,7.42
2026-05-09 06:00:00,pier-cap-1,Pier Cap 1,94.662,7.42
2026-05-09 06:00:00,pier-cap-2,Pier Cap 2,94.3106,7.42
2026-05-09 07:00:00,beam-1a,Beam 1A,120.996,9.32
2026-05-09 07:00:00,beam-1b,Beam 1B,119.8153,9.32
2026-05-09 07:00:00,beam-2a,Beam 2A,119.6808,9.32
2026-05-09 07:00:00,beam-2b,Beam 2B,119.9023,9.32
2026-05-09 07:00:00,beam-3a,Beam 3A,117.6513,9.32
2026-05-09 07:00:00,beam-3b,Beam 3B,117.7527,9.32
2026-05-09 07:00:00,pier-cap-1,Pier Cap 1,94.0541,9.32
2026-05-09 07:00:00,pier-cap-2,Pier Cap 2,95.4895,9.32
2026-05-09 08:00:00,beam-1a,Beam 1A,120.3414,11.0
2026-05-09 08:00:00,beam-1b,Beam 1B,120.0731,11.0
2026-05-09 08:00:00,beam-2a,Beam 2A,120.6407,11.0
2026-05-09 08:00:00,beam-2b,Beam 2B,120.7191,11.0
2026-05-09 08:00:00,beam-3a,Beam 3A,118.0066,11.0
2026-05-09 08:00:00,beam-3b,Beam 3B,118.7967,11.0
2026-05-09 08:00:00,pier-cap-1,Pier Cap 1,94.9939,11.0
2026-05-09 08:00:00,pier-cap-2,Pier Cap 2,95.5232,11.0
2026-05-09 09:00:00,beam-1a,Beam 1A,120.9809,13.01
2026-05-09 09:00:00,beam-1b,Beam 1B,120.9424,13.01
2026-05-09 09:00:00,beam-2a,Beam 2A,121.3471,13.01
2026-05-09 09:00:00,beam-2b,Beam 2B,120.382,13.01
2026-05-09 09:00:00,beam-3a,Beam 3A,118.8706,13.01
2026-05-09 09:00:00,beam-3b,Beam 3B,118.1305,13.01
2026-05-09 09:00:00,pier-cap-1,Pier Cap 1,95.1689,13.01
2026-05-09 09:00:00,pier-cap-2,Pier Cap 2,95.4977,13.01
2026-05-09 10:00:00,beam-1a,Beam 1A,121.1456,14.5
2026-05-09 10:00:00,beam-1b,Beam 1B,120.7815,14.5
2026-05-09 10:00:00,beam-2a,Beam 2A,120.8664,14.5
2026-05-09 10:00:00,beam-2b,Beam 2B,121.049,14.5
2026-05-09 10:00:00,beam-3a,Beam 3A,119.3098,14.5
2026-05-09 10:00:00,beam-3b,Beam 3B,118.8427,14.5
2026-05-09 10:00:00,pier-cap-1,Pier Cap 1,95.1872,14.5
2026-05-09 10:00:00,pier-cap-2,Pier Cap 2,96.2171,14.5
2026-05-09 11:00:00,beam-1a,Beam 1A,121.9071,16.6
2026-05-09 11:00:00,beam-1b,Beam 1B,121.5405,16.6
2026-05-09 11:00:00,beam-2a,Beam 2A,122.0202,16.6
2026-05-09 11:00:00,beam-2b,Beam 2B,121.5989,16.6
2026-05-09 11:00:00,beam-3a,Beam 3A,119.207,16.6
2026-05-09 11:00:00,beam-3b,Beam 3B,119.0597,16.6
2026-05-09 11:00:00,pier-cap-1,Pier Cap 1,95.7389,16.6
2026-05-09 11:00:00,pier-cap-2,Pier Cap 2,95.9515,16.6
2026-05-09 12:00:00,beam-1a,Beam 1A,122.3891,18.27
2026-05-09 12:00:00,beam-1b,Beam 1B,121.8737,18.27
2026-05-09 12:00:00,beam-2a,Beam 2A,122.1896,18.27
2026-05-09 12:00:00,beam-2b,Beam 2B,121.5939,18.27
2026-05-09 12:00:00,beam-3a,Beam 3A,120.0261,18.27
2026-05-09 12:00:00,beam-3b,Beam 3B,119.2799,18.27
2026-05-09 12:00:00,pier-cap-1,Pier Cap 1,95.3726,18.27
2026-05-09 12:00:00,pier-cap-2,Pier Cap 2,95.8391,18.27
2026-05-09 13:00:00,beam-1a,Beam 1A,122.1815,19.04
2026-05-09 13:00:00,beam-1b,Beam 1B,122.347,19.04
2026-05-09 13:00:00,beam-2a,Beam 2A,122.0504,19.04
2026-05-09 13:00:00,beam-2b,Beam 2B,122.2438,19.04
2026-05-09 13:00:00,beam-3a,Beam 3A,119.3439,19.04
2026-05-09 13:00:00,beam-3b,Beam 3B,119.5971,19.04
2026-05-09 13:00:00,pier-cap-1,Pier Cap 1,96.4447,19.04
2026-05-09 13:00:00,pier-cap-2,Pier Cap 2,96.8081,19.04
2026-05-09 14:00:00,beam-1a,Beam 1A,122.9391,19.82
2026-05-09 14:00:00,beam-1b,Beam 1B,121.3199,19.82
2026-05-09 14:00:00,beam-2a,Beam 2A,122.8053,19.82
2026-05-09 14:00:00,beam-2b,Beam 2B,122.1231,19.82
2026-05-09 14:00:00,beam-3a,Beam 3A,120.0171,19.82
2026-05-09 14:00:00,beam-3b,Beam 3B,120.535,19.82
2026-05-09 14:00:00,pier-cap-1,Pier Cap 1,96.2771,19.82
2026-05-09 14:00:00,pier-cap-2,Pier Cap 2,96.239,19.82
2026-05-09 15:00:00,beam-1a,Beam 1A,122.3141,19.94
2026-05-09 15:00:00,beam-1b,Beam 1B,121.67,19.94
2026-05-09 15:00:00,beam-2a,Beam 2A,121.6064,19.94
2026-05-09 15:00:00,beam-2b,Beam 2B,122.4028,19.94
2026-05-09 15:00:00,beam-3a,Beam 3A,119.3408,19.94
2026-05-09 15:00:00,beam-3b,Beam 3B,119.9881,19.94
2026-05-09 15:00:00,pier-cap-1,Pier Cap 1,95.8809,19.94
2026-05-09 15:00:00,pier-cap-2,Pier Cap 2,96.5817,19.94
2026-05-09 16:00:00,beam-1a,Beam 1A,122.1296,19.68
2026-05-09 16:00:00,beam-1b,Beam 1B,121.9319,19.68
2026-05-09 16:00:00,beam-2a,Beam 2A,122.574,19.68
2026-05-09 16:00:00,beam-2b,Beam 2B,122.113,19.68
2026-05-09 16:00:00,beam-3a,Beam 3A,120.0018,19.68
2026-05-09 16:00:00,beam-3b,Beam 3B,119.6115,19.68
2026-05-09 16:00:00,pier-cap-1,Pier Cap 1,95.9259,19.68
2026-05-09 16:00:00,pier-cap-2,Pier Cap 2,96.6633,19.68
2026-05-09 17:00:00,beam-1a,Beam 1A,121.3344,18.69
2026-05-09 17:00:00,beam-1b,Beam 1B,121.7936,18.69
2026-05-09 17:00:00,beam-2a,Beam 2A,122.8855,18.69
2026-05-09 17:00:00,beam-2b,Beam 2B,121.9883,18.69
2026-05-09 17:00:00,beam-3a,Beam 3A,119.0002,18.69
2026-05-09 17:00:00,beam-3b,Beam 3B,119.0608,18.69
2026-05-09 17:00:00,pier-cap-1,Pier Cap 1,95.4424,18.69
2026-05-09 17:00:00,pier-cap-2,Pier Cap 2,96.569,18.69
2026-05-09 18:00:00,beam-1a,Beam 1A,121.5171,17.99
2026-05-09 18:00:00,beam-1b,Beam 1B,121.0547,17.99
2026-05-09 18:00:00,beam-2a,Beam 2A,122.6743,17.99
2026-05-09 18:00:00,beam-2b,Beam 2B,121.4454,17.99
2026-05-09 18:00:00,beam-3a,Beam 3A,119.1837,17.99
2026-05-09 18:00:00,beam-3b,Beam 3B,118.9659,17.99
2026-05-09 18:00:00,pier-cap-1,Pier Cap 1,95.7545,17.99
2026-05-09 18:00:00,pier-cap-2,Pier Cap 2,96.6033,17.99
2026-05-09 19:00:00,beam-1a,Beam 1A,120.8638,16.38
2026-05-09 19:00:00,beam-1b,Beam 1B,120.4083,16.38
2026-05-09 19:00:00,beam-2a,Beam 2A,121.9312,16.38
2026-05-09 19:00:00,beam-2b,Beam 2B,121.123,16.38
2026-05-09 19:00:00,beam-3a,Beam 3A,119.7264,16.38
2026-05-09 19:00:00,beam-3b,Beam 3B,119.0737,16.38
2026-05-09 19:00:00,pier-cap-1,Pier Cap 1,95.4616,16.38
2026-05-09 19:00:00,pier-cap-2,Pier Cap 2,96.2807,16.38
2026-05-09 20:00:00,beam-1a,Beam 1A,120.379,15.56
2026-05-09 20:00:00,beam-1b,Beam 1B,120.4569,15.56
2026-05-09 20:00:00,beam-2a,Beam 2A,121.4922,15.56
2026-05-09 20:00:00,beam-2b,Beam 2B,121.7026,15.56
2026-05-09 20:00:00,beam-3a,Beam 3A,119.7655,15.56
2026-05-09 20:00:00,beam-3b,Beam 3B,118.8854,15.56
2026-05-09 20:00:00,pier-cap-1,Pier Cap 1,95.0871,15.56
2026-05-09 20:00:00,pier-cap-2,Pier Cap 2,96.1496,15.56
2026-05-09 21:00:00,beam-1a,Beam 1A,119.8323,13.54
2026-05-09 21:00:00,beam-1b,Beam 1B,120.0082,13.54
2026-05-09 21:00:00,beam-2a,Beam 2A,120.9546,13.54
2026-05-09 21:00:00,beam-2b,Beam 2B,121.0631,13.54
2026-05-09 21:00:00,beam-3a,Beam 3A,118.7341,13.54
2026-05-09 21:00:00,beam-3b,Beam 3B,118.645,13.54
2026-05-09 21:00:00,pier-cap-1,Pier Cap 1,95.4147,13.54
2026-05-09 21:00:00,pier-cap-2,Pier Cap 2,95.4445,13.54
2026-05-09 22:00:00,beam-1a,Beam 1A,120.5243,11.26
2026-05-09 22:00:00,beam-1b,Beam 1B,119.0633,11.26
2026-05-09 22:00:00,beam-2a,Beam 2A,120.6304,11.26
2026-05-09 22:00:00,beam-2b,Beam 2B,119.9424,11.26
2026-05-09 22:00:00,beam-3a,Beam 3A,118.3335,11.26
2026-05-09 22:00:00,beam-3b,Beam 3B,117.4937,11.26
2026-05-09 22:00:00,pier-cap-1,Pier Cap 1,95.2217,11.26
2026-05-09 22:00:00,pier-cap-2,Pier Cap 2,95.4269,11.26
2026-05-09 23:00:00,beam-1a,Beam 1A,119.0501,9.11
2026-05-09 23:00:00,beam-1b,Beam 1B,118.8579,9.11
2026-05-09 23:00:00,beam-2a,Beam 2A,120.5395,9.11
2026-05-09 23:00:00,beam-2b,Beam 2B,119.9943,9.11
2026-05-09 23:00:00,beam-3a,Beam 3A,117.9149,9.11
2026-05-09 23:00:00,beam-3b,Beam 3B,117.8488,9.11
2026-05-09 23:00:00,pier-cap-1,Pier Cap 1,94.5083,9.11
2026-05-09 23:00:00,pier-cap-2,Pier Cap 2,94.5648,9.11
2026-05-10 00:00:00,beam-1a,Beam 1A,118.2628,7.01
2026-05-10 00:00:00,beam-1b,Beam 1B,118.7859,7.01
2026-05-10 00:00:00,beam-2a,Beam 2A,119.5788,7.01
2026-05-10 00:00:00,beam-2b,Beam 2B,118.5522,7.01
2026-05-10 00:00:00,beam-3a,Beam 3A,117.4762,7.01
2026-05-10 00:00:00,beam-3b,Beam 3B,117.8414,7.01
2026-05-10 00:00:00,pier-cap-1,Pier Cap 1,94.1096,7.01
2026-05-10 00:00:00,pier-cap-2,Pier Cap 2,95.1699,7.01
2026-05-10 01:00:00,beam-1a,Beam 1A,118.5107,6.82
2026-05-10 01:00:00,beam-1b,Beam 1B,119.0167,6.82
2026-05-10 01:00:00,beam-2a,Beam 2A,120.1665,6.82
2026-05-10 01:00:00,beam-2b,Beam 2B,119.234,6.82
2026-05-10 01:00:00,beam-3a,Beam 3A,117.3573,6.82
2026-05-10 01:00:00,beam-3b,Beam 3B,118.0134,6.82
2026-05-10 01:00:00,pier-cap-1,Pier Cap 1,94.3031,6.82
2026-05-10 01:00:00,pier-cap-2,Pier Cap 2,94.2519,6.82
2026-05-10 02:00:00,beam-1a,Beam 1A,118.6534,5.75
2026-05-10 02:00:00,beam-1b,Beam 1B,118.5314,5.75
2026-05-10 02:00:00,beam-2a,Beam 2A,120.5027,5.75
2026-05-10 02:00:00,beam-2b,Beam 2B,119.6338,5.75
2026-05-10 02:00:00,beam-3a,Beam 3A,117.7364,5.75
2026-05-10 02:00:00,beam-3b,Beam 3B,116.5789,5.75
2026-05-10 02:00:00,pier-cap-1,Pier Cap 1,94.0062,5.75
2026-05-10 02:00:00,pier-cap-2,Pier Cap 2,94.4081,5.75
2026-05-10 03:00:00,beam-1a,Beam 1A,118.935,5.6
2026-05-10 03:00:00,beam-1b,Beam 1B,118.3591,5.6
2026-05-10 03:00:00,beam-2a,Beam 2A,119.5943,5.6
2026-05-10 03:00:00,beam-2b,Beam 2B,119.169,5.6
2026-05-10 03:00:00,beam-3a,Beam 3A,117.5015,5.6
2026-05-10 03:00:00,beam-3b,Beam 3B,116.9326,5.6
2026-05-10 03:00:00,pier-cap-1,Pier Cap 1,93.6647,5.6
2026-05-10 03:00:00,pier-cap-2,Pier Cap 2,94.0937,5.6
2026-05-10 04:00:00,beam-1a,Beam 1A,118.9658,4.94
2026-05-10 04:00:00,beam-1b,Beam 1B,118.3527,4.94
2026-05-10 04:00:00,beam-2a,Beam 2A,118.9511,4.94
2026-05-10 04:00:00,beam-2b,Beam 2B,119.136,4.94
2026-05-10 04:00:00,beam-3a,Beam 3A,117.2521,4.94
2026-05-10 04:00:00,beam-3b,Beam 3B,116.7904,4.94
2026-05-10 04:00:00,pier-cap-1,Pier Cap 1,93.6958,4.94
2026-05-10 04:00:00,pier-cap-2,Pier Cap 2,94.1726,4.94
2026-05-10 05:00:00,beam-1a,Beam 1A,119.5444,6.71
2026-05-10 05:00:00,beam-1b,Beam 1B,119.1027,6.71
2026-05-10 05:00:00,beam-2a,Beam 2A,119.3045,6.71
2026-05-10 05:00:00,beam-2b,Beam 2B,118.2359,6.71
2026-05-10 05:00:00,beam-3a,Beam 3A,117.3852,6.71
2026-05-10 05:00:00,beam-3b,Beam 3B,117.4763,6.71
2026-05-10 05:00:00,pier-cap-1,Pier Cap 1,94.0679,6.71
2026-05-10 05:00:00,pier-cap-2,Pier Cap 2,94.6609,6.71
2026-05-10 06:00:00,beam-1a,Beam 1A,119.4589,7.64
2026-05-10 06:00:00,beam-1b,Beam 1B,119.2441,7.64
2026-05-10 06:00:00,beam-2a,Beam 2A,120.3377,7.64
2026-05-10 06:00:00,beam-2b,Beam 2B,119.4702,7.64
2026-05-10 06:00:00,beam-3a,Beam 3A,117.2693,7.64
2026-05-10 06:00:00,beam-3b,Beam 3B,117.1738,7.64
2026-05-10 06:00:00,pier-cap-1,Pier Cap 1,94.3698,7.64
2026-05-10 06:00:00,pier-cap-2,Pier Cap 2,94.6367,7.64
2026-05-10 07:00:00,beam-1a,Beam 1A,120.1388,8.46
2026-05-10 07:00:00,beam-1b,Beam 1B,119.686,8.46
2026-05-10 07:00:00,beam-2a,Beam 2A,120.1679,8.46
2026-05-10 07:00:00,beam-2b,Beam 2B,119.9272,8.46
2026-05-10 07:00:00,beam-3a,Beam 3A,118.3041,8.46
2026-05-10 07:00:00,beam-3b,Beam 3B,118.346,8.46
2026-05-10 07:00:00,pier-cap-1,Pier Cap 1,94.4217,8.46
2026-05-10 07:00:00,pier-cap-2,Pier Cap 2,95.2622,8.46
2026-05-10 08:00:00,beam-1a,Beam 1A,120.2132,10.4
2026-05-10 08:00:00,beam-1b,Beam 1B,119.7496,10.4
2026-05-10 08:00:00,beam-2a,Beam 2A,120.9313,10.4
2026-05-10 08:00:00,beam-2b,Beam 2B,120.3667,10.4
2026-05-10 08:00:00,beam-3a,Beam 3A,118.433,10.4
2026-05-10 08:00:00,beam-3b,Beam 3B,118.1418,10.4
2026-05-10 08:00:00,pier-cap-1,Pier Cap 1,94.7736,10.4
2026-05-10 08:00:00,pier-cap-2,Pier Cap 2,95.2785,10.4
2026-05-10 09:00:00,beam-1a,Beam 1A,120.8137,12.51
2026-05-10 09:00:00,beam-1b,Beam 1B,121.0845,12.51
2026-05-10 09:00:00,beam-2a,Beam 2A,120.7883,12.51
2026-05-10 09:00:00,beam-2b,Beam 2B,120.9867,12.51
2026-05-10 09:00:00,beam-3a,Beam 3A,118.439,12.51
2026-05-10 09:00:00,beam-3b,Beam 3B,118.4836,12.51
2026-05-10 09:00:00,pier-cap-1,Pier Cap 1,94.5689,12.51
2026-05-10 09:00:00,pier-cap-2,Pier Cap 2,95.3875,12.51
2026-05-10 10:00:00,beam-1a,Beam 1A,121.1276,14.24
2026-05-10 10:00:00,beam-1b,Beam 1B,120.6498,14.24
2026-05-10 10:00:00,beam-2a,Beam 2A,121.6795,14.24
2026-05-10 10:00:00,beam-2b,Beam 2B,120.8631,14.24
2026-05-10 10:00:00,beam-3a,Beam 3A,118.6065,14.24
2026-05-10 10:00:00,beam-3b,Beam 3B,119.4123,14.24
2026-05-10 10:00:00,pier-cap-1,Pier Cap 1,95.485,14.24
2026-05-10 10:00:00,pier-cap-2,Pier Cap 2,95.7453,14.24
2026-05-10 11:00:00,beam-1a,Beam 1A,121.3753,15.79
2026-05-10 11:00:00,beam-1b,Beam 1B,121.24,15.79
2026-05-10 11:00:00,beam-2a,Beam 2A,121.594,15.79
2026-05-10 11:00:00,beam-2b,Beam 2B,121.191,15.79
2026-05-10 11:00:00,beam-3a,Beam 3A,118.7634,15.79
2026-05-10 11:00:00,beam-3b,Beam 3B,119.1438,15.79
2026-05-10 11:00:00,pier-cap-1,Pier Cap 1,95.519,15.79
2026-05-10 11:00:00,pier-cap-2,Pier Cap 2,96.3839,15.79
2026-05-10 12:00:00,beam-1a,Beam 1A,122.4517,17.31
2026-05-10 12:00:00,beam-1b,Beam 1B,121.7133,17.31
2026-05-10 12:00:00,beam-2a,Beam 2A,121.6693,17.31
2026-05-10 12:00:00,beam-2b,Beam 2B,121.0295,17.31
2026-05-10 12:00:00,beam-3a,Beam 3A,119.8353,17.31
2026-05-10 12:00:00,beam-3b,Beam 3B,119.5793,17.31
2026-05-10 12:00:00,pier-cap-1,Pier Cap 1,96.5126,17.31
2026-05-10 12:00:00,pier-cap-2,Pier Cap 2,96.5194,17.31
2026-05-10 13:00:00,beam-1a,Beam 1A,122.476,18.36
2026-05-10 13:00:00,beam-1b,Beam 1B,122.5318,18.36
2026-05-10 13:00:00,beam-2a,Beam 2A,122.0126,18.36
2026-05-10 13:00:00,beam-2b,Beam 2B,121.6911,18.36
2026-05-10 13:00:00,beam-3a,Beam 3A,119.4583,18.36
2026-05-10 13:00:00,beam-3b,Beam 3B,119.3765,18.36
2026-05-10 13:00:00,pier-cap-1,Pier Cap 1,95.7884,18.36
2026-05-10 13:00:00,pier-cap-2,Pier Cap 2,96.0631,18.36
2026-05-10 14:00:00,beam-1a,Beam 1A,122.6484,19.23
2026-05-10 14:00:00,beam-1b,Beam 1B,121.7587,19.23
2026-05-10 14:00:00,beam-2a,Beam 2A,121.8664,19.23
2026-05-10 14:00:00,beam-2b,Beam 2B,121.4405,19.23
2026-05-10 14:00:00,beam-3a,Beam 3A,119.7722,19.23
2026-05-10 14:00:00,beam-3b,Beam 3B,119.3232,19.23
2026-05-10 14:00:00,pier-cap-1,Pier Cap 1,96.1309,19.23
2026-05-10 14:00:00,pier-cap-2,Pier Cap 2,96.3297,19.23
2026-05-10 15:00:00,beam-1a,Beam 1A,122.3097,19.99
2026-05-10 15:00:00,beam-1b,Beam 1B,121.6629,19.99
2026-05-10 15:00:00,beam-2a,Beam 2A,123.2941,19.99
2026-05-10 15:00:00,beam-2b,Beam 2B,121.3592,19.99
2026-05-10 15:00:00,beam-3a,Beam 3A,119.9222,19.99
2026-05-10 15:00:00,beam-3b,Beam 3B,119.7349,19.99
2026-05-10 15:00:00,pier-cap-1,Pier Cap 1,96.9976,19.99
2026-05-10 15:00:00,pier-cap-2,Pier Cap 2,96.7912,19.99
2026-05-10 16:00:00,beam-1a,Beam 1A,122.0718,18.14
2026-05-10 16:00:00,beam-1b,Beam 1B,121.2071,18.14
2026-05-10 16:00:00,beam-2a,Beam 2A,122.0891,18.14
2026-05-10 16:00:00,beam-2b,Beam 2B,121.2936,18.14
2026-05-10 16:00:00,beam-3a,Beam 3A,120.0207,18.14
2026-05-10 16:00:00,beam-3b,Beam 3B,120.3617,18.14
2026-05-10 16:00:00,pier-cap-1,Pier Cap 1,95.929,18.14
2026-05-10 16:00:00,pier-cap-2,Pier Cap 2,96.4767,18.14
2026-05-10 17:00:00,beam-1a,Beam 1A,121.0694,18.37
2026-05-10 17:00:00,beam-1b,Beam 1B,121.8665,18.37
2026-05-10 17:00:00,beam-2a,Beam 2A,122.432,18.37
2026-05-10 17:00:00,beam-2b,Beam 2B,122.3776,18.37
2026-05-10 17:00:00,beam-3a,Beam 3A,119.8699,18.37
2026-05-10 17:00:00,beam-3b,Beam 3B,119.862,18.37
2026-05-10 17:00:00,pier-cap-1,Pier Cap 1,95.8853,18.37
2026-05-10 17:00:00,pier-cap-2,Pier Cap 2,96.0905,18.37
2026-05-10 18:00:00,beam-1a,Beam 1A,121.6056,17.42
2026-05-10 18:00:00,beam-1b,Beam 1B,119.9192,17.42
2026-05-10 18:00:00,beam-2a,Beam 2A,121.77,17.42
2026-05-10 18:00:00,beam-2b,Beam 2B,121.4765,17.42
2026-05-10 18:00:00,beam-3a,Beam 3A,118.9787,17.42
2026-05-10 18:00:00,beam-3b,Beam 3B,119.5566,17.42
2026-05-10 18:00:00,pier-cap-1,Pier Cap 1,95.4675,17.42
2026-05-10 18:00:00,pier-cap-2,Pier Cap 2,96.4883,17.42
2026-05-10 19:00:00,beam-1a,Beam 1A,120.9269,16.02
2026-05-10 19:00:00,beam-1b,Beam 1B,120.1139,16.02
2026-05-10 19:00:00,beam-2a,Beam 2A,121.2836,16.02
2026-05-10 19:00:00,beam-2b,Beam 2B,121.3923,16.02
2026-05-10 19:00:00,beam-3a,Beam 3A,119.9925,16.02
2026-05-10 19:00:00,beam-3b,Beam 3B,118.8524,16.02
2026-05-10 19:00:00,pier-cap-1,Pier Cap 1,96.0117,16.02
2026-05-10 19:00:00,pier-cap-2,Pier Cap 2,95.786,16.02
2026-05-10 20:00:00,beam-1a,Beam 1A,120.5478,14.07
2026-05-10 20:00:00,beam-1b,Beam 1B,120.8843,14.07
2026-05-10 20:00:00,beam-2a,Beam 2A,121.2197,14.07
2026-05-10 20:00:00,beam-2b,Beam 2B,120.7079,14.07
2026-05-10 20:00:00,beam-3a,Beam 3A,119.622,14.07
2026-05-10 20:00:00,beam-3b,Beam 3B,119.1415,14.07
2026-05-10 20:00:00,pier-cap-1,Pier Cap 1,94.9122,14.07
2026-05-10 20:00:00,pier-cap-2,Pier Cap 2,96.1511,14.07
2026-05-10 21:00:00,beam-1a,Beam 1A,119.8952,11.7
2026-05-10 21:00:00,beam-1b,Beam 1B,119.569,11.7
2026-05-10 21:00:00,beam-2a,Beam 2A,121.2806,11.7
2026-05-10 21:00:00,beam-2b,Beam 2B,119.7239,11.7
2026-05-10 21:00:00,beam-3a,Beam 3A,118.0585,11.7
2026-05-10 21:00:00,beam-3b,Beam 3B,117.8979,11.7
2026-05-10 21:00:00,pier-cap-1,Pier Cap 1,95.0332,11.7
2026-05-10 21:00:00,pier-cap-2,Pier Cap 2,95.5639,11.7
2026-05-10 22:00:00,beam-1a,Beam 1A,119.1252,10.72
2026-05-10 22:00:00,beam-1b,Beam 1B,118.6836,10.72
2026-05-10 22:00:00,beam-2a,Beam 2A,120.4363,10.72
2026-05-10 22:00:00,beam-2b,Beam 2B,120.619,10.72
2026-05-10 22:00:00,beam-3a,Beam 3A,117.1694,10.72
2026-05-10 22:00:00,beam-3b,Beam 3B,117.6389,10.72
2026-05-10 22:00:00,pier-cap-1,Pier Cap 1,94.6164,10.72
2026-05-10 22:00:00,pier-cap-2,Pier Cap 2,94.9189,10.72
2026-05-10 23:00:00,beam-1a,Beam 1A,118.7071,9.59
2026-05-10 23:00:00,beam-1b,Beam 1B,118.8167,9.59
2026-05-10 23:00:00,beam-2a,Beam 2A,120.0707,9.59
2026-05-10 23:00:00,beam-2b,Beam 2B,119.15,9.59
2026-05-10 23:00:00,beam-3a,Beam 3A,117.813,9.59
2026-05-10 23:00:00,beam-3b,Beam 3B,117.7773,9.59
2026-05-10 23:00:00,pier-cap-1,Pier Cap 1,94.5323,9.59
2026-05-10 23:00:00,pier-cap-2,Pier Cap 2,94.9304,9.59
2026-05-11 00:00:00,beam-1a,Beam 1A,118.5719,7.37
2026-05-11 00:00:00,beam-1b,Beam 1B,118.4447,7.37
2026-05-11 00:00:00,beam-2a,Beam 2A,120.0357,7.37
2026-05-11 00:00:00,beam-2b,Beam 2B,119.3516,7.37
2026-05-11 00:00:00,beam-3a,Beam 3A,118.0427,7.37
2026-05-11 00:00:00,beam-3b,Beam 3B,118.2339,7.37
2026-05-11 00:00:00,pier-cap-1,Pier Cap 1,93.828,7.37
2026-05-11 00:00:00,pier-cap-2,Pier Cap 2,94.5912,7.37
2026-05-11 01:00:00,beam-1a,Beam 1A,118.9923,7.21
2026-05-11 01:00:00,beam-1b,Beam 1B,118.6907,7.21
2026-05-11 01:00:00,beam-2a,Beam 2A,120.1425,7.21
2026-05-11 01:00:00,beam-2b,Beam 2B,119.521,7.21
2026-05-11 01:00:00,beam-3a,Beam 3A,118.4132,7.21
2026-05-11 01:00:00,beam-3b,Beam 3B,118.185,7.21
2026-05-11 01:00:00,pier-cap-1,Pier Cap 1,94.6351,7.21
2026-05-11 01:00:00,pier-cap-2,Pier Cap 2,94.7801,7.21
2026-05-11 02:00:00,beam-1a,Beam 1A,118.9098,6.04
2026-05-11 02:00:00,beam-1b,Beam 1B,118.9121,6.04
2026-05-11 02:00:00,beam-2a,Beam 2A,120.3648,6.04
2026-05-11 02:00:00,beam-2b,Beam 2B,119.3998,6.04
2026-05-11 02:00:00,beam-3a,Beam 3A,117.3296,6.04
2026-05-11 02:00:00,beam-3b,Beam 3B,117.1393,6.04
2026-05-11 02:00:00,pier-cap-1,Pier Cap 1,93.9724,6.04
2026-05-11 02:00:00,pier-cap-2,Pier Cap 2,94.4945,6.04
2026-05-11 03:00:00,beam-1a,Beam 1A,118.2615,5.91
2026-05-11 03:00:00,beam-1b,Beam 1B,118.4762,5.91
2026-05-11 03:00:00,beam-2a,Beam 2A,119.8228,5.91
2026-05-11 03:00:00,beam-2b,Beam 2B,118.9907,5.91
2026-05-11 03:00:00,beam-3a,Beam 3A,117.9892,5.91
2026-05-11 03:00:00,beam-3b,Beam 3B,117.0363,5.91
2026-05-11 03:00:00,pier-cap-1,Pier Cap 1,93.6714,5.91
2026-05-11 03:00:00,pier-cap-2,Pier Cap 2,94.1923,5.91
2026-05-11 04:00:00,beam-1a,Beam 1A,118.4991,5.75
2026-05-11 04:00:00,beam-1b,Beam 1B,118.2536,5.75
2026-05-11 04:00:00,beam-2a,Beam 2A,119.9073,5.75
2026-05-11 04:00:00,beam-2b,Beam 2B,118.5145,5.75
2026-05-11 04:00:00,beam-3a,Beam 3A,116.3319,5.75
2026-05-11 04:00:00,beam-3b,Beam 3B,116.6681,5.75
2026-05-11 04:00:00,pier-cap-1,Pier Cap 1,94.3881,5.75
2026-05-11 04:00:00,pier-cap-2,Pier Cap 2,94.094,5.75
2026-05-11 05:00:00,beam-1a,Beam 1A,118.9364,6.74
2026-05-11 05:00:00,beam-1b,Beam 1B,119.065,6.74
2026-05-11 05:00:00,beam-2a,Beam 2A,120.1347,6.74
2026-05-11 05:00:00,beam-2b,Beam 2B,119.1266,6.74
2026-05-11 05:00:00,beam-3a,Beam 3A,117.1711,6.74
2026-05-11 05:00:00,beam-3b,Beam 3B,117.457,6.74
2026-05-11 05:00:00,pier-cap-1,Pier Cap 1,94.009,6.74
2026-05-11 05:00:00,pier-cap-2,Pier Cap 2,94.825,6.74
2026-05-11 06:00:00,beam-1a,Beam 1A,119.5447,8.5
2026-05-11 06:00:00,beam-1b,Beam 1B,119.0253,8.5
2026-05-11 06:00:00,beam-2a,Beam 2A,119.7391,8.5
2026-05-11 06:00:00,beam-2b,Beam 2B,119.5008,8.5
2026-05-11 06:00:00,beam-3a,Beam 3A,117.7267,8.5
2026-05-11 06:00:00,beam-3b,Beam 3B,117.822,8.5
2026-05-11 06:00:00,pier-cap-1,Pier Cap 1,94.5256,8.5
2026-05-11 06:00:00,pier-cap-2,Pier Cap 2,95.0111,8.5
2026-05-11 07:00:00,beam-1a,Beam 1A,119.589,9.66
2026-05-11 07:00:00,beam-1b,Beam 1B,119.304,9.66
2026-05-11 07:00:00,beam-2a,Beam 2A,120.0475,9.66
2026-05-11 07:00:00,beam-2b,Beam 2B,119.7236,9.66
2026-05-11 07:00:00,beam-3a,Beam 3A,118.7351,9.66
2026-05-11 07:00:00,beam-3b,Beam 3B,118.2625,9.66
2026-05-11 07:00:00,pier-cap-1,Pier Cap 1,94.852,9.66
2026-05-11 07:00:00,pier-cap-2,Pier Cap 2,95.1313,9.66
2026-05-11 08:00:00,beam-1a,Beam 1A,120.0923,11.81
2026-05-11 08:00:00,beam-1b,Beam 1B,119.5741,11.81
2026-05-11 08:00:00,beam-2a,Beam 2A,120.4289,11.81
2026-05-11 08:00:00,beam-2b,Beam 2B,120.8505,11.81
2026-05-11 08:00:00,beam-3a,Beam 3A,119.196,11.81
2026-05-11 08:00:00,beam-3b,Beam 3B,118.7131,11.81
2026-05-11 08:00:00,pier-cap-1,Pier Cap 1,95.064,11.81
2026-05-11 08:00:00,pier-cap-2,Pier Cap 2,95.5031,11.81
2026-05-11 09:00:00,beam-1a,Beam 1A,120.7027,13.4
2026-05-11 09:00:00,beam-1b,Beam 1B,120.0425,13.4
2026-05-11 09:00:00,beam-2a,Beam 2A,120.6475,13.4
2026-05-11 09:00:00,beam-2b,Beam 2B,120.295,13.4
2026-05-11 09:00:00,beam-3a,Beam 3A,119.1416,13.4
2026-05-11 09:00:00,beam-3b,Beam 3B,118.6273,13.4
2026-05-11 09:00:00,pier-cap-1,Pier Cap 1,94.5013,13.4
2026-05-11 09:00:00,pier-cap-2,Pier Cap 2,95.4746,13.4
2026-05-11 10:00:00,beam-1a,Beam 1A,121.3706,14.92
2026-05-11 10:00:00,beam-1b,Beam 1B,120.6267,14.92
2026-05-11 10:00:00,beam-2a,Beam 2A,121.8019,14.92
2026-05-11 10:00:00,beam-2b,Beam 2B,121.2041,14.92
2026-05-11 10:00:00,beam-3a,Beam 3A,118.3861,14.92
2026-05-11 10:00:00,beam-3b,Beam 3B,119.1791,14.92
2026-05-11 10:00:00,pier-cap-1,Pier Cap 1,95.5964,14.92
2026-05-11 10:00:00,pier-cap-2,Pier Cap 2,95.943,14.92
2026-05-11 11:00:00,beam-1a,Beam 1A,121.3609,17.13
2026-05-11 11:00:00,beam-1b,Beam 1B,120.9619,17.13
2026-05-11 11:00:00,beam-2a,Beam 2A,122.0417,17.13
2026-05-11 11:00:00,beam-2b,Beam 2B,121.589,17.13
2026-05-11 11:00:00,beam-3a,Beam 3A,119.5815,17.13
2026-05-11 11:00:00,beam-3b,Beam 3B,119.1592,17.13
2026-05-11 11:00:00,pier-cap-1,Pier Cap 1,95.6891,17.13
2026-05-11 11:00:00,pier-cap-2,Pier Cap 2,96.9808,17.13
2026-05-11 12:00:00,beam-1a,Beam 1A,121.9225,18.06
2026-05-11 12:00:00,beam-1b,Beam 1B,121.6726,18.06
2026-05-11 12:00:00,beam-2a,Beam 2A,122.1431,18.06
2026-05-11 12:00:00,beam-2b,Beam 2B,122.0955,18.06
2026-05-11 12:00:00,beam-3a,Beam 3A,119.8739,18.06
2026-05-11 12:00:00,beam-3b,Beam 3B,119.7687,18.06
2026-05-11 12:00:00,pier-cap-1,Pier Cap 1,95.7597,18.06
2026-05-11 12:00:00,pier-cap-2,Pier Cap 2,96.7108,18.06
2026-05-11 13:00:00,beam-1a,Beam 1A,122.5262,19.32
2026-05-11 13:00:00,beam-1b,Beam 1B,121.3359,19.32
2026-05-11 13:00:00,beam-2a,Beam 2A,121.3278,19.32
2026-05-11 13:00:00,beam-2b,Beam 2B,121.9116,19.32
2026-05-11 13:00:00,beam-3a,Beam 3A,119.5924,19.32
2026-05-11 13:00:00,beam-3b,Beam 3B,119.6441,19.32
2026-05-11 13:00:00,pier-cap-1,Pier Cap 1,96.0159,19.32
2026-05-11 13:00:00,pier-cap-2,Pier Cap 2,96.4621,19.32
2026-05-11 14:00:00,beam-1a,Beam 1A,121.6852,19.57
2026-05-11 14:00:00,beam-1b,Beam 1B,120.6406,19.57
2026-05-11 14:00:00,beam-2a,Beam 2A,123.237,19.57
2026-05-11 14:00:00,beam-2b,Beam 2B,122.3312,19.57
2026-05-11 14:00:00,beam-3a,Beam 3A,119.503,19.57
2026-05-11 14:00:00,beam-3b,Beam 3B,120.0298,19.57
2026-05-11 14:00:00,pier-cap-1,Pier Cap 1,95.6031,19.57
2026-05-11 14:00:00,pier-cap-2,Pier Cap 2,96.4291,19.57
2026-05-11 15:00:00,beam-1a,Beam 1A,122.0488,19.96
2026-05-11 15:00:00,beam-1b,Beam 1B,121.3557,19.96
2026-05-11 15:00:00,beam-2a,Beam 2A,122.1338,19.96
2026-05-11 15:00:00,beam-2b,Beam 2B,122.0226,19.96
2026-05-11 15:00:00,beam-3a,Beam 3A,120.424,19.96
2026-05-11 15:00:00,beam-3b,Beam 3B,120.0744,19.96
2026-05-11 15:00:00,pier-cap-1,Pier Cap 1,96.2013,19.96
2026-05-11 15:00:00,pier-cap-2,Pier Cap 2,95.7855,19.96
2026-05-11 16:00:00,beam-1a,Beam 1A,122.1948,19.41
2026-05-11 16:00:00,beam-1b,Beam 1B,121.271,19.41
2026-05-11 16:00:00,beam-2a,Beam 2A,123.2034,19.41
2026-05-11 16:00:00,beam-2b,Beam 2B,122.1565,19.41
2026-05-11 16:00:00,beam-3a,Beam 3A,119.6548,19.41
2026-05-11 16:00:00,beam-3b,Beam 3B,119.8627,19.41
2026-05-11 16:00:00,pier-cap-1,Pier Cap 1,95.6527,19.41
2026-05-11 16:00:00,pier-cap-2,Pier Cap 2,96.8826,19.41
2026-05-11 17:00:00,beam-1a,Beam 1A,121.4986,19.39
2026-05-11 17:00:00,beam-1b,Beam 1B,121.0331,19.39
2026-05-11 17:00:00,beam-2a,Beam 2A,121.7981,19.39
2026-05-11 17:00:00,beam-2b,Beam 2B,121.3766,19.39
2026-05-11 17:00:00,beam-3a,Beam 3A,119.2642,19.39
2026-05-11 17:00:00,beam-3b,Beam 3B,120.112,19.39
2026-05-11 17:00:00,pier-cap-1,Pier Cap 1,95.9726,19.39
2026-05-11 17:00:00,pier-cap-2,Pier Cap 2,96.7943,19.39
2026-05-11 18:00:00,beam-1a,Beam 1A,120.8662,17.41
2026-05-11 18:00:00,beam-1b,Beam 1B,121.1988,17.41
2026-05-11 18:00:00,beam-2a,Beam 2A,121.6569,17.41
2026-05-11 18:00:00,beam-2b,Beam 2B,120.5266,17.41
2026-05-11 18:00:00,beam-3a,Beam 3A,119.5074,17.41
2026-05-11 18:00:00,beam-3b,Beam 3B,118.9082,17.41
2026-05-11 18:00:00,pier-cap-1,Pier Cap 1,95.8083,17.41
2026-05-11 18:00:00,pier-cap-2,Pier Cap 2,96.0983,17.41
2026-05-11 19:00:00,beam-1a,Beam 1A,121.1431,16.74
2026-05-11 19:00:00,beam-1b,Beam 1B,120.1211,16.74
2026-05-11 19:00:00,beam-2a,Beam 2A,120.9677,16.74
2026-05-11 19:00:00,beam-2b,Beam 2B,121.5998,16.74
2026-05-11 19:00:00,beam-3a,Beam 3A,119.8246,16.74
2026-05-11 19:00:00,beam-3b,Beam 3B,118.9586,16.74
2026-05-11 19:00:00,pier-cap-1,Pier Cap 1,95.9838,16.74
2026-05-11 19:00:00,pier-cap-2,Pier Cap 2,95.7321,16.74
2026-05-11 20:00:00,beam-1a,Beam 1A,120.061,14.67
2026-05-11 20:00:00,beam-1b,Beam 1B,120.0765,14.67
2026-05-11 20:00:00,beam-2a,Beam 2A,121.5782,14.67
2026-05-11 20:00:00,beam-2b,Beam 2B,121.2058,14.67
2026-05-11 20:00:00,beam-3a,Beam 3A,119.2751,14.67
2026-05-11 20:00:00,beam-3b,Beam 3B,118.8421,14.67
2026-05-11 20:00:00,pier-cap-1,Pier Cap 1,95.1041,14.67
2026-05-11 20:00:00,pier-cap-2,Pier Cap 2,95.5034,14.67
2026-05-11 21:00:00,beam-1a,Beam 1A,120.1504,13.4
2026-05-11 21:00:00,beam-1b,Beam 1B,119.3572,13.4
2026-05-11 21:00:00,beam-2a,Beam 2A,120.7394,13.4
2026-05-11 21:00:00,beam-2b,Beam 2B,120.9701,13.4
2026-05-11 21:00:00,beam-3a,Beam 3A,118.279,13.4
2026-05-11 21:00:00,beam-3b,Beam 3B,118.1908,13.4
2026-05-11 21:00:00,pier-cap-1,Pier Cap 1,95.5954,13.4
2026-05-11 21:00:00,pier-cap-2,Pier Cap 2,95.7932,13.4
2026-05-11 22:00:00,beam-1a,Beam 1A,119.4167,11.42
2026-05-11 22:00:00,beam-1b,Beam 1B,118.8517,11.42
2026-05-11 22:00:00,beam-2a,Beam 2A,120.3547,11.42
2026-05-11 22:00:00,beam-2b,Beam 2B,120.174,11.42
2026-05-11 22:00:00,beam-3a,Beam 3A,118.8638,11.42
2026-05-11 22:00:00,beam-3b,Beam 3B,118.1773,11.42
2026-05-11 22:00:00,pier-cap-1,Pier Cap 1,95.147,11.42
2026-05-11 22:00:00,pier-cap-2,Pier Cap 2,95.3361,11.42
2026-05-11 23:00:00,beam-1a,Beam 1A,118.8393,10.16
2026-05-11 23:00:00,beam-1b,Beam 1B,118.2669,10.16
2026-05-11 23:00:00,beam-2a,Beam 2A,119.9829,10.16
2026-05-11 23:00:00,beam-2b,Beam 2B,120.7277,10.16
2026-05-11 23:00:00,beam-3a,Beam 3A,118.3167,10.16
2026-05-11 23:00:00,beam-3b,Beam 3B,117.9491,10.16
2026-05-11 23:00:00,pier-cap-1,Pier Cap 1,94.5451,10.16
2026-05-11 23:00:00,pier-cap-2,Pier Cap 2,95.3814,10.16
2026-05-12 00:00:00,beam-1a,Beam 1A,118.8164,8.74
2026-05-12 00:00:00,beam-1b,Beam 1B,118.228,8.74
2026-05-12 00:00:00,beam-2a,Beam 2A,120.559,8.74
2026-05-12 00:00:00,beam-2b,Beam 2B,119.6641,8.74
2026-05-12 00:00:00,beam-3a,Beam 3A,117.8233,8.74
2026-05-12 00:00:00,beam-3b,Beam 3B,118.269,8.74
2026-05-12 00:00:00,pier-cap-1,Pier Cap 1,94.1284,8.74
2026-05-12 00:00:00,pier-cap-2,Pier Cap 2,94.987,8.74
2026-05-12 01:00:00,beam-1a,Beam 1A,118.4279,6.71
2026-05-12 01:00:00,beam-1b,Beam 1B,117.648,6.71
2026-05-12 01:00:00,beam-2a,Beam 2A,120.1259,6.71
2026-05-12 01:00:00,beam-2b,Beam 2B,119.6097,6.71
2026-05-12 01:00:00,beam-3a,Beam 3A,117.6969,6.71
2026-05-12 01:00:00,beam-3b,Beam 3B,117.4742,6.71
2026-05-12 01:00:00,pier-cap-1,Pier Cap 1,93.7229,6.71
2026-05-12 01:00:00,pier-cap-2,Pier Cap 2,94.946,6.71
2026-05-12 02:00:00,beam-1a,Beam 1A,118.6987,6.61
2026-05-12 02:00:00,beam-1b,Beam 1B,118.0009,6.61
2026-05-12 02:00:00,beam-2a,Beam 2A,120.5467,6.61
2026-05-12 02:00:00,beam-2b,Beam 2B,119.6597,6.61
2026-05-12 02:00:00,beam-3a,Beam 3A,117.9092,6.61
2026-05-12 02:00:00,beam-3b,Beam 3B,117.7661,6.61
2026-05-12 02:00:00,pier-cap-1,Pier Cap 1,94.2229,6.61
2026-05-12 02:00:00,pier-cap-2,Pier Cap 2,94.7523,6.61
2026-05-12 03:00:00,beam-1a,Beam 1A,118.1844,5.93
2026-05-12 03:00:00,beam-1b,Beam 1B,117.8936,5.93
2026-05-12 03:00:00,beam-2a,Beam 2A,119.4115,5.93
2026-05-12 03:00:00,beam-2b,Beam 2B,119.9733,5.93
2026-05-12 03:00:00,beam-3a,Beam 3A,117.0149,5.93
2026-05-12 03:00:00,beam-3b,Beam 3B,117.3821,5.93
2026-05-12 03:00:00,pier-cap-1,Pier Cap 1,93.8182,5.93
2026-05-12 03:00:00,pier-cap-2,Pier Cap 2,94.788,5.93
2026-05-12 04:00:00,beam-1a,Beam 1A,118.6045,6.43
2026-05-12 04:00:00,beam-1b,Beam 1B,117.8594,6.43
2026-05-12 04:00:00,beam-2a,Beam 2A,119.8733,6.43
2026-05-12 04:00:00,beam-2b,Beam 2B,119.259,6.43
2026-05-12 04:00:00,beam-3a,Beam 3A,117.3735,6.43
2026-05-12 04:00:00,beam-3b,Beam 3B,117.184,6.43
2026-05-12 04:00:00,pier-cap-1,Pier Cap 1,94.4741,6.43
2026-05-12 04:00:00,pier-cap-2,Pier Cap 2,93.9874,6.43
2026-05-12 05:00:00,beam-1a,Beam 1A,118.996,7.94
2026-05-12 05:00:00,beam-1b,Beam 1B,118.9647,7.94
2026-05-12 05:00:00,beam-2a,Beam 2A,119.5723,7.94
2026-05-12 05:00:00,beam-2b,Beam 2B,119.4267,7.94
2026-05-12 05:00:00,beam-3a,Beam 3A,117.0827,7.94
2026-05-12 05:00:00,beam-3b,Beam 3B,117.7054,7.94
2026-05-12 05:00:00,pier-cap-1,Pier Cap 1,94.1371,7.94
2026-05-12 05:00:00,pier-cap-2,Pier Cap 2,94.4707,7.94
2026-05-12 06:00:00,beam-1a,Beam 1A,119.5391,8.7
2026-05-12 06:00:00,beam-1b,Beam 1B,119.042,8.7
2026-05-12 06:00:00,beam-2a,Beam 2A,120.1066,8.7
2026-05-12 06:00:00,beam-2b,Beam 2B,119.2413,8.7
2026-05-12 06:00:00,beam-3a,Beam 3A,117.9164,8.7
2026-05-12 06:00:00,beam-3b,Beam 3B,118.0589,8.7
2026-05-12 06:00:00,pier-cap-1,Pier Cap 1,94.1852,8.7
2026-05-12 06:00:00,pier-cap-2,Pier Cap 2,94.8461,8.7
2026-05-12 07:00:00,beam-1a,Beam 1A,119.2935,9.62
2026-05-12 07:00:00,beam-1b,Beam 1B,119.0955,9.62
2026-05-12 07:00:00,beam-2a,Beam 2A,120.2161,9.62
2026-05-12 07:00:00,beam-2b,Beam 2B,120.6446,9.62
2026-05-12 07:00:00,beam-3a,Beam 3A,117.9544,9.62
2026-05-12 07:00:00,beam-3b,Beam 3B,118.3951,9.62
2026-05-12 07:00:00,pier-cap-1,Pier Cap 1,94.6628,9.62
2026-05-12 07:00:00,pier-cap-2,Pier Cap 2,95.4166,9.62
2026-05-12 08:00:00,beam-1a,Beam 1A,120.4577,11.18
2026-05-12 08:00:00,beam-1b,Beam 1B,119.7526,11.18
2026-05-12 08:00:00,beam-2a,Beam 2A,120.9219,11.18
2026-05-12 08:00:00,beam-2b,Beam 2B,120.5047,11.18
2026-05-12 08:00:00,beam-3a,Beam 3A,118.2706,11.18
2026-05-12 08:00:00,beam-3b,Beam 3B,118.228,11.18
2026-05-12 08:00:00,pier-cap-1,Pier Cap 1,94.6213,11.18
2026-05-12 08:00:00,pier-cap-2,Pier Cap 2,95.8912,11.18
2026-05-12 09:00:00,beam-1a,Beam 1A,120.7919,13.41
2026-05-12 09:00:00,beam-1b,Beam 1B,120.1994,13.41
2026-05-12 09:00:00,beam-2a,Beam 2A,121.589,13.41
2026-05-12 09:00:00,beam-2b,Beam 2B,120.9634,13.41
2026-05-12 09:00:00,beam-3a,Beam 3A,119.4153,13.41
2026-05-12 09:00:00,beam-3b,Beam 3B,118.1214,13.41
2026-05-12 09:00:00,pier-cap-1,Pier Cap 1,95.1642,13.41
2026-05-12 09:00:00,pier-cap-2,Pier Cap 2,95.6124,13.41
2026-05-12 10:00:00,beam-1a,Beam 1A,120.461,14.72
2026-05-12 10:00:00,beam-1b,Beam 1B,120.2182,14.72
2026-05-12 10:00:00,beam-2a,Beam 2A,121.841,14.72
2026-05-12 10:00:00,beam-2b,Beam 2B,122.2912,14.72
2026-05-12 10:00:00,beam-3a,Beam 3A,118.862,14.72
2026-05-12 10:00:00,beam-3b,Beam 3B,118.3461,14.72
2026-05-12 10:00:00,pier-cap-1,Pier Cap 1,95.6542,14.72
2026-05-12 10:00:00,pier-cap-2,Pier Cap 2,95.6749,14.72
2026-05-12 11:00:00,beam-1a,Beam 1A,121.7335,16.63
2026-05-12 11:00:00,beam-1b,Beam 1B,120.9353,16.63
2026-05-12 11:00:00,beam-2a,Beam 2A,121.4887,16.63
2026-05-12 11:00:00,beam-2b,Beam 2B,121.5559,16.63
2026-05-12 11:00:00,beam-3a,Beam 3A,119.2769,16.63
2026-05-12 11:00:00,beam-3b,Beam 3B,119.1953,16.63
2026-05-12 11:00:00,pier-cap-1,Pier Cap 1,95.6796,16.63
2026-05-12 11:00:00,pier-cap-2,Pier Cap 2,95.5579,16.63
2026-05-12 12:00:00,beam-1a,Beam 1A,122.3966,18.47
2026-05-12 12:00:00,beam-1b,Beam 1B,120.9973,18.47
2026-05-12 12:00:00,beam-2a,Beam 2A,122.5938,18.47
2026-05-12 12:00:00,beam-2b,Beam 2B,121.2735,18.47
2026-05-12 12:00:00,beam-3a,Beam 3A,119.1007,18.47
2026-05-12 12:00:00,beam-3b,Beam 3B,118.8415,18.47
2026-05-12 12:00:00,pier-cap-1,Pier Cap 1,95.9571,18.47
2026-05-12 12:00:00,pier-cap-2,Pier Cap 2,96.6799,18.47
2026-05-12 13:00:00,beam-1a,Beam 1A,122.2027,19.92
2026-05-12 13:00:00,beam-1b,Beam 1B,121.1214,19.92
2026-05-12 13:00:00,beam-2a,Beam 2A,122.4668,19.92
2026-05-12 13:00:00,beam-2b,Beam 2B,122.006,19.92
2026-05-12 13:00:00,beam-3a,Beam 3A,120.1223,19.92
2026-05-12 13:00:00,beam-3b,Beam 3B,120.5635,19.92
2026-05-12 13:00:00,pier-cap-1,Pier Cap 1,96.1998,19.92
2026-05-12 13:00:00,pier-cap-2,Pier Cap 2,96.4732,19.92
2026-05-12 14:00:00,beam-1a,Beam 1A,122.3563,20.4
2026-05-12 14:00:00,beam-1b,Beam 1B,120.8889,20.4
2026-05-12 14:00:00,beam-2a,Beam 2A,122.4507,20.4
2026-05-12 14:00:00,beam-2b,Beam 2B,121.7906,20.4
2026-05-12 14:00:00,beam-3a,Beam 3A,120.5857,20.4
2026-05-12 14:00:00,beam-3b,Beam 3B,120.2354,20.4
2026-05-12 14:00:00,pier-cap-1,Pier Cap 1,95.7025,20.4
2026-05-12 14:00:00,pier-cap-2,Pier Cap 2,97.5979,20.4
2026-05-12 15:00:00,beam-1a,Beam 1A,121.5851,19.48
2026-05-12 15:00:00,beam-1b,Beam 1B,121.0297,19.48
2026-05-12 15:00:00,beam-2a,Beam 2A,122.1128,19.48
2026-05-12 15:00:00,beam-2b,Beam 2B,121.8379,19.48
2026-05-12 15:00:00,beam-3a,Beam 3A,120.0681,19.48
2026-05-12 15:00:00,beam-3b,Beam 3B,119.6289,19.48
2026-05-12 15:00:00,pier-cap-1,Pier Cap 1,96.1897,19.48
2026-05-12 15:00:00,pier-cap-2,Pier Cap 2,96.3504,19.48
2026-05-12 16:00:00,beam-1a,Beam 1A,120.8997,20.28
2026-05-12 16:00:00,beam-1b,Beam 1B,121.2797,20.28
2026-05-12 16:00:00,beam-2a,Beam 2A,122.3322,20.28
2026-05-12 16:00:00,beam-2b,Beam 2B,121.9952,20.28
2026-05-12 16:00:00,beam-3a,Beam 3A,119.1483,20.28
2026-05-12 16:00:00,beam-3b,Beam 3B,119.615,20.28
2026-05-12 16:00:00,pier-cap-1,Pier Cap 1,96.2401,20.28
2026-05-12 16:00:00,pier-cap-2,Pier Cap 2,97.3237,20.28
2026-05-12 17:00:00,beam-1a,Beam 1A,120.4831,19.49
2026-05-12 17:00:00,beam-1b,Beam 1B,120.4854,19.49
2026-05-12 17:00:00,beam-2a,Beam 2A,123.0947,19.49
2026-05-12 17:00:00,beam-2b,Beam 2B,121.7629,19.49
2026-05-12 17:00:00,beam-3a,Beam 3A,119.825,19.49
2026-05-12 17:00:00,beam-3b,Beam 3B,120.2127,19.49
2026-05-12 17:00:00,pier-cap-1,Pier Cap 1,96.3412,19.49
2026-05-12 17:00:00,pier-cap-2,Pier Cap 2,96.7978,19.49
2026-05-12 18:00:00,beam-1a,Beam 1A,120.8561,18.51
2026-05-12 18:00:00,beam-1b,Beam 1B,121.2491,18.51
2026-05-12 18:00:00,beam-2a,Beam 2A,122.3256,18.51
2026-05-12 18:00:00,beam-2b,Beam 2B,121.2453,18.51
2026-05-12 18:00:00,beam-3a,Beam 3A,119.9483,18.51
2026-05-12 18:00:00,beam-3b,Beam 3B,119.2777,18.51
2026-05-12 18:00:00,pier-cap-1,Pier Cap 1,96.1087,18.51
2026-05-12 18:00:00,pier-cap-2,Pier Cap 2,96.1185,18.51
2026-05-12 19:00:00,beam-1a,Beam 1A,120.2127,17.54
2026-05-12 19:00:00,beam-1b,Beam 1B,120.3299,17.54
2026-05-12 19:00:00,beam-2a,Beam 2A,122.0787,17.54
2026-05-12 19:00:00,beam-2b,Beam 2B,122.2458,17.54
2026-05-12 19:00:00,beam-3a,Beam 3A,120.3389,17.54
2026-05-12 19:00:00,beam-3b,Beam 3B,119.127,17.54
2026-05-12 19:00:00,pier-cap-1,Pier Cap 1,95.721,17.54
2026-05-12 19:00:00,pier-cap-2,Pier Cap 2,96.3513,17.54
2026-05-12 20:00:00,beam-1a,Beam 1A,119.3716,14.38
2026-05-12 20:00:00,beam-1b,Beam 1B,119.7483,14.38
2026-05-12 20:00:00,beam-2a,Beam 2A,121.2719,14.38
2026-05-12 20:00:00,beam-2b,Beam 2B,121.0964,14.38
2026-05-12 20:00:00,beam-3a,Beam 3A,119.0615,14.38
2026-05-12 20:00:00,beam-3b,Beam 3B,118.6149,14.38
2026-05-12 20:00:00,pier-cap-1,Pier Cap 1,95.6173,14.38
2026-05-12 20:00:00,pier-cap-2,Pier Cap 2,96.039,14.38
2026-05-12 21:00:00,beam-1a,Beam 1A,119.2628,13.16
2026-05-12 21:00:00,beam-1b,Beam 1B,119.1631,13.16
2026-05-12 21:00:00,beam-2a,Beam 2A,122.1106,13.16
2026-05-12 21:00:00,beam-2b,Beam 2B,120.6421,13.16
2026-05-12 21:00:00,beam-3a,Beam 3A,118.0222,13.16
2026-05-12 21:00:00,beam-3b,Beam 3B,118.6906,13.16
2026-05-12 21:00:00,pier-cap-1,Pier Cap 1,95.0364,13.16
2026-05-12 21:00:00,pier-cap-2,Pier Cap 2,95.5566,13.16
2026-05-12 22:00:00,beam-1a,Beam 1A,119.1462,11.82
2026-05-12 22:00:00,beam-1b,Beam 1B,119.1792,11.82
2026-05-12 22:00:00,beam-2a,Beam 2A,121.3865,11.82
2026-05-12 22:00:00,beam-2b,Beam 2B,120.7675,11.82
2026-05-12 22:00:00,beam-3a,Beam 3A,117.9511,11.82
2026-05-12 22:00:00,beam-3b,Beam 3B,118.6135,11.82
2026-05-12 22:00:00,pier-cap-1,Pier Cap 1,94.9975,11.82
2026-05-12 22:00:00,pier-cap-2,Pier Cap 2,95.6747,11.82
2026-05-12 23:00:00,beam-1a,Beam 1A,117.9061,9.27
2026-05-12 23:00:00,beam-1b,Beam 1B,117.7391,9.27
2026-05-12 23:00:00,beam-2a,Beam 2A,120.0646,9.27
2026-05-12 23:00:00,beam-2b,Beam 2B,120.1414,9.27
2026-05-12 23:00:00,beam-3a,Beam 3A,117.431,9.27
2026-05-12 23:00:00,beam-3b,Beam 3B,118.3278,9.27
2026-05-12 23:00:00,pier-cap-1,Pier Cap 1,94.4464,9.27
2026-05-12 23:00:00,pier-cap-2,Pier Cap 2,95.2845,9.27
2026-05-13 00:00:00,beam-1a,Beam 1A,118.1616,9.08
2026-05-13 00:00:00,beam-1b,Beam 1B,117.0225,9.08
2026-05-13 00:00:00,beam-2a,Beam 2A,120.2061,9.08
2026-05-13 00:00:00,beam-2b,Beam 2B,120.0259,9.08
2026-05-13 00:00:00,beam-3a,Beam 3A,118.2927,9.08
2026-05-13 00:00:00,beam-3b,Beam 3B,118.2406,9.08
2026-05-13 00:00:00,pier-cap-1,Pier Cap 1,94.6502,9.08
2026-05-13 00:00:00,pier-cap-2,Pier Cap 2,95.1906,9.08
2026-05-13 01:00:00,beam-1a,Beam 1A,118.586,7.52
2026-05-13 01:00:00,beam-1b,Beam 1B,117.5014,7.52
2026-05-13 01:00:00,beam-2a,Beam 2A,119.9188,7.52
2026-05-13 01:00:00,beam-2b,Beam 2B,119.8785,7.52
2026-05-13 01:00:00,beam-3a,Beam 3A,117.0447,7.52
2026-05-13 01:00:00,beam-3b,Beam 3B,117.5795,7.52
2026-05-13 01:00:00,pier-cap-1,Pier Cap 1,94.1654,7.52
2026-05-13 01:00:00,pier-cap-2,Pier Cap 2,94.7734,7.52
2026-05-13 02:00:00,beam-1a,Beam 1A,117.6599,7.01
2026-05-13 02:00:00,beam-1b,Beam 1B,117.8317,7.01
2026-05-13 02:00:00,beam-2a,Beam 2A,119.9612,7.01
2026-05-13 02:00:00,beam-2b,Beam 2B,119.5565,7.01
2026-05-13 02:00:00,beam-3a,Beam 3A,117.7438,7.01
2026-05-13 02:00:00,beam-3b,Beam 3B,117.8399,7.01
2026-05-13 02:00:00,pier-cap-1,Pier Cap 1,94.6964,7.01
2026-05-13 02:00:00,pier-cap-2,Pier Cap 2,94.3497,7.01
2026-05-13 03:00:00,beam-1a,Beam 1A,118.2947,6.21
2026-05-13 03:00:00,beam-1b,Beam 1B,117.6433,6.21
2026-05-13 03:00:00,beam-2a,Beam 2A,119.4613,6.21
2026-05-13 03:00:00,beam-2b,Beam 2B,119.6099,6.21
2026-05-13 03:00:00,beam-3a,Beam 3A,117.9925,6.21
2026-05-13 03:00:00,beam-3b,Beam 3B,117.0948,6.21
2026-05-13 03:00:00,pier-cap-1,Pier Cap 1,94.6866,6.21
2026-05-13 03:00:00,pier-cap-2,Pier Cap 2,94.5583,6.21
2026-05-13 04:00:00,beam-1a,Beam 1A,118.0633,7.0
2026-05-13 04:00:00,beam-1b,Beam 1B,117.9294,7.0
2026-05-13 04:00:00,beam-2a,Beam 2A,120.0758,7.0
2026-05-13 04:00:00,beam-2b,Beam 2B,119.8015,7.0
2026-05-13 04:00:00,beam-3a,Beam 3A,117.3914,7.0
2026-05-13 04:00:00,beam-3b,Beam 3B,116.843,7.0
2026-05-13 04:00:00,pier-cap-1,Pier Cap 1,94.4624,7.0
2026-05-13 04:00:00,pier-cap-2,Pier Cap 2,94.753,7.0
2026-05-13 05:00:00,beam-1a,Beam 1A,118.7207,7.8
2026-05-13 05:00:00,beam-1b,Beam 1B,118.592,7.8
2026-05-13 05:00:00,beam-2a,Beam 2A,120.6413,7.8
2026-05-13 05:00:00,beam-2b,Beam 2B,119.7256,7.8
2026-05-13 05:00:00,beam-3a,Beam 3A,117.8557,7.8
2026-05-13 05:00:00,beam-3b,Beam 3B,117.3976,7.8
2026-05-13 05:00:00,pier-cap-1,Pier Cap 1,94.7828,7.8
2026-05-13 05:00:00,pier-cap-2,Pier Cap 2,94.2576,7.8
2026-05-13 06:00:00,beam-1a,Beam 1A,119.2165,8.58
2026-05-13 06:00:00,beam-1b,Beam 1B,118.5661,8.58
2026-05-13 06:00:00,beam-2a,Beam 2A,119.6907,8.58
2026-05-13 06:00:00,beam-2b,Beam 2B,119.728,8.58
2026-05-13 06:00:00,beam-3a,Beam 3A,117.3732,8.58
2026-05-13 06:00:00,beam-3b,Beam 3B,117.4981,8.58
2026-05-13 06:00:00,pier-cap-1,Pier Cap 1,93.9753,8.58
2026-05-13 06:00:00,pier-cap-2,Pier Cap 2,94.9879,8.58
2026-05-13 07:00:00,beam-1a,Beam 1A,119.5169,10.03
2026-05-13 07:00:00,beam-1b,Beam 1B,119.137,10.03
2026-05-13 07:00:00,beam-2a,Beam 2A,120.055,10.03
2026-05-13 07:00:00,beam-2b,Beam 2B,120.7184,10.03
2026-05-13 07:00:00,beam-3a,Beam 3A,117.9216,10.03
2026-05-13 07:00:00,beam-3b,Beam 3B,117.8347,10.03
2026-05-13 07:00:00,pier-cap-1,Pier Cap 1,94.2282,10.03
2026-05-13 07:00:00,pier-cap-2,Pier Cap 2,95.1256,10.03
2026-05-13 08:00:00,beam-1a,Beam 1A,120.0233,11.73
2026-05-13 08:00:00,beam-1b,Beam 1B,118.9762,11.73
2026-05-13 08:00:00,beam-2a,Beam 2A,120.6535,11.73
2026-05-13 08:00:00,beam-2b,Beam 2B,120.2556,11.73
2026-05-13 08:00:00,beam-3a,Beam 3A,119.3105,11.73
2026-05-13 08:00:00,beam-3b,Beam 3B,118.0436,11.73
2026-05-13 08:00:00,pier-cap-1,Pier Cap 1,94.8136,11.73
2026-05-13 08:00:00,pier-cap-2,Pier Cap 2,95.0211,11.73
2026-05-13 09:00:00,beam-1a,Beam 1A,119.6644,13.09
2026-05-13 09:00:00,beam-1b,Beam 1B,119.2841,13.09
2026-05-13 09:00:00,beam-2a,Beam 2A,120.9437,13.09
2026-05-13 09:00:00,beam-2b,Beam 2B,120.8749,13.09
2026-05-13 09:00:00,beam-3a,Beam 3A,118.8442,13.09
2026-05-13 09:00:00,beam-3b,Beam 3B,118.4761,13.09
2026-05-13 09:00:00,pier-cap-1,Pier Cap 1,95.1262,13.09
2026-05-13 09:00:00,pier-cap-2,Pier Cap 2,95.5139,13.09
2026-05-13 10:00:00,beam-1a,Beam 1A,120.9258,15.19
2026-05-13 10:00:00,beam-1b,Beam 1B,120.7009,15.19
2026-05-13 10:00:00,beam-2a,Beam 2A,122.3374,15.19
2026-05-13 10:00:00,beam-2b,Beam 2B,121.3036,15.19
2026-05-13 10:00:00,beam-3a,Beam 3A,118.9858,15.19
2026-05-13 10:00:00,beam-3b,Beam 3B,119.2531,15.19
2026-05-13 10:00:00,pier-cap-1,Pier Cap 1,95.369,15.19
2026-05-13 10:00:00,pier-cap-2,Pier Cap 2,95.835,15.19
2026-05-13 11:00:00,beam-1a,Beam 1A,120.5996,16.88
2026-05-13 11:00:00,beam-1b,Beam 1B,120.5333,16.88
2026-05-13 11:00:00,beam-2a,Beam 2A,122.2759,16.88
2026-05-13 11:00:00,beam-2b,Beam 2B,121.2314,16.88
2026-05-13 11:00:00,beam-3a,Beam 3A,118.8795,16.88
2026-05-13 11:00:00,beam-3b,Beam 3B,119.9568,16.88
2026-05-13 11:00:00,pier-cap-1,Pier Cap 1,95.1888,16.88
2026-05-13 11:00:00,pier-cap-2,Pier Cap 2,96.7605,16.88
2026-05-13 12:00:00,beam-1a,Beam 1A,121.2858,18.54
2026-05-13 12:00:00,beam-1b,Beam 1B,120.5768,18.54
2026-05-13 12:00:00,beam-2a,Beam 2A,122.5858,18.54
2026-05-13 12:00:00,beam-2b,Beam 2B,121.485,18.54
2026-05-13 12:00:00,beam-3a,Beam 3A,119.883,18.54
2026-05-13 12:00:00,beam-3b,Beam 3B,119.0688,18.54
2026-05-13 12:00:00,pier-cap-1,Pier Cap 1,96.2765,18.54
2026-05-13 12:00:00,pier-cap-2,Pier Cap 2,96.4971,18.54
2026-05-13 13:00:00,beam-1a,Beam 1A,121.4783,19.9
2026-05-13 13:00:00,beam-1b,Beam 1B,120.7704,19.9
2026-05-13 13:00:00,beam-2a,Beam 2A,122.3741,19.9
2026-05-13 13:00:00,beam-2b,Beam 2B,121.9383,19.9
2026-05-13 13:00:00,beam-3a,Beam 3A,119.9663,19.9
2026-05-13 13:00:00,beam-3b,Beam 3B,119.4802,19.9
2026-05-13 13:00:00,pier-cap-1,Pier Cap 1,96.7812,19.9
2026-05-13 13:00:00,pier-cap-2,Pier Cap 2,96.9457,19.9
2026-05-13 14:00:00,beam-1a,Beam 1A,121.449,19.78
2026-05-13 14:00:00,beam-1b,Beam 1B,120.652,19.78
2026-05-13 14:00:00,beam-2a,Beam 2A,122.3406,19.78
2026-05-13 14:00:00,beam-2b,Beam 2B,121.8582,19.78
2026-05-13 14:00:00,beam-3a,Beam 3A,120.7609,19.78
2026-05-13 14:00:00,beam-3b,Beam 3B,119.6303,19.78
2026-05-13 14:00:00,pier-cap-1,Pier Cap 1,96.5006,19.78
2026-05-13 14:00:00,pier-cap-2,Pier Cap 2,96.581,19.78
2026-05-13 15:00:00,beam-1a,Beam 1A,121.3415,20.39
2026-05-13 15:00:00,beam-1b,Beam 1B,120.5754,20.39
2026-05-13 15:00:00,beam-2a,Beam 2A,121.9968,20.39
2026-05-13 15:00:00,beam-2b,Beam 2B,121.5942,20.39
2026-05-13 15:00:00,beam-3a,Beam 3A,121.1571,20.39
2026-05-13 15:00:00,beam-3b,Beam 3B,120.2916,20.39
2026-05-13 15:00:00,pier-cap-1,Pier Cap 1,96.5338,20.39
2026-05-13 15:00:00,pier-cap-2,Pier Cap 2,96.1459,20.39
2026-05-13 16:00:00,beam-1a,Beam 1A,120.852,20.79
2026-05-13 16:00:00,beam-1b,Beam 1B,120.2982,20.79
2026-05-13 16:00:00,beam-2a,Beam 2A,122.971,20.79
2026-05-13 16:00:00,beam-2b,Beam 2B,121.9977,20.79
2026-05-13 16:00:00,beam-3a,Beam 3A,120.1882,20.79
2026-05-13 16:00:00,beam-3b,Beam 3B,120.0286,20.79
2026-05-13 16:00:00,pier-cap-1,Pier Cap 1,96.3365,20.79
2026-05-13 16:00:00,pier-cap-2,Pier Cap 2,96.9704,20.79
2026-05-13 17:00:00,beam-1a,Beam 1A,120.2095,19.2
2026-05-13 17:00:00,beam-1b,Beam 1B,119.7568,19.2
2026-05-13 17:00:00,beam-2a,Beam 2A,122.5368,19.2
2026-05-13 17:00:00,beam-2b,Beam 2B,122.0469,19.2
2026-05-13 17:00:00,beam-3a,Beam 3A,119.4954,19.2
2026-05-13 17:00:00,beam-3b,Beam 3B,119.545,19.2
2026-05-13 17:00:00,pier-cap-1,Pier Cap 1,95.7774,19.2
2026-05-13 17:00:00,pier-cap-2,Pier Cap 2,96.3329,19.2
2026-05-13 18:00:00,beam-1a,Beam 1A,120.594,18.06
2026-05-13 18:00:00,beam-1b,Beam 1B,119.8204,18.06
2026-05-13 18:00:00,beam-2a,Beam 2A,122.626,18.06
2026-05-13 18:00:00,beam-2b,Beam 2B,122.218,18.06
2026-05-13 18:00:00,beam-3a,Beam 3A,118.8768,18.06
2026-05-13 18:00:00,beam-3b,Beam 3B,119.8319,18.06
2026-05-13 18:00:00,pier-cap-1,Pier Cap 1,95.8805,18.06
2026-05-13 18:00:00,pier-cap-2,Pier Cap 2,96.258,18.06
2026-05-13 19:00:00,beam-1a,Beam 1A,120.0009,17.02
2026-05-13 19:00:00,beam-1b,Beam 1B,119.3283,17.02
2026-05-13 19:00:00,beam-2a,Beam 2A,121.8193,17.02
2026-05-13 19:00:00,beam-2b,Beam 2B,121.7254,17.02
2026-05-13 19:00:00,beam-3a,Beam 3A,119.2405,17.02
2026-05-13 19:00:00,beam-3b,Beam 3B,119.7182,17.02
2026-05-13 19:00:00,pier-cap-1,Pier Cap 1,96.3344,17.02
2026-05-13 19:00:00,pier-cap-2,Pier Cap 2,95.8868,17.02
2026-05-13 20:00:00,beam-1a,Beam 1A,119.8723,15.59
2026-05-13 20:00:00,beam-1b,Beam 1B,119.4575,15.59
2026-05-13 20:00:00,beam-2a,Beam 2A,121.5607,15.59
2026-05-13 20:00:00,beam-2b,Beam 2B,120.1775,15.59
2026-05-13 20:00:00,beam-3a,Beam 3A,120.104,15.59
2026-05-13 20:00:00,beam-3b,Beam 3B,119.1049,15.59
2026-05-13 20:00:00,pier-cap-1,Pier Cap 1,95.3824,15.59
2026-05-13 20:00:00,pier-cap-2,Pier Cap 2,96.0099,15.59
2026-05-13 21:00:00,beam-1a,Beam 1A,118.8865,13.44
2026-05-13 21:00:00,beam-1b,Beam 1B,118.6048,13.44
2026-05-13 21:00:00,beam-2a,Beam 2A,121.2564,13.44
2026-05-13 21:00:00,beam-2b,Beam 2B,121.0449,13.44
2026-05-13 21:00:00,beam-3a,Beam 3A,118.53,13.44
2026-05-13 21:00:00,beam-3b,Beam 3B,118.4183,13.44
2026-05-13 21:00:00,pier-cap-1,Pier Cap 1,95.0298,13.44
2026-05-13 21:00:00,pier-cap-2,Pier Cap 2,95.9858,13.44
2026-05-13 22:00:00,beam-1a,Beam 1A,118.0787,12.16
2026-05-13 22:00:00,beam-1b,Beam 1B,118.2634,12.16
2026-05-13 22:00:00,beam-2a,Beam 2A,121.2882,12.16
2026-05-13 22:00:00,beam-2b,Beam 2B,120.3082,12.16
2026-05-13 22:00:00,beam-3a,Beam 3A,118.2534,12.16
2026-05-13 22:00:00,beam-3b,Beam 3B,118.5545,12.16
2026-05-13 22:00:00,pier-cap-1,Pier Cap 1,95.3058,12.16
2026-05-13 22:00:00,pier-cap-2,Pier Cap 2,95.7534,12.16
2026-05-13 23:00:00,beam-1a,Beam 1A,118.508,10.28
2026-05-13 23:00:00,beam-1b,Beam 1B,117.5098,10.28
2026-05-13 23:00:00,beam-2a,Beam 2A,119.9679,10.28
2026-05-13 23:00:00,beam-2b,Beam 2B,120.3372,10.28
2026-05-13 23:00:00,beam-3a,Beam 3A,118.2568,10.28
2026-05-13 23:00:00,beam-3b,Beam 3B,118.0216,10.28
2026-05-13 23:00:00,pier-cap-1,Pier Cap 1,95.0441,10.28
2026-05-13 23:00:00,pier-cap-2,Pier Cap 2,95.6679,10.28
2026-05-14 00:00:00,beam-1a,Beam 1A,117.8882,9.5
2026-05-14 00:00:00,beam-1b,Beam 1B,117.5754,9.5
2026-05-14 00:00:00,beam-2a,Beam 2A,120.6946,9.5
2026-05-14 00:00:00,beam-2b,Beam 2B,119.9945,9.5
2026-05-14 00:00:00,beam-3a,Beam 3A,118.6639,9.5
2026-05-14 00:00:00,beam-3b,Beam 3B,117.8708,9.5
2026-05-14 00:00:00,pier-cap-1,Pier Cap 1,94.3207,9.5
2026-05-14 00:00:00,pier-cap-2,Pier Cap 2,95.5935,9.5
2026-05-14 01:00:00,beam-1a,Beam 1A,117.9404,8.27
2026-05-14 01:00:00,beam-1b,Beam 1B,117.5471,8.27
2026-05-14 01:00:00,beam-2a,Beam 2A,120.1464,8.27
2026-05-14 01:00:00,beam-2b,Beam 2B,119.6776,8.27
2026-05-14 01:00:00,beam-3a,Beam 3A,118.1087,8.27
2026-05-14 01:00:00,beam-3b,Beam 3B,117.5426,8.27
2026-05-14 01:00:00,pier-cap-1,Pier Cap 1,94.3125,8.27
2026-05-14 01:00:00,pier-cap-2,Pier Cap 2,94.2772,8.27
2026-05-14 02:00:00,beam-1a,Beam 1A,117.6883,8.28
2026-05-14 02:00:00,beam-1b,Beam 1B,117.7656,8.28
2026-05-14 02:00:00,beam-2a,Beam 2A,119.7332,8.28
2026-05-14 02:00:00,beam-2b,Beam 2B,119.7158,8.28
2026-05-14 02:00:00,beam-3a,Beam 3A,118.0406,8.28
2026-05-14 02:00:00,beam-3b,Beam 3B,118.0476,8.28
2026-05-14 02:00:00,pier-cap-1,Pier Cap 1,94.2419,8.28
2026-05-14 02:00:00,pier-cap-2,Pier Cap 2,94.5344,8.28
2026-05-14 03:00:00,beam-1a,Beam 1A,118.4035,7.03
2026-05-14 03:00:00,beam-1b,Beam 1B,117.3951,7.03
2026-05-14 03:00:00,beam-2a,Beam 2A,119.0725,7.03
2026-05-14 03:00:00,beam-2b,Beam 2B,119.4974,7.03
2026-05-14 03:00:00,beam-3a,Beam 3A,117.7048,7.03
2026-05-14 03:00:00,beam-3b,Beam 3B,117.5735,7.03
2026-05-14 03:00:00,pier-cap-1,Pier Cap 1,94.2256,7.03
2026-05-14 03:00:00,pier-cap-2,Pier Cap 2,94.1623,7.03
2026-05-14 04:00:00,beam-1a,Beam 1A,117.5964,6.55
2026-05-14 04:00:00,beam-1b,Beam 1B,117.8809,6.55
2026-05-14 04:00:00,beam-2a,Beam 2A,119.7556,6.55
2026-05-14 04:00:00,beam-2b,Beam 2B,119.9479,6.55
2026-05-14 04:00:00,beam-3a,Beam 3A,117.1032,6.55
2026-05-14 04:00:00,beam-3b,Beam 3B,117.7571,6.55
2026-05-14 04:00:00,pier-cap-1,Pier Cap 1,94.4637,6.55
2026-05-14 04:00:00,pier-cap-2,Pier Cap 2,94.8222,6.55
2026-05-14 05:00:00,beam-1a,Beam 1A,118.3397,8.69
2026-05-14 05:00:00,beam-1b,Beam 1B,118.0606,8.69
2026-05-14 05:00:00,beam-2a,Beam 2A,120.8177,8.69
2026-05-14 05:00:00,beam-2b,Beam 2B,119.8308,8.69
2026-05-14 05:00:00,beam-3a,Beam 3A,117.53,8.69
2026-05-14 05:00:00,beam-3b,Beam 3B,118.2694,8.69
2026-05-14 05:00:00,pier-cap-1,Pier Cap 1,94.2128,8.69
2026-05-14 05:00:00,pier-cap-2,Pier Cap 2,94.7461,8.69
2026-05-14 06:00:00,beam-1a,Beam 1A,118.6896,8.98
2026-05-14 06:00:00,beam-1b,Beam 1B,118.5294,8.98
2026-05-14 06:00:00,beam-2a,Beam 2A,120.966,8.98
2026-05-14 06:00:00,beam-2b,Beam 2B,120.3304,8.98
2026-05-14 06:00:00,beam-3a,Beam 3A,118.198,8.98
2026-05-14 06:00:00,beam-3b,Beam 3B,118.017,8.98
2026-05-14 06:00:00,pier-cap-1,Pier Cap 1,94.824,8.98
2026-05-14 06:00:00,pier-cap-2,Pier Cap 2,94.8504,8.98
2026-05-14 07:00:00,beam-1a,Beam 1A,118.7692,10.66
2026-05-14 07:00:00,beam-1b,Beam 1B,118.58,10.66
2026-05-14 07:00:00,beam-2a,Beam 2A,120.7735,10.66
2026-05-14 07:00:00,beam-2b,Beam 2B,120.6073,10.66
2026-05-14 07:00:00,beam-3a,Beam 3A,118.7064,10.66
2026-05-14 07:00:00,beam-3b,Beam 3B,117.9975,10.66
2026-05-14 07:00:00,pier-cap-1,Pier Cap 1,94.779,10.66
2026-05-14 07:00:00,pier-cap-2,Pier Cap 2,95.1835,10.66
2026-05-14 08:00:00,beam-1a,Beam 1A,119.8501,12.83
2026-05-14 08:00:00,beam-1b,Beam 1B,118.7001,12.83
2026-05-14 08:00:00,beam-2a,Beam 2A,121.85,12.83
2026-05-14 08:00:00,beam-2b,Beam 2B,120.932,12.83
2026-05-14 08:00:00,beam-3a,Beam 3A,119.8014,12.83
2026-05-14 08:00:00,beam-3b,Beam 3B,118.951,12.83
2026-05-14 08:00:00,pier-cap-1,Pier Cap 1,95.7717,12.83
2026-05-14 08:00:00,pier-cap-2,Pier Cap 2,95.6886,12.83
2026-05-14 09:00:00,beam-1a,Beam 1A,120.5706,13.47
2026-05-14 09:00:00,beam-1b,Beam 1B,119.7004,13.47
2026-05-14 09:00:00,beam-2a,Beam 2A,121.1774,13.47
2026-05-14 09:00:00,beam-2b,Beam 2B,120.0799,13.47
2026-05-14 09:00:00,beam-3a,Beam 3A,119.0647,13.47
2026-05-14 09:00:00,beam-3b,Beam 3B,118.8728,13.47
2026-05-14 09:00:00,pier-cap-1,Pier Cap 1,95.2666,13.47
2026-05-14 09:00:00,pier-cap-2,Pier Cap 2,95.2253,13.47
2026-05-14 10:00:00,beam-1a,Beam 1A,120.2762,15.42
2026-05-14 10:00:00,beam-1b,Beam 1B,120.3017,15.42
2026-05-14 10:00:00,beam-2a,Beam 2A,121.9663,15.42
2026-05-14 10:00:00,beam-2b,Beam 2B,121.6316,15.42
2026-05-14 10:00:00,beam-3a,Beam 3A,119.4168,15.42
2026-05-14 10:00:00,beam-3b,Beam 3B,119.9919,15.42
2026-05-14 10:00:00,pier-cap-1,Pier Cap 1,95.4346,15.42
2026-05-14 10:00:00,pier-cap-2,Pier Cap 2,95.5861,15.42
2026-05-14 11:00:00,beam-1a,Beam 1A,120.9441,16.97
2026-05-14 11:00:00,beam-1b,Beam 1B,120.6071,16.97
2026-05-14 11:00:00,beam-2a,Beam 2A,121.7141,16.97
2026-05-14 11:00:00,beam-2b,Beam 2B,121.3115,16.97
2026-05-14 11:00:00,beam-3a,Beam 3A,118.9339,16.97
2026-05-14 11:00:00,beam-3b,Beam 3B,119.4834,16.97
2026-05-14 11:00:00,pier-cap-1,Pier Cap 1,95.8684,16.97
2026-05-14 11:00:00,pier-cap-2,Pier Cap 2,96.1964,16.97
2026-05-14 12:00:00,beam-1a,Beam 1A,120.1994,18.75
2026-05-14 12:00:00,beam-1b,Beam 1B,120.9095,18.75
2026-05-14 12:00:00,beam-2a,Beam 2A,122.0433,18.75
2026-05-14 12:00:00,beam-2b,Beam 2B,122.1354,18.75
2026-05-14 12:00:00,beam-3a,Beam 3A,120.1005,18.75
2026-05-14 12:00:00,beam-3b,Beam 3B,119.9559,18.75
2026-05-14 12:00:00,pier-cap-1,Pier Cap 1,95.8607,18.75
2026-05-14 12:00:00,pier-cap-2,Pier Cap 2,96.8215,18.75
2026-05-14 13:00:00,beam-1a,Beam 1A,121.441,20.35
2026-05-14 13:00:00,beam-1b,Beam 1B,120.9326,20.35
2026-05-14 13:00:00,beam-2a,Beam 2A,122.2993,20.35
2026-05-14 13:00:00,beam-2b,Beam 2B,121.7813,20.35
2026-05-14 13:00:00,beam-3a,Beam 3A,120.2407,20.35
2026-05-14 13:00:00,beam-3b,Beam 3B,120.1185,20.35
2026-05-14 13:00:00,pier-cap-1,Pier Cap 1,95.6642,20.35
2026-05-14 13:00:00,pier-cap-2,Pier Cap 2,96.6951,20.35
2026-05-14 14:00:00,beam-1a,Beam 1A,121.3875,21.08
2026-05-14 14:00:00,beam-1b,Beam 1B,120.8147,21.08
2026-05-14 14:00:00,beam-2a,Beam 2A,121.8928,21.08
2026-05-14 14:00:00,beam-2b,Beam 2B,121.8429,21.08
2026-05-14 14:00:00,beam-3a,Beam 3A,120.7731,21.08
2026-05-14 14:00:00,beam-3b,Beam 3B,120.1214,21.08
2026-05-14 14:00:00,pier-cap-1,Pier Cap 1,96.2406,21.08
2026-05-14 14:00:00,pier-cap-2,Pier Cap 2,96.5752,21.08
2026-05-14 15:00:00,beam-1a,Beam 1A,121.12,21.22
2026-05-14 15:00:00,beam-1b,Beam 1B,121.1996,21.22
2026-05-14 15:00:00,beam-2a,Beam 2A,123.2597,21.22
2026-05-14 15:00:00,beam-2b,Beam 2B,123.1354,21.22
2026-05-14 15:00:00,beam-3a,Beam 3A,120.6323,21.22
2026-05-14 15:00:00,beam-3b,Beam 3B,120.092,21.22
2026-05-14 15:00:00,pier-cap-1,Pier Cap 1,96.2567,21.22
2026-05-14 15:00:00,pier-cap-2,Pier Cap 2,96.1892,21.22
2026-05-14 16:00:00,beam-1a,Beam 1A,121.4931,20.31
2026-05-14 16:00:00,beam-1b,Beam 1B,120.8638,20.31
2026-05-14 16:00:00,beam-2a,Beam 2A,122.3054,20.31
2026-05-14 16:00:00,beam-2b,Beam 2B,121.7792,20.31
2026-05-14 16:00:00,beam-3a,Beam 3A,119.9644,20.31
2026-05-14 16:00:00,beam-3b,Beam 3B,120.1119,20.31
2026-05-14 16:00:00,pier-cap-1,Pier Cap 1,95.7188,20.31
2026-05-14 16:00:00,pier-cap-2,Pier Cap 2,96.9823,20.31
2026-05-14 17:00:00,beam-1a,Beam 1A,120.648,19.25
2026-05-14 17:00:00,beam-1b,Beam 1B,120.1658,19.25
2026-05-14 17:00:00,beam-2a,Beam 2A,122.0298,19.25
2026-05-14 17:00:00,beam-2b,Beam 2B,122.4088,19.25
2026-05-14 17:00:00,beam-3a,Beam 3A,120.5893,19.25
2026-05-14 17:00:00,beam-3b,Beam 3B,119.9903,19.25
2026-05-14 17:00:00,pier-cap-1,Pier Cap 1,96.0159,19.25
2026-05-14 17:00:00,pier-cap-2,Pier Cap 2,96.317,19.25
2026-05-14 18:00:00,beam-1a,Beam 1A,120.4756,19.09
2026-05-14 18:00:00,beam-1b,Beam 1B,120.526,19.09
2026-05-14 18:00:00,beam-2a,Beam 2A,121.845,19.09
2026-05-14 18:00:00,beam-2b,Beam 2B,121.9644,19.09
2026-05-14 18:00:00,beam-3a,Beam 3A,120.4885,19.09
2026-05-14 18:00:00,beam-3b,Beam 3B,120.1802,19.09
2026-05-14 18:00:00,pier-cap-1,Pier Cap 1,95.3926,19.09
2026-05-14 18:00:00,pier-cap-2,Pier Cap 2,96.1685,19.09
2026-05-14 19:00:00,beam-1a,Beam 1A,119.9463,17.42
2026-05-14 19:00:00,beam-1b,Beam 1B,119.3693,17.42
2026-05-14 19:00:00,beam-2a,Beam 2A,121.9032,17.42
2026-05-14 19:00:00,beam-2b,Beam 2B,121.4169,17.42
2026-05-14 19:00:00,beam-3a,Beam 3A,120.3598,17.42
2026-05-14 19:00:00,beam-3b,Beam 3B,119.5688,17.42
2026-05-14 19:00:00,pier-cap-1,Pier Cap 1,95.6594,17.42
2026-05-14 19:00:00,pier-cap-2,Pier Cap 2,95.7491,17.42
2026-05-14 20:00:00,beam-1a,Beam 1A,119.029,16.11
2026-05-14 20:00:00,beam-1b,Beam 1B,119.0956,16.11
2026-05-14 20:00:00,beam-2a,Beam 2A,122.4272,16.11
2026-05-14 20:00:00,beam-2b,Beam 2B,121.3039,16.11
2026-05-14 20:00:00,beam-3a,Beam 3A,119.9669,16.11
2026-05-14 20:00:00,beam-3b,Beam 3B,119.0487,16.11
2026-05-14 20:00:00,pier-cap-1,Pier Cap 1,95.6395,16.11
2026-05-14 20:00:00,pier-cap-2,Pier Cap 2,95.6346,16.11
2026-05-14 21:00:00,beam-1a,Beam 1A,118.8703,14.39
2026-05-14 21:00:00,beam-1b,Beam 1B,119.4392,14.39
2026-05-14 21:00:00,beam-2a,Beam 2A,122.2164,14.39
2026-05-14 21:00:00,beam-2b,Beam 2B,120.4585,14.39
2026-05-14 21:00:00,beam-3a,Beam 3A,119.7184,14.39
2026-05-14 21:00:00,beam-3b,Beam 3B,118.7705,14.39
2026-05-14 21:00:00,pier-cap-1,Pier Cap 1,95.3383,14.39
2026-05-14 21:00:00,pier-cap-2,Pier Cap 2,95.5208,14.39
2026-05-14 22:00:00,beam-1a,Beam 1A,119.1503,12.36
2026-05-14 22:00:00,beam-1b,Beam 1B,118.7179,12.36
2026-05-14 22:00:00,beam-2a,Beam 2A,120.3071,12.36
2026-05-14 22:00:00,beam-2b,Beam 2B,120.5659,12.36
2026-05-14 22:00:00,beam-3a,Beam 3A,117.9379,12.36
2026-05-14 22:00:00,beam-3b,Beam 3B,118.0348,12.36
2026-05-14 22:00:00,pier-cap-1,Pier Cap 1,94.8803,12.36
2026-05-14 22:00:00,pier-cap-2,Pier Cap 2,95.4319,12.36
2026-05-14 23:00:00,beam-1a,Beam 1A,117.764,10.92
2026-05-14 23:00:00,beam-1b,Beam 1B,117.9772,10.92
2026-05-14 23:00:00,beam-2a,Beam 2A,120.5418,10.92
2026-05-14 23:00:00,beam-2b,Beam 2B,119.8504,10.92
2026-05-14 23:00:00,beam-3a,Beam 3A,118.6478,10.92
2026-05-14 23:00:00,beam-3b,Beam 3B,118.8058,10.92
2026-05-14 23:00:00,pier-cap-1,Pier Cap 1,94.762,10.92
2026-05-14 23:00:00,pier-cap-2,Pier Cap 2,94.925,10.92
2026-05-15 00:00:00,beam-1a,Beam 1A,118.0152,9.54
2026-05-15 00:00:00,beam-1b,Beam 1B,117.984,9.54
2026-05-15 00:00:00,beam-2a,Beam 2A,119.9935,9.54
2026-05-15 00:00:00,beam-2b,Beam 2B,119.849,9.54
2026-05-15 00:00:00,beam-3a,Beam 3A,117.8349,9.54
2026-05-15 00:00:00,beam-3b,Beam 3B,117.7725,9.54
2026-05-15 00:00:00,pier-cap-1,Pier Cap 1,94.3452,9.54
2026-05-15 00:00:00,pier-cap-2,Pier Cap 2,95.1361,9.54
2026-05-15 01:00:00,beam-1a,Beam 1A,117.9951,8.54
2026-05-15 01:00:00,beam-1b,Beam 1B,117.7892,8.54
2026-05-15 01:00:00,beam-2a,Beam 2A,120.6041,8.54
2026-05-15 01:00:00,beam-2b,Beam 2B,120.1789,8.54
2026-05-15 01:00:00,beam-3a,Beam 3A,118.0729,8.54
2026-05-15 01:00:00,beam-3b,Beam 3B,118.112,8.54
2026-05-15 01:00:00,pier-cap-1,Pier Cap 1,94.4348,8.54
2026-05-15 01:00:00,pier-cap-2,Pier Cap 2,94.8577,8.54
2026-05-15 02:00:00,beam-1a,Beam 1A,118.6126,7.35
2026-05-15 02:00:00,beam-1b,Beam 1B,116.6414,7.35
2026-05-15 02:00:00,beam-2a,Beam 2A,120.0848,7.35
2026-05-15 02:00:00,beam-2b,Beam 2B,119.6718,7.35
2026-05-15 02:00:00,beam-3a,Beam 3A,118.2419,7.35
2026-05-15 02:00:00,beam-3b,Beam 3B,117.6434,7.35
2026-05-15 02:00:00,pier-cap-1,Pier Cap 1,94.27,7.35
2026-05-15 02:00:00,pier-cap-2,Pier Cap 2,95.4192,7.35
2026-05-15 03:00:00,beam-1a,Beam 1A,118.4007,7.32
2026-05-15 03:00:00,beam-1b,Beam 1B,117.4144,7.32
2026-05-15 03:00:00,beam-2a,Beam 2A,119.7098,7.32
2026-05-15 03:00:00,beam-2b,Beam 2B,118.9716,7.32
2026-05-15 03:00:00,beam-3a,Beam 3A,118.1966,7.32
2026-05-15 03:00:00,beam-3b,Beam 3B,117.6475,7.32
2026-05-15 03:00:00,pier-cap-1,Pier Cap 1,93.9783,7.32
2026-05-15 03:00:00,pier-cap-2,Pier Cap 2,94.237,7.32
2026-05-15 04:00:00,beam-1a,Beam 1A,118.1906,7.71
2026-05-15 04:00:00,beam-1b,Beam 1B,117.9678,7.71
2026-05-15 04:00:00,beam-2a,Beam 2A,120.0713,7.71
2026-05-15 04:00:00,beam-2b,Beam 2B,119.9829,7.71
2026-05-15 04:00:00,beam-3a,Beam 3A,117.1593,7.71
2026-05-15 04:00:00,beam-3b,Beam 3B,117.5741,7.71
2026-05-15 04:00:00,pier-cap-1,Pier Cap 1,94.387,7.71
2026-05-15 04:00:00,pier-cap-2,Pier Cap 2,94.8552,7.71
2026-05-15 05:00:00,beam-1a,Beam 1A,119.1712,8.66
2026-05-15 05:00:00,beam-1b,Beam 1B,118.1898,8.66
2026-05-15 05:00:00,beam-2a,Beam 2A,120.0411,8.66
2026-05-15 05:00:00,beam-2b,Beam 2B,119.8292,8.66
2026-05-15 05:00:00,beam-3a,Beam 3A,117.5647,8.66
2026-05-15 05:00:00,beam-3b,Beam 3B,117.5197,8.66
2026-05-15 05:00:00,pier-cap-1,Pier Cap 1,94.5275,8.66
2026-05-15 05:00:00,pier-cap-2,Pier Cap 2,95.0012,8.66
2026-05-15 06:00:00,beam-1a,Beam 1A,118.7402,9.29
2026-05-15 06:00:00,beam-1b,Beam 1B,118.6859,9.29
2026-05-15 06:00:00,beam-2a,Beam 2A,121.0031,9.29
2026-05-15 06:00:00,beam-2b,Beam 2B,119.7405,9.29
2026-05-15 06:00:00,beam-3a,Beam 3A,118.1762,9.29
2026-05-15 06:00:00,beam-3b,Beam 3B,117.5755,9.29
2026-05-15 06:00:00,pier-cap-1,Pier Cap 1,94.4932,9.29
2026-05-15 06:00:00,pier-cap-2,Pier Cap 2,94.7339,9.29
2026-05-15 07:00:00,beam-1a,Beam 1A,119.8345,11.1
2026-05-15 07:00:00,beam-1b,Beam 1B,119.4766,11.1
2026-05-15 07:00:00,beam-2a,Beam 2A,120.9393,11.1
2026-05-15 07:00:00,beam-2b,Beam 2B,120.6192,11.1
2026-05-15 07:00:00,beam-3a,Beam 3A,118.7015,11.1
2026-05-15 07:00:00,beam-3b,Beam 3B,118.8645,11.1
2026-05-15 07:00:00,pier-cap-1,Pier Cap 1,95.5417,11.1
2026-05-15 07:00:00,pier-cap-2,Pier Cap 2,95.344,11.1
2026-05-15 08:00:00,beam-1a,Beam 1A,119.4346,12.48
2026-05-15 08:00:00,beam-1b,Beam 1B,119.3977,12.48
2026-05-15 08:00:00,beam-2a,Beam 2A,121.2632,12.48
2026-05-15 08:00:00,beam-2b,Beam 2B,120.5283,12.48
2026-05-15 08:00:00,beam-3a,Beam 3A,119.3282,12.48
2026-05-15 08:00:00,beam-3b,Beam 3B,118.5603,12.48
2026-05-15 08:00:00,pier-cap-1,Pier Cap 1,94.9792,12.48
2026-05-15 08:00:00,pier-cap-2,Pier Cap 2,95.7523,12.48
2026-05-15 09:00:00,beam-1a,Beam 1A,120.7555,14.35
2026-05-15 09:00:00,beam-1b,Beam 1B,119.6097,14.35
2026-05-15 09:00:00,beam-2a,Beam 2A,120.3027,14.35
2026-05-15 09:00:00,beam-2b,Beam 2B,120.5032,14.35
2026-05-15 09:00:00,beam-3a,Beam 3A,120.3098,14.35
2026-05-15 09:00:00,beam-3b,Beam 3B,119.2698,14.35
2026-05-15 09:00:00,pier-cap-1,Pier Cap 1,95.2183,14.35
2026-05-15 09:00:00,pier-cap-2,Pier Cap 2,95.831,14.35
2026-05-15 10:00:00,beam-1a,Beam 1A,120.7442,16.54
2026-05-15 10:00:00,beam-1b,Beam 1B,120.6,16.54
2026-05-15 10:00:00,beam-2a,Beam 2A,121.7808,16.54
2026-05-15 10:00:00,beam-2b,Beam 2B,122.1467,16.54
2026-05-15 10:00:00,beam-3a,Beam 3A,119.3917,16.54
2026-05-15 10:00:00,beam-3b,Beam 3B,119.7769,16.54
2026-05-15 10:00:00,pier-cap-1,Pier Cap 1,95.5039,16.54
2026-05-15 10:00:00,pier-cap-2,Pier Cap 2,96.546,16.54
2026-05-15 11:00:00,beam-1a,Beam 1A,120.7177,17.1
2026-05-15 11:00:00,beam-1b,Beam 1B,120.5634,17.1
2026-05-15 11:00:00,beam-2a,Beam 2A,122.7527,17.1
2026-05-15 11:00:00,beam-2b,Beam 2B,121.5125,17.1
2026-05-15 11:00:00,beam-3a,Beam 3A,119.0947,17.1
2026-05-15 11:00:00,beam-3b,Beam 3B,119.2546,17.1
2026-05-15 11:00:00,pier-cap-1,Pier Cap 1,95.4233,17.1
2026-05-15 11:00:00,pier-cap-2,Pier Cap 2,95.5612,17.1
2026-05-15 12:00:00,beam-1a,Beam 1A,121.331,18.83
2026-05-15 12:00:00,beam-1b,Beam 1B,120.9524,18.83
2026-05-15 12:00:00,beam-2a,Beam 2A,122.7955,18.83
2026-05-15 12:00:00,beam-2b,Beam 2B,121.8325,18.83
2026-05-15 12:00:00,beam-3a,Beam 3A,119.508,18.83
2026-05-15 12:00:00,beam-3b,Beam 3B,119.875,18.83
2026-05-15 12:00:00,pier-cap-1,Pier Cap 1,96.1796,18.83
2026-05-15 12:00:00,pier-cap-2,Pier Cap 2,96.2211,18.83
2026-05-15 13:00:00,beam-1a,Beam 1A,121.6792,19.86
2026-05-15 13:00:00,beam-1b,Beam 1B,121.08,19.86
2026-05-15 13:00:00,beam-2a,Beam 2A,121.7339,19.86
2026-05-15 13:00:00,beam-2b,Beam 2B,121.9107,19.86
2026-05-15 13:00:00,beam-3a,Beam 3A,120.3275,19.86
2026-05-15 13:00:00,beam-3b,Beam 3B,119.9398,19.86
2026-05-15 13:00:00,pier-cap-1,Pier Cap 1,95.9236,19.86
2026-05-15 13:00:00,pier-cap-2,Pier Cap 2,97.072,19.86
2026-05-15 14:00:00,beam-1a,Beam 1A,121.406,20.22
2026-05-15 14:00:00,beam-1b,Beam 1B,121.9638,20.22
2026-05-15 14:00:00,beam-2a,Beam 2A,122.4191,20.22
2026-05-15 14:00:00,beam-2b,Beam 2B,122.6164,20.22
2026-05-15 14:00:00,beam-3a,Beam 3A,120.1821,20.22
2026-05-15 14:00:00,beam-3b,Beam 3B,119.5872,20.22
2026-05-15 14:00:00,pier-cap-1,Pier Cap 1,96.0129,20.22
2026-05-15 14:00:00,pier-cap-2,Pier Cap 2,96.9569,20.22
2026-05-15 15:00:00,beam-1a,Beam 1A,121.8474,21.12
2026-05-15 15:00:00,beam-1b,Beam 1B,120.4693,21.12
2026-05-15 15:00:00,beam-2a,Beam 2A,122.244,21.12
2026-05-15 15:00:00,beam-2b,Beam 2B,122.1146,21.12
2026-05-15 15:00:00,beam-3a,Beam 3A,120.5657,21.12
2026-05-15 15:00:00,beam-3b,Beam 3B,120.0984,21.12
2026-05-15 15:00:00,pier-cap-1,Pier Cap 1,96.157,21.12
2026-05-15 15:00:00,pier-cap-2,Pier Cap 2,96.9806,21.12
2026-05-15 16:00:00,beam-1a,Beam 1A,121.3861,21.46
2026-05-15 16:00:00,beam-1b,Beam 1B,121.0542,21.46
2026-05-15 16:00:00,beam-2a,Beam 2A,123.4755,21.46
2026-05-15 16:00:00,beam-2b,Beam 2B,121.7731,21.46
2026-05-15 16:00:00,beam-3a,Beam 3A,120.3424,21.46
2026-05-15 16:00:00,beam-3b,Beam 3B,120.4322,21.46
2026-05-15 16:00:00,pier-cap-1,Pier Cap 1,96.0728,21.46
2026-05-15 16:00:00,pier-cap-2,Pier Cap 2,97.2383,21.46
2026-05-15 17:00:00,beam-1a,Beam 1A,121.439,20.34
2026-05-15 17:00:00,beam-1b,Beam 1B,120.8205,20.34
2026-05-15 17:00:00,beam-2a,Beam 2A,122.6662,20.34
2026-05-15 17:00:00,beam-2b,Beam 2B,121.897,20.34
2026-05-15 17:00:00,beam-3a,Beam 3A,119.8114,20.34
2026-05-15 17:00:00,beam-3b,Beam 3B,119.8404,20.34
2026-05-15 17:00:00,pier-cap-1,Pier Cap 1,95.676,20.34
2026-05-15 17:00:00,pier-cap-2,Pier Cap 2,96.1264,20.34
2026-05-15 18:00:00,beam-1a,Beam 1A,121.0441,19.42
2026-05-15 18:00:00,beam-1b,Beam 1B,120.2159,19.42
2026-05-15 18:00:00,beam-2a,Beam 2A,122.0775,19.42
2026-05-15 18:00:00,beam-2b,Beam 2B,122.5153,19.42
2026-05-15 18:00:00,beam-3a,Beam 3A,120.7776,19.42
2026-05-15 18:00:00,beam-3b,Beam 3B,119.7267,19.42
2026-05-15 18:00:00,pier-cap-1,Pier Cap 1,95.9246,19.42
2026-05-15 18:00:00,pier-cap-2,Pier Cap 2,96.8021,19.42
2026-05-15 19:00:00,beam-1a,Beam 1A,120.5313,18.33
2026-05-15 19:00:00,beam-1b,Beam 1B,120.4675,18.33
2026-05-15 19:00:00,beam-2a,Beam 2A,122.1796,18.33
2026-05-15 19:00:00,beam-2b,Beam 2B,122.0988,18.33
2026-05-15 19:00:00,beam-3a,Beam 3A,119.9026,18.33
2026-05-15 19:00:00,beam-3b,Beam 3B,119.572,18.33
2026-05-15 19:00:00,pier-cap-1,Pier Cap 1,96.1615,18.33
2026-05-15 19:00:00,pier-cap-2,Pier Cap 2,96.7188,18.33
2026-05-15 20:00:00,beam-1a,Beam 1A,119.9735,16.74
2026-05-15 20:00:00,beam-1b,Beam 1B,120.0126,16.74
2026-05-15 20:00:00,beam-2a,Beam 2A,120.8045,16.74
2026-05-15 20:00:00,beam-2b,Beam 2B,121.3454,16.74
2026-05-15 20:00:00,beam-3a,Beam 3A,119.8173,16.74
2026-05-15 20:00:00,beam-3b,Beam 3B,120.0691,16.74
2026-05-15 20:00:00,pier-cap-1,Pier Cap 1,95.7196,16.74
2026-05-15 20:00:00,pier-cap-2,Pier Cap 2,95.9629,16.74
2026-05-15 21:00:00,beam-1a,Beam 1A,119.6068,14.37
2026-05-15 21:00:00,beam-1b,Beam 1B,119.1371,14.37
2026-05-15 21:00:00,beam-2a,Beam 2A,120.9393,14.37
2026-05-15 21:00:00,beam-2b,Beam 2B,121.5226,14.37
2026-05-15 21:00:00,beam-3a,Beam 3A,119.3496,14.37
2026-05-15 21:00:00,beam-3b,Beam 3B,118.2377,14.37
2026-05-15 21:00:00,pier-cap-1,Pier Cap 1,95.7732,14.37
2026-05-15 21:00:00,pier-cap-2,Pier Cap 2,96.5937,14.37
2026-05-15 22:00:00,beam-1a,Beam 1A,119.4518,13.12
2026-05-15 22:00:00,beam-1b,Beam 1B,118.7645,13.12
2026-05-15 22:00:00,beam-2a,Beam 2A,121.1394,13.12
2026-05-15 22:00:00,beam-2b,Beam 2B,121.024,13.12
2026-05-15 22:00:00,beam-3a,Beam 3A,118.9183,13.12
2026-05-15 22:00:00,beam-3b,Beam 3B,118.8191,13.12
2026-05-15 22:00:00,pier-cap-1,Pier Cap 1,95.3439,13.12
2026-05-15 22:00:00,pier-cap-2,Pier Cap 2,95.6775,13.12
2026-05-15 23:00:00,beam-1a,Beam 1A,119.5231,10.93
2026-05-15 23:00:00,beam-1b,Beam 1B,118.3623,10.93
2026-05-15 23:00:00,beam-2a,Beam 2A,121.0245,10.93
2026-05-15 23:00:00,beam-2b,Beam 2B,120.1796,10.93
2026-05-15 23:00:00,beam-3a,Beam 3A,118.6374,10.93
2026-05-15 23:00:00,beam-3b,Beam 3B,118.1382,10.93
2026-05-15 23:00:00,pier-cap-1,Pier Cap 1,94.9468,10.93
2026-05-15 23:00:00,pier-cap-2,Pier Cap 2,94.6318,10.93
2026-05-16 00:00:00,beam-1a,Beam 1A,118.7431,8.59
2026-05-16 00:00:00,beam-1b,Beam 1B,117.9776,8.59
2026-05-16 00:00:00,beam-2a,Beam 2A,119.4423,8.59
2026-05-16 00:00:00,beam-2b,Beam 2B,119.7524,8.59
2026-05-16 00:00:00,beam-3a,Beam 3A,118.1828,8.59
2026-05-16 00:00:00,beam-3b,Beam 3B,117.5586,8.59
2026-05-16 00:00:00,pier-cap-1,Pier Cap 1,95.0039,8.59
2026-05-16 00:00:00,pier-cap-2,Pier Cap 2,95.0535,8.59
2026-05-16 01:00:00,beam-1a,Beam 1A,118.6464,7.58
2026-05-16 01:00:00,beam-1b,Beam 1B,117.8774,7.58
2026-05-16 01:00:00,beam-2a,Beam 2A,119.8633,7.58
2026-05-16 01:00:00,beam-2b,Beam 2B,119.7475,7.58
2026-05-16 01:00:00,beam-3a,Beam 3A,118.4952,7.58
2026-05-16 01:00:00,beam-3b,Beam 3B,117.4927,7.58
2026-05-16 01:00:00,pier-cap-1,Pier Cap 1,94.2577,7.58
2026-05-16 01:00:00,pier-cap-2,Pier Cap 2,94.5708,7.58
2026-05-16 02:00:00,beam-1a,Beam 1A,119.2999,6.52
2026-05-16 02:00:00,beam-1b,Beam 1B,117.7531,6.52
2026-05-16 02:00:00,beam-2a,Beam 2A,120.2089,6.52
2026-05-16 02:00:00,beam-2b,Beam 2B,119.0722,6.52
2026-05-16 02:00:00,beam-3a,Beam 3A,117.6961,6.52
2026-05-16 02:00:00,beam-3b,Beam 3B,117.6233,6.52
2026-05-16 02:00:00,pier-cap-1,Pier Cap 1,94.1477,6.52
2026-05-16 02:00:00,pier-cap-2,Pier Cap 2,94.9782,6.52
2026-05-16 03:00:00,beam-1a,Beam 1A,118.54,6.52
2026-05-16 03:00:00,beam-1b,Beam 1B,118.0478,6.52
2026-05-16 03:00:00,beam-2a,Beam 2A,119.2241,6.52
2026-05-16 03:00:00,beam-2b,Beam 2B,119.4065,6.52
2026-05-16 03:00:00,beam-3a,Beam 3A,117.9645,6.52
2026-05-16 03:00:00,beam-3b,Beam 3B,117.643,6.52
2026-05-16 03:00:00,pier-cap-1,Pier Cap 1,94.1251,6.52
2026-05-16 03:00:00,pier-cap-2,Pier Cap 2,94.7929,6.52
2026-05-16 04:00:00,beam-1a,Beam 1A,118.7752,6.97
2026-05-16 04:00:00,beam-1b,Beam 1B,118.4692,6.97
2026-05-16 04:00:00,beam-2a,Beam 2A,119.9865,6.97
2026-05-16 04:00:00,beam-2b,Beam 2B,119.6182,6.97
2026-05-16 04:00:00,beam-3a,Beam 3A,117.7592,6.97
2026-05-16 04:00:00,beam-3b,Beam 3B,117.5401,6.97
2026-05-16 04:00:00,pier-cap-1,Pier Cap 1,94.6592,6.97
2026-05-16 04:00:00,pier-cap-2,Pier Cap 2,94.5167,6.97
2026-05-16 05:00:00,beam-1a,Beam 1A,119.2654,8.14
2026-05-16 05:00:00,beam-1b,Beam 1B,118.1885,8.14
2026-05-16 05:00:00,beam-2a,Beam 2A,120.154,8.14
2026-05-16 05:00:00,beam-2b,Beam 2B,119.0528,8.14
2026-05-16 05:00:00,beam-3a,Beam 3A,118.194,8.14
2026-05-16 05:00:00,beam-3b,Beam 3B,118.0787,8.14
2026-05-16 05:00:00,pier-cap-1,Pier Cap 1,94.3714,8.14
2026-05-16 05:00:00,pier-cap-2,Pier Cap 2,95.3214,8.14
2026-05-16 06:00:00,beam-1a,Beam 1A,119.1246,9.62
2026-05-16 06:00:00,beam-1b,Beam 1B,118.71,9.62
2026-05-16 06:00:00,beam-2a,Beam 2A,121.1092,9.62
2026-05-16 06:00:00,beam-2b,Beam 2B,119.9477,9.62
2026-05-16 06:00:00,beam-3a,Beam 3A,117.6508,9.62
2026-05-16 06:00:00,beam-3b,Beam 3B,118.4214,9.62
2026-05-16 06:00:00,pier-cap-1,Pier Cap 1,94.3981,9.62
2026-05-16 06:00:00,pier-cap-2,Pier Cap 2,95.3744,9.62
2026-05-16 07:00:00,beam-1a,Beam 1A,119.5614,9.83
2026-05-16 07:00:00,beam-1b,Beam 1B,118.7048,9.83
2026-05-16 07:00:00,beam-2a,Beam 2A,120.3731,9.83
2026-05-16 07:00:00,beam-2b,Beam 2B,119.9439,9.83
2026-05-16 07:00:00,beam-3a,Beam 3A,118.2469,9.83
2026-05-16 07:00:00,beam-3b,Beam 3B,118.3026,9.83
2026-05-16 07:00:00,pier-cap-1,Pier Cap 1,94.8002,9.83
2026-05-16 07:00:00,pier-cap-2,Pier Cap 2,94.8755,9.83
2026-05-16 08:00:00,beam-1a,Beam 1A,120.1703,12.22
2026-05-16 08:00:00,beam-1b,Beam 1B,120.2507,12.22
2026-05-16 08:00:00,beam-2a,Beam 2A,120.8762,12.22
2026-05-16 08:00:00,beam-2b,Beam 2B,120.956,12.22
2026-05-16 08:00:00,beam-3a,Beam 3A,119.3099,12.22
2026-05-16 08:00:00,beam-3b,Beam 3B,118.2814,12.22
2026-05-16 08:00:00,pier-cap-1,Pier Cap 1,94.7387,12.22
2026-05-16 08:00:00,pier-cap-2,Pier Cap 2,95.438,12.22
2026-05-16 09:00:00,beam-1a,Beam 1A,120.9408,13.46
2026-05-16 09:00:00,beam-1b,Beam 1B,120.4018,13.46
2026-05-16 09:00:00,beam-2a,Beam 2A,121.5345,13.46
2026-05-16 09:00:00,beam-2b,Beam 2B,120.0547,13.46
2026-05-16 09:00:00,beam-3a,Beam 3A,118.0411,13.46
2026-05-16 09:00:00,beam-3b,Beam 3B,118.8809,13.46
2026-05-16 09:00:00,pier-cap-1,Pier Cap 1,95.3294,13.46
2026-05-16 09:00:00,pier-cap-2,Pier Cap 2,95.8244,13.46
2026-05-16 10:00:00,beam-1a,Beam 1A,121.1952,15.88
2026-05-16 10:00:00,beam-1b,Beam 1B,121.033,15.88
2026-05-16 10:00:00,beam-2a,Beam 2A,121.1455,15.88
2026-05-16 10:00:00,beam-2b,Beam 2B,121.1234,15.88
2026-05-16 10:00:00,beam-3a,Beam 3A,119.3118,15.88
2026-05-16 10:00:00,beam-3b,Beam 3B,119.342,15.88
2026-05-16 10:00:00,pier-cap-1,Pier Cap 1,95.6562,15.88
2026-05-16 10:00:00,pier-cap-2,Pier Cap 2,95.9228,15.88
2026-05-16 11:00:00,beam-1a,Beam 1A,121.617,17.33
2026-05-16 11:00:00,beam-1b,Beam 1B,120.6683,17.33
2026-05-16 11:00:00,beam-2a,Beam 2A,121.8769,17.33
2026-05-16 11:00:00,beam-2b,Beam 2B,121.3725,17.33
2026-05-16 11:00:00,beam-3a,Beam 3A,119.7861,17.33
2026-05-16 11:00:00,beam-3b,Beam 3B,119.1565,17.33
2026-05-16 11:00:00,pier-cap-1,Pier Cap 1,95.6921,17.33
2026-05-16 11:00:00,pier-cap-2,Pier Cap 2,96.1486,17.33
2026-05-16 12:00:00,beam-1a,Beam 1A,122.0955,18.1
2026-05-16 12:00:00,beam-1b,Beam 1B,121.9397,18.1
2026-05-16 12:00:00,beam-2a,Beam 2A,121.9369,18.1
2026-05-16 12:00:00,beam-2b,Beam 2B,122.1032,18.1
2026-05-16 12:00:00,beam-3a,Beam 3A,119.6515,18.1
2026-05-16 12:00:00,beam-3b,Beam 3B,119.0389,18.1
2026-05-16 12:00:00,pier-cap-1,Pier Cap 1,96.0341,18.1
2026-05-16 12:00:00,pier-cap-2,Pier Cap 2,96.3754,18.1
2026-05-16 13:00:00,beam-1a,Beam 1A,122.3604,20.31
2026-05-16 13:00:00,beam-1b,Beam 1B,121.4452,20.31
2026-05-16 13:00:00,beam-2a,Beam 2A,122.5069,20.31
2026-05-16 13:00:00,beam-2b,Beam 2B,122.145,20.31
2026-05-16 13:00:00,beam-3a,Beam 3A,120.4164,20.31
2026-05-16 13:00:00,beam-3b,Beam 3B,119.3013,20.31
2026-05-16 13:00:00,pier-cap-1,Pier Cap 1,95.7505,20.31
2026-05-16 13:00:00,pier-cap-2,Pier Cap 2,96.3771,20.31
2026-05-16 14:00:00,beam-1a,Beam 1A,121.9671,20.4
2026-05-16 14:00:00,beam-1b,Beam 1B,121.6825,20.4
2026-05-16 14:00:00,beam-2a,Beam 2A,122.919,20.4
2026-05-16 14:00:00,beam-2b,Beam 2B,122.8981,20.4
2026-05-16 14:00:00,beam-3a,Beam 3A,120.209,20.4
2026-05-16 14:00:00,beam-3b,Beam 3B,120.0501,20.4
2026-05-16 14:00:00,pier-cap-1,Pier Cap 1,96.2586,20.4
2026-05-16 14:00:00,pier-cap-2,Pier Cap 2,96.0399,20.4
2026-05-16 15:00:00,beam-1a,Beam 1A,121.7684,20.67
2026-05-16 15:00:00,beam-1b,Beam 1B,121.902,20.67
2026-05-16 15:00:00,beam-2a,Beam 2A,122.8547,20.67
2026-05-16 15:00:00,beam-2b,Beam 2B,122.4979,20.67
2026-05-16 15:00:00,beam-3a,Beam 3A,120.1626,20.67
2026-05-16 15:00:00,beam-3b,Beam 3B,120.1807,20.67
2026-05-16 15:00:00,pier-cap-1,Pier Cap 1,96.1109,20.67
2026-05-16 15:00:00,pier-cap-2,Pier Cap 2,96.8215,20.67
2026-05-16 16:00:00,beam-1a,Beam 1A,122.2101,20.21
2026-05-16 16:00:00,beam-1b,Beam 1B,121.0673,20.21
2026-05-16 16:00:00,beam-2a,Beam 2A,122.243,20.21
2026-05-16 16:00:00,beam-2b,Beam 2B,121.9783,20.21
2026-05-16 16:00:00,beam-3a,Beam 3A,119.7952,20.21
2026-05-16 16:00:00,beam-3b,Beam 3B,119.5767,20.21
2026-05-16 16:00:00,pier-cap-1,Pier Cap 1,97.0405,20.21
2026-05-16 16:00:00,pier-cap-2,Pier Cap 2,96.0852,20.21
2026-05-16 17:00:00,beam-1a,Beam 1A,121.7961,19.68
2026-05-16 17:00:00,beam-1b,Beam 1B,120.934,19.68
2026-05-16 17:00:00,beam-2a,Beam 2A,122.4905,19.68
2026-05-16 17:00:00,beam-2b,Beam 2B,122.1317,19.68
2026-05-16 17:00:00,beam-3a,Beam 3A,119.6281,19.68
2026-05-16 17:00:00,beam-3b,Beam 3B,120.2551,19.68
2026-05-16 17:00:00,pier-cap-1,Pier Cap 1,96.1486,19.68
2026-05-16 17:00:00,pier-cap-2,Pier Cap 2,96.3039,19.68
2026-05-16 18:00:00,beam-1a,Beam 1A,120.6861,19.0
2026-05-16 18:00:00,beam-1b,Beam 1B,120.911,19.0
2026-05-16 18:00:00,beam-2a,Beam 2A,122.8961,19.0
2026-05-16 18:00:00,beam-2b,Beam 2B,121.7583,19.0
2026-05-16 18:00:00,beam-3a,Beam 3A,119.7742,19.0
2026-05-16 18:00:00,beam-3b,Beam 3B,119.8132,19.0
2026-05-16 18:00:00,pier-cap-1,Pier Cap 1,95.821,19.0
2026-05-16 18:00:00,pier-cap-2,Pier Cap 2,95.9685,19.0
2026-05-16 19:00:00,beam-1a,Beam 1A,120.6948,17.3
2026-05-16 19:00:00,beam-1b,Beam 1B,121.4045,17.3
2026-05-16 19:00:00,beam-2a,Beam 2A,121.628,17.3
2026-05-16 19:00:00,beam-2b,Beam 2B,121.9043,17.3
2026-05-16 19:00:00,beam-3a,Beam 3A,119.9105,17.3
2026-05-16 19:00:00,beam-3b,Beam 3B,119.9099,17.3
2026-05-16 19:00:00,pier-cap-1,Pier Cap 1,95.3319,17.3
2026-05-16 19:00:00,pier-cap-2,Pier Cap 2,95.7509,17.3
2026-05-16 20:00:00,beam-1a,Beam 1A,120.4342,15.82
2026-05-16 20:00:00,beam-1b,Beam 1B,120.0816,15.82
2026-05-16 20:00:00,beam-2a,Beam 2A,121.7224,15.82
2026-05-16 20:00:00,beam-2b,Beam 2B,120.7315,15.82
2026-05-16 20:00:00,beam-3a,Beam 3A,119.6265,15.82
2026-05-16 20:00:00,beam-3b,Beam 3B,119.2858,15.82
2026-05-16 20:00:00,pier-cap-1,Pier Cap 1,95.9149,15.82
2026-05-16 20:00:00,pier-cap-2,Pier Cap 2,96.1512,15.82
2026-05-16 21:00:00,beam-1a,Beam 1A,120.2004,14.02
2026-05-16 21:00:00,beam-1b,Beam 1B,120.09,14.02
2026-05-16 21:00:00,beam-2a,Beam 2A,121.2274,14.02
2026-05-16 21:00:00,beam-2b,Beam 2B,120.5752,14.02
2026-05-16 21:00:00,beam-3a,Beam 3A,119.7466,14.02
2026-05-16 21:00:00,beam-3b,Beam 3B,118.4412,14.02
2026-05-16 21:00:00,pier-cap-1,Pier Cap 1,95.1485,14.02
2026-05-16 21:00:00,pier-cap-2,Pier Cap 2,95.6868,14.02
2026-05-16 22:00:00,beam-1a,Beam 1A,119.8574,12.6
2026-05-16 22:00:00,beam-1b,Beam 1B,119.5608,12.6
2026-05-16 22:00:00,beam-2a,Beam 2A,120.9938,12.6
2026-05-16 22:00:00,beam-2b,Beam 2B,120.8013,12.6
2026-05-16 22:00:00,beam-3a,Beam 3A,118.3873,12.6
2026-05-16 22:00:00,beam-3b,Beam 3B,118.7035,12.6
2026-05-16 22:00:00,pier-cap-1,Pier Cap 1,94.8019,12.6
2026-05-16 22:00:00,pier-cap-2,Pier Cap 2,95.4617,12.6
2026-05-16 23:00:00,beam-1a,Beam 1A,119.1703,10.24
2026-05-16 23:00:00,beam-1b,Beam 1B,118.7997,10.24
2026-05-16 23:00:00,beam-2a,Beam 2A,119.896,10.24
2026-05-16 23:00:00,beam-2b,Beam 2B,120.6386,10.24
2026-05-16 23:00:00,beam-3a,Beam 3A,118.1993,10.24
2026-05-16 23:00:00,beam-3b,Beam 3B,118.3304,10.24
2026-05-16 23:00:00,pier-cap-1,Pier Cap 1,94.7871,10.24
2026-05-16 23:00:00,pier-cap-2,Pier Cap 2,94.7915,10.24
2026-05-17 00:00:00,beam-1a,Beam 1A,118.9482,8.56
2026-05-17 00:00:00,beam-1b,Beam 1B,117.9971,8.56
2026-05-17 00:00:00,beam-2a,Beam 2A,120.7762,8.56
2026-05-17 00:00:00,beam-2b,Beam 2B,118.9311,8.56
2026-05-17 00:00:00,beam-3a,Beam 3A,117.8544,8.56
2026-05-17 00:00:00,beam-3b,Beam 3B,117.5846,8.56
2026-05-17 00:00:00,pier-cap-1,Pier Cap 1,94.6288,8.56
2026-05-17 00:00:00,pier-cap-2,Pier Cap 2,94.7371,8.56
2026-05-17 01:00:00,beam-1a,Beam 1A,118.7962,8.46
2026-05-17 01:00:00,beam-1b,Beam 1B,118.7447,8.46
2026-05-17 01:00:00,beam-2a,Beam 2A,119.8832,8.46
2026-05-17 01:00:00,beam-2b,Beam 2B,120.3427,8.46
2026-05-17 01:00:00,beam-3a,Beam 3A,118.1298,8.46
2026-05-17 01:00:00,beam-3b,Beam 3B,117.2535,8.46
2026-05-17 01:00:00,pier-cap-1,Pier Cap 1,94.6099,8.46
2026-05-17 01:00:00,pier-cap-2,Pier Cap 2,95.0326,8.46
2026-05-17 02:00:00,beam-1a,Beam 1A,118.3683,7.21
2026-05-17 02:00:00,beam-1b,Beam 1B,117.6798,7.21
2026-05-17 02:00:00,beam-2a,Beam 2A,120.3516,7.21
2026-05-17 02:00:00,beam-2b,Beam 2B,119.4851,7.21
2026-05-17 02:00:00,beam-3a,Beam 3A,117.5021,7.21
2026-05-17 02:00:00,beam-3b,Beam 3B,117.5542,7.21
2026-05-17 02:00:00,pier-cap-1,Pier Cap 1,94.2368,7.21
2026-05-17 02:00:00,pier-cap-2,Pier Cap 2,94.7152,7.21
2026-05-17 03:00:00,beam-1a,Beam 1A,118.7122,7.55
2026-05-17 03:00:00,beam-1b,Beam 1B,118.9639,7.55
2026-05-17 03:00:00,beam-2a,Beam 2A,119.7606,7.55
2026-05-17 03:00:00,beam-2b,Beam 2B,118.8556,7.55
2026-05-17 03:00:00,beam-3a,Beam 3A,117.3175,7.55
2026-05-17 03:00:00,beam-3b,Beam 3B,117.2334,7.55
2026-05-17 03:00:00,pier-cap-1,Pier Cap 1,94.3296,7.55
2026-05-17 03:00:00,pier-cap-2,Pier Cap 2,95.0287,7.55
2026-05-17 04:00:00,beam-1a,Beam 1A,118.9795,7.49
2026-05-17 04:00:00,beam-1b,Beam 1B,118.6429,7.49
2026-05-17 04:00:00,beam-2a,Beam 2A,119.7481,7.49
2026-05-17 04:00:00,beam-2b,Beam 2B,118.3977,7.49
2026-05-17 04:00:00,beam-3a,Beam 3A,117.1381,7.49
2026-05-17 04:00:00,beam-3b,Beam 3B,117.9657,7.49
2026-05-17 04:00:00,pier-cap-1,Pier Cap 1,94.3434,7.49
2026-05-17 04:00:00,pier-cap-2,Pier Cap 2,95.0633,7.49
2026-05-17 05:00:00,beam-1a,Beam 1A,119.2132,7.99
2026-05-17 05:00:00,beam-1b,Beam 1B,117.8977,7.99
2026-05-17 05:00:00,beam-2a,Beam 2A,120.5823,7.99
2026-05-17 05:00:00,beam-2b,Beam 2B,119.0853,7.99
2026-05-17 05:00:00,beam-3a,Beam 3A,117.7194,7.99
2026-05-17 05:00:00,beam-3b,Beam 3B,117.5247,7.99
2026-05-17 05:00:00,pier-cap-1,Pier Cap 1,94.4487,7.99
2026-05-17 05:00:00,pier-cap-2,Pier Cap 2,94.7721,7.99
2026-05-17 06:00:00,beam-1a,Beam 1A,118.9656,9.29
2026-05-17 06:00:00,beam-1b,Beam 1B,119.1064,9.29
2026-05-17 06:00:00,beam-2a,Beam 2A,120.7555,9.29
2026-05-17 06:00:00,beam-2b,Beam 2B,119.95,9.29
2026-05-17 06:00:00,beam-3a,Beam 3A,118.5792,9.29
2026-05-17 06:00:00,beam-3b,Beam 3B,118.5186,9.29
2026-05-17 06:00:00,pier-cap-1,Pier Cap 1,94.6709,9.29
2026-05-17 06:00:00,pier-cap-2,Pier Cap 2,94.4878,9.29
2026-05-17 07:00:00,beam-1a,Beam 1A,120.0045,11.38
2026-05-17 07:00:00,beam-1b,Beam 1B,119.9725,11.38
2026-05-17 07:00:00,beam-2a,Beam 2A,120.8595,11.38
2026-05-17 07:00:00,beam-2b,Beam 2B,120.3497,11.38
2026-05-17 07:00:00,beam-3a,Beam 3A,118.2749,11.38
2026-05-17 07:00:00,beam-3b,Beam 3B,117.5688,11.38
2026-05-17 07:00:00,pier-cap-1,Pier Cap 1,95.1854,11.38
2026-05-17 07:00:00,pier-cap-2,Pier Cap 2,95.13,11.38
2026-05-17 08:00:00,beam-1a,Beam 1A,120.64,13.12
2026-05-17 08:00:00,beam-1b,Beam 1B,120.1374,13.12
2026-05-17 08:00:00,beam-2a,Beam 2A,121.4282,13.12
2026-05-17 08:00:00,beam-2b,Beam 2B,120.9771,13.12
2026-05-17 08:00:00,beam-3a,Beam 3A,119.0401,13.12
2026-05-17 08:00:00,beam-3b,Beam 3B,118.6898,13.12
2026-05-17 08:00:00,pier-cap-1,Pier Cap 1,95.1348,13.12
2026-05-17 08:00:00,pier-cap-2,Pier Cap 2,95.5885,13.12
2026-05-17 09:00:00,beam-1a,Beam 1A,120.8341,14.13
2026-05-17 09:00:00,beam-1b,Beam 1B,120.7828,14.13
2026-05-17 09:00:00,beam-2a,Beam 2A,121.2101,14.13
2026-05-17 09:00:00,beam-2b,Beam 2B,120.7057,14.13
2026-05-17 09:00:00,beam-3a,Beam 3A,118.6471,14.13
2026-05-17 09:00:00,beam-3b,Beam 3B,119.3345,14.13
2026-05-17 09:00:00,pier-cap-1,Pier Cap 1,95.0241,14.13
2026-05-17 09:00:00,pier-cap-2,Pier Cap 2,95.5362,14.13
2026-05-17 10:00:00,beam-1a,Beam 1A,121.2537,15.98
2026-05-17 10:00:00,beam-1b,Beam 1B,120.6426,15.98
2026-05-17 10:00:00,beam-2a,Beam 2A,121.6918,15.98
2026-05-17 10:00:00,beam-2b,Beam 2B,120.8519,15.98
2026-05-17 10:00:00,beam-3a,Beam 3A,119.0849,15.98
2026-05-17 10:00:00,beam-3b,Beam 3B,118.8738,15.98
2026-05-17 10:00:00,pier-cap-1,Pier Cap 1,95.5031,15.98
2026-05-17 10:00:00,pier-cap-2,Pier Cap 2,95.73,15.98
2026-05-17 11:00:00,beam-1a,Beam 1A,121.9524,18.03
2026-05-17 11:00:00,beam-1b,Beam 1B,120.9245,18.03
2026-05-17 11:00:00,beam-2a,Beam 2A,121.8414,18.03
2026-05-17 11:00:00,beam-2b,Beam 2B,121.5408,18.03
2026-05-17 11:00:00,beam-3a,Beam 3A,119.9451,18.03
2026-05-17 11:00:00,beam-3b,Beam 3B,119.52,18.03
2026-05-17 11:00:00,pier-cap-1,Pier Cap 1,96.0807,18.03
2026-05-17 11:00:00,pier-cap-2,Pier Cap 2,96.3755,18.03
2026-05-17 12:00:00,beam-1a,Beam 1A,121.5327,18.71
2026-05-17 12:00:00,beam-1b,Beam 1B,121.4854,18.71
2026-05-17 12:00:00,beam-2a,Beam 2A,122.6039,18.71
2026-05-17 12:00:00,beam-2b,Beam 2B,121.8557,18.71
2026-05-17 12:00:00,beam-3a,Beam 3A,119.8437,18.71
2026-05-17 12:00:00,beam-3b,Beam 3B,119.5641,18.71
2026-05-17 12:00:00,pier-cap-1,Pier Cap 1,95.4207,18.71
2026-05-17 12:00:00,pier-cap-2,Pier Cap 2,97.1858,18.71
2026-05-17 13:00:00,beam-1a,Beam 1A,121.571,20.3
2026-05-17 13:00:00,beam-1b,Beam 1B,121.7519,20.3
2026-05-17 13:00:00,beam-2a,Beam 2A,122.2817,20.3
2026-05-17 13:00:00,beam-2b,Beam 2B,122.2514,20.3
2026-05-17 13:00:00,beam-3a,Beam 3A,120.5875,20.3
2026-05-17 13:00:00,beam-3b,Beam 3B,119.7668,20.3
2026-05-17 13:00:00,pier-cap-1,Pier Cap 1,95.6601,20.3
2026-05-17 13:00:00,pier-cap-2,Pier Cap 2,96.5478,20.3
2026-05-17 14:00:00,beam-1a,Beam 1A,122.0288,20.85
2026-05-17 14:00:00,beam-1b,Beam 1B,121.6287,20.85
2026-05-17 14:00:00,beam-2a,Beam 2A,123.2643,20.85
2026-05-17 14:00:00,beam-2b,Beam 2B,121.9545,20.85
2026-05-17 14:00:00,beam-3a,Beam 3A,121.2208,20.85
2026-05-17 14:00:00,beam-3b,Beam 3B,120.1973,20.85
2026-05-17 14:00:00,pier-cap-1,Pier Cap 1,96.5531,20.85
2026-05-17 14:00:00,pier-cap-2,Pier Cap 2,96.7768,20.85
2026-05-17 15:00:00,beam-1a,Beam 1A,122.3873,21.23
2026-05-17 15:00:00,beam-1b,Beam 1B,122.1494,21.23
2026-05-17 15:00:00,beam-2a,Beam 2A,122.6187,21.23
2026-05-17 15:00:00,beam-2b,Beam 2B,122.7057,21.23
2026-05-17 15:00:00,beam-3a,Beam 3A,120.6418,21.23
2026-05-17 15:00:00,beam-3b,Beam 3B,119.7294,21.23
2026-05-17 15:00:00,pier-cap-1,Pier Cap 1,96.7898,21.23
2026-05-17 15:00:00,pier-cap-2,Pier Cap 2,96.4402,21.23
2026-05-17 16:00:00,beam-1a,Beam 1A,122.4449,20.53
2026-05-17 16:00:00,beam-1b,Beam 1B,121.1567,20.53
2026-05-17 16:00:00,beam-2a,Beam 2A,122.6138,20.53
2026-05-17 16:00:00,beam-2b,Beam 2B,121.957,20.53
2026-05-17 16:00:00,beam-3a,Beam 3A,119.7812,20.53
2026-05-17 16:00:00,beam-3b,Beam 3B,120.0115,20.53
2026-05-17 16:00:00,pier-cap-1,Pier Cap 1,95.8496,20.53
2026-05-17 16:00:00,pier-cap-2,Pier Cap 2,97.1022,20.53
2026-05-17 17:00:00,beam-1a,Beam 1A,121.7709,19.53
2026-05-17 17:00:00,beam-1b,Beam 1B,121.2068,19.53
2026-05-17 17:00:00,beam-2a,Beam 2A,122.7087,19.53
2026-05-17 17:00:00,beam-2b,Beam 2B,121.6574,19.53
2026-05-17 17:00:00,beam-3a,Beam 3A,119.9133,19.53
2026-05-17 17:00:00,beam-3b,Beam 3B,120.0406,19.53
2026-05-17 17:00:00,pier-cap-1,Pier Cap 1,96.1091,19.53
2026-05-17 17:00:00,pier-cap-2,Pier Cap 2,96.8414,19.53
2026-05-17 18:00:00,beam-1a,Beam 1A,120.5761,18.22
2026-05-17 18:00:00,beam-1b,Beam 1B,120.7137,18.22
2026-05-17 18:00:00,beam-2a,Beam 2A,122.1536,18.22
2026-05-17 18:00:00,beam-2b,Beam 2B,121.5271,18.22
2026-05-17 18:00:00,beam-3a,Beam 3A,119.6247,18.22
2026-05-17 18:00:00,beam-3b,Beam 3B,119.5366,18.22
2026-05-17 18:00:00,pier-cap-1,Pier Cap 1,95.7632,18.22
2026-05-17 18:00:00,pier-cap-2,Pier Cap 2,96.6248,18.22
2026-05-17 19:00:00,beam-1a,Beam 1A,120.6108,17.15
2026-05-17 19:00:00,beam-1b,Beam 1B,119.7473,17.15
2026-05-17 19:00:00,beam-2a,Beam 2A,121.8114,17.15
2026-05-17 19:00:00,beam-2b,Beam 2B,121.9605,17.15
2026-05-17 19:00:00,beam-3a,Beam 3A,120.1644,17.15
2026-05-17 19:00:00,beam-3b,Beam 3B,119.059,17.15
2026-05-17 19:00:00,pier-cap-1,Pier Cap 1,95.6447,17.15
2026-05-17 19:00:00,pier-cap-2,Pier Cap 2,96.6309,17.15
2026-05-17 20:00:00,beam-1a,Beam 1A,120.358,15.73
2026-05-17 20:00:00,beam-1b,Beam 1B,119.4065,15.73
2026-05-17 20:00:00,beam-2a,Beam 2A,121.6336,15.73
2026-05-17 20:00:00,beam-2b,Beam 2B,121.1925,15.73
2026-05-17 20:00:00,beam-3a,Beam 3A,119.9286,15.73
2026-05-17 20:00:00,beam-3b,Beam 3B,119.4989,15.73
2026-05-17 20:00:00,pier-cap-1,Pier Cap 1,95.6009,15.73
2026-05-17 20:00:00,pier-cap-2,Pier Cap 2,95.881,15.73
2026-05-17 21:00:00,beam-1a,Beam 1A,119.8764,13.98
2026-05-17 21:00:00,beam-1b,Beam 1B,119.4185,13.98
2026-05-17 21:00:00,beam-2a,Beam 2A,121.654,13.98
2026-05-17 21:00:00,beam-2b,Beam 2B,120.6187,13.98
2026-05-17 21:00:00,beam-3a,Beam 3A,118.6344,13.98
2026-05-17 21:00:00,beam-3b,Beam 3B,119.0623,13.98
2026-05-17 21:00:00,pier-cap-1,Pier Cap 1,94.8595,13.98
2026-05-17 21:00:00,pier-cap-2,Pier Cap 2,95.6567,13.98
2026-05-17 22:00:00,beam-1a,Beam 1A,119.7205,13.06
2026-05-17 22:00:00,beam-1b,Beam 1B,119.8251,13.06
2026-05-17 22:00:00,beam-2a,Beam 2A,120.8475,13.06
2026-05-17 22:00:00,beam-2b,Beam 2B,121.083,13.06
2026-05-17 22:00:00,beam-3a,Beam 3A,118.6951,13.06
2026-05-17 22:00:00,beam-3b,Beam 3B,118.2676,13.06
2026-05-17 22:00:00,pier-cap-1,Pier Cap 1,94.7773,13.06
2026-05-17 22:00:00,pier-cap-2,Pier Cap 2,96.1224,13.06
2026-05-17 23:00:00,beam-1a,Beam 1A,118.79,11.04
2026-05-17 23:00:00,beam-1b,Beam 1B,118.9137,11.04
2026-05-17 23:00:00,beam-2a,Beam 2A,120.658,11.04
2026-05-17 23:00:00,beam-2b,Beam 2B,121.1655,11.04
2026-05-17 23:00:00,beam-3a,Beam 3A,118.2095,11.04
2026-05-17 23:00:00,beam-3b,Beam 3B,117.7951,11.04
2026-05-17 23:00:00,pier-cap-1,Pier Cap 1,94.716,11.04
2026-05-17 23:00:00,pier-cap-2,Pier Cap 2,95.4962,11.04
2026-05-18 00:00:00,beam-1a,Beam 1A,118.585,8.19
2026-05-18 00:00:00,beam-1b,Beam 1B,117.5583,8.19
2026-05-18 00:00:00,beam-2a,Beam 2A,120.1421,8.19
2026-05-18 00:00:00,beam-2b,Beam 2B,119.8219,8.19
2026-05-18 00:00:00,beam-3a,Beam 3A,118.2067,8.19
2026-05-18 00:00:00,beam-3b,Beam 3B,117.3729,8.19
2026-05-18 00:00:00,pier-cap-1,Pier Cap 1,94.3349,8.19
2026-05-18 00:00:00,pier-cap-2,Pier Cap 2,94.2127,8.19
2026-05-18 01:00:00,beam-1a,Beam 1A,118.641,7.6
2026-05-18 01:00:00,beam-1b,Beam 1B,117.0052,7.6
2026-05-18 01:00:00,beam-2a,Beam 2A,120.3661,7.6
2026-05-18 01:00:00,beam-2b,Beam 2B,120.1138,7.6
2026-05-18 01:00:00,beam-3a,Beam 3A,118.5035,7.6
2026-05-18 01:00:00,beam-3b,Beam 3B,117.7851,7.6
2026-05-18 01:00:00,pier-cap-1,Pier Cap 1,93.9524,7.6
2026-05-18 01:00:00,pier-cap-2,Pier Cap 2,94.9267,7.6
2026-05-18 02:00:00,beam-1a,Beam 1A,118.6856,6.6
2026-05-18 02:00:00,beam-1b,Beam 1B,118.2532,6.6
2026-05-18 02:00:00,beam-2a,Beam 2A,119.7801,6.6
2026-05-18 02:00:00,beam-2b,Beam 2B,119.8345,6.6
2026-05-18 02:00:00,beam-3a,Beam 3A,118.1911,6.6
2026-05-18 02:00:00,beam-3b,Beam 3B,117.5005,6.6
2026-05-18 02:00:00,pier-cap-1,Pier Cap 1,94.3769,6.6
2026-05-18 02:00:00,pier-cap-2,Pier Cap 2,94.4655,6.6
2026-05-18 03:00:00,beam-1a,Beam 1A,118.1334,6.41
2026-05-18 03:00:00,beam-1b,Beam 1B,117.9817,6.41
2026-05-18 03:00:00,beam-2a,Beam 2A,120.5055,6.41
2026-05-18 03:00:00,beam-2b,Beam 2B,119.1399,6.41
2026-05-18 03:00:00,beam-3a,Beam 3A,117.5757,6.41
2026-05-18 03:00:00,beam-3b,Beam 3B,117.6446,6.41
2026-05-18 03:00:00,pier-cap-1,Pier Cap 1,93.9863,6.41
2026-05-18 03:00:00,pier-cap-2,Pier Cap 2,94.8811,6.41
2026-05-18 04:00:00,beam-1a,Beam 1A,118.5374,6.84
2026-05-18 04:00:00,beam-1b,Beam 1B,118.6577,6.84
2026-05-18 04:00:00,beam-2a,Beam 2A,119.8048,6.84
2026-05-18 04:00:00,beam-2b,Beam 2B,119.4781,6.84
2026-05-18 04:00:00,beam-3a,Beam 3A,117.7824,6.84
2026-05-18 04:00:00,beam-3b,Beam 3B,117.3349,6.84
2026-05-18 04:00:00,pier-cap-1,Pier Cap 1,94.049,6.84
2026-05-18 04:00:00,pier-cap-2,Pier Cap 2,94.798,6.84
2026-05-18 05:00:00,beam-1a,Beam 1A,117.9712,7.71
2026-05-18 05:00:00,beam-1b,Beam 1B,118.2092,7.71
2026-05-18 05:00:00,beam-2a,Beam 2A,119.9469,7.71
2026-05-18 05:00:00,beam-2b,Beam 2B,119.129,7.71
2026-05-18 05:00:00,beam-3a,Beam 3A,117.3168,7.71
2026-05-18 05:00:00,beam-3b,Beam 3B,117.2912,7.71
2026-05-18 05:00:00,pier-cap-1,Pier Cap 1,94.3913,7.71
2026-05-18 05:00:00,pier-cap-2,Pier Cap 2,94.2843,7.71
2026-05-18 06:00:00,beam-1a,Beam 1A,118.991,8.44
2026-05-18 06:00:00,beam-1b,Beam 1B,118.9311,8.44
2026-05-18 06:00:00,beam-2a,Beam 2A,120.1194,8.44
2026-05-18 06:00:00,beam-2b,Beam 2B,119.7058,8.44
2026-05-18 06:00:00,beam-3a,Beam 3A,117.6087,8.44
2026-05-18 06:00:00,beam-3b,Beam 3B,118.075,8.44
2026-05-18 06:00:00,pier-cap-1,Pier Cap 1,94.3772,8.44
2026-05-18 06:00:00,pier-cap-2,Pier Cap 2,94.9965,8.44
2026-05-18 07:00:00,beam-1a,Beam 1A,119.5763,10.45
2026-05-18 07:00:00,beam-1b,Beam 1B,119.656,10.45
2026-05-18 07:00:00,beam-2a,Beam 2A,120.0634,10.45
2026-05-18 07:00:00,beam-2b,Beam 2B,119.9395,10.45
2026-05-18 07:00:00,beam-3a,Beam 3A,117.6455,10.45
2026-05-18 07:00:00,beam-3b,Beam 3B,117.9418,10.45
2026-05-18 07:00:00,pier-cap-1,Pier Cap 1,94.9688,10.45
2026-05-18 07:00:00,pier-cap-2,Pier Cap 2,95.2807,10.45
2026-05-18 08:00:00,beam-1a,Beam 1A,119.6949,11.26
2026-05-18 08:00:00,beam-1b,Beam 1B,119.4952,11.26
2026-05-18 08:00:00,beam-2a,Beam 2A,120.3365,11.26
2026-05-18 08:00:00,beam-2b,Beam 2B,120.19,11.26
2026-05-18 08:00:00,beam-3a,Beam 3A,118.8941,11.26
2026-05-18 08:00:00,beam-3b,Beam 3B,118.3539,11.26
2026-05-18 08:00:00,pier-cap-1,Pier Cap 1,94.5584,11.26
2026-05-18 08:00:00,pier-cap-2,Pier Cap 2,95.4474,11.26
2026-05-18 09:00:00,beam-1a,Beam 1A,120.6157,13.53
2026-05-18 09:00:00,beam-1b,Beam 1B,120.0086,13.53
2026-05-18 09:00:00,beam-2a,Beam 2A,120.9931,13.53
2026-05-18 09:00:00,beam-2b,Beam 2B,120.5055,13.53
2026-05-18 09:00:00,beam-3a,Beam 3A,118.7538,13.53
2026-05-18 09:00:00,beam-3b,Beam 3B,118.1777,13.53
2026-05-18 09:00:00,pier-cap-1,Pier Cap 1,94.7598,13.53
2026-05-18 09:00:00,pier-cap-2,Pier Cap 2,95.8517,13.53
2026-05-18 10:00:00,beam-1a,Beam 1A,121.1192,16.38
2026-05-18 10:00:00,beam-1b,Beam 1B,120.7476,16.38
2026-05-18 10:00:00,beam-2a,Beam 2A,122.2294,16.38
2026-05-18 10:00:00,beam-2b,Beam 2B,121.2602,16.38
2026-05-18 10:00:00,beam-3a,Beam 3A,119.4121,16.38
2026-05-18 10:00:00,beam-3b,Beam 3B,119.0619,16.38
2026-05-18 10:00:00,pier-cap-1,Pier Cap 1,95.5134,16.38
2026-05-18 10:00:00,pier-cap-2,Pier Cap 2,96.5551,16.38
2026-05-18 11:00:00,beam-1a,Beam 1A,120.5487,17.11
2026-05-18 11:00:00,beam-1b,Beam 1B,121.1293,17.11
2026-05-18 11:00:00,beam-2a,Beam 2A,121.9095,17.11
2026-05-18 11:00:00,beam-2b,Beam 2B,121.7356,17.11
2026-05-18 11:00:00,beam-3a,Beam 3A,118.7241,17.11
2026-05-18 11:00:00,beam-3b,Beam 3B,119.7549,17.11
2026-05-18 11:00:00,pier-cap-1,Pier Cap 1,95.7351,17.11
2026-05-18 11:00:00,pier-cap-2,Pier Cap 2,96.3412,17.11
2026-05-18 12:00:00,beam-1a,Beam 1A,121.7244,19.05
2026-05-18 12:00:00,beam-1b,Beam 1B,121.244,19.05
2026-05-18 12:00:00,beam-2a,Beam 2A,122.1157,19.05
2026-05-18 12:00:00,beam-2b,Beam 2B,121.8617,19.05
2026-05-18 12:00:00,beam-3a,Beam 3A,119.8675,19.05
2026-05-18 12:00:00,beam-3b,Beam 3B,119.5183,19.05
2026-05-18 12:00:00,pier-cap-1,Pier Cap 1,95.6349,19.05
2026-05-18 12:00:00,pier-cap-2,Pier Cap 2,96.514,19.05
2026-05-18 13:00:00,beam-1a,Beam 1A,121.4021,19.62
2026-05-18 13:00:00,beam-1b,Beam 1B,121.6679,19.62
2026-05-18 13:00:00,beam-2a,Beam 2A,122.9153,19.62
2026-05-18 13:00:00,beam-2b,Beam 2B,121.2789,19.62
2026-05-18 13:00:00,beam-3a,Beam 3A,120.6815,19.62
2026-05-18 13:00:00,beam-3b,Beam 3B,120.1635,19.62
2026-05-18 13:00:00,pier-cap-1,Pier Cap 1,95.6772,19.62
2026-05-18 13:00:00,pier-cap-2,Pier Cap 2,96.9379,19.62
2026-05-18 14:00:00,beam-1a,Beam 1A,121.9631,20.52
2026-05-18 14:00:00,beam-1b,Beam 1B,121.2314,20.52
2026-05-18 14:00:00,beam-2a,Beam 2A,123.2241,20.52
2026-05-18 14:00:00,beam-2b,Beam 2B,121.9052,20.52
2026-05-18 14:00:00,beam-3a,Beam 3A,120.3282,20.52
2026-05-18 14:00:00,beam-3b,Beam 3B,119.2326,20.52
2026-05-18 14:00:00,pier-cap-1,Pier Cap 1,96.2824,20.52
2026-05-18 14:00:00,pier-cap-2,Pier Cap 2,97.4006,20.52
2026-05-18 15:00:00,beam-1a,Beam 1A,121.1834,20.5
2026-05-18 15:00:00,beam-1b,Beam 1B,120.7671,20.5
2026-05-18 15:00:00,beam-2a,Beam 2A,123.1025,20.5
2026-05-18 15:00:00,beam-2b,Beam 2B,121.5926,20.5
2026-05-18 15:00:00,beam-3a,Beam 3A,120.5173,20.5
2026-05-18 15:00:00,beam-3b,Beam 3B,119.8496,20.5
2026-05-18 15:00:00,pier-cap-1,Pier Cap 1,95.9979,20.5
2026-05-18 15:00:00,pier-cap-2,Pier Cap 2,96.9998,20.5
2026-05-18 16:00:00,beam-1a,Beam 1A,121.4135,20.22
2026-05-18 16:00:00,beam-1b,Beam 1B,121.6949,20.22
2026-05-18 16:00:00,beam-2a,Beam 2A,122.2023,20.22
2026-05-18 16:00:00,beam-2b,Beam 2B,122.2412,20.22
2026-05-18 16:00:00,beam-3a,Beam 3A,119.8129,20.22
2026-05-18 16:00:00,beam-3b,Beam 3B,119.9314,20.22
2026-05-18 16:00:00,pier-cap-1,Pier Cap 1,95.7469,20.22
2026-05-18 16:00:00,pier-cap-2,Pier Cap 2,96.7445,20.22
2026-05-18 17:00:00,beam-1a,Beam 1A,120.9256,19.27
2026-05-18 17:00:00,beam-1b,Beam 1B,120.4131,19.27
2026-05-18 17:00:00,beam-2a,Beam 2A,122.1569,19.27
2026-05-18 17:00:00,beam-2b,Beam 2B,122.1563,19.27
2026-05-18 17:00:00,beam-3a,Beam 3A,119.8181,19.27
2026-05-18 17:00:00,beam-3b,Beam 3B,120.4221,19.27
2026-05-18 17:00:00,pier-cap-1,Pier Cap 1,96.3308,19.27
2026-05-18 17:00:00,pier-cap-2,Pier Cap 2,96.671,19.27
2026-05-18 18:00:00,beam-1a,Beam 1A,120.8368,18.65
2026-05-18 18:00:00,beam-1b,Beam 1B,120.1318,18.65
2026-05-18 18:00:00,beam-2a,Beam 2A,122.9548,18.65
2026-05-18 18:00:00,beam-2b,Beam 2B,121.9319,18.65
2026-05-18 18:00:00,beam-3a,Beam 3A,120.2336,18.65
2026-05-18 18:00:00,beam-3b,Beam 3B,119.2836,18.65
2026-05-18 18:00:00,pier-cap-1,Pier Cap 1,95.7574,18.65
2026-05-18 18:00:00,pier-cap-2,Pier Cap 2,96.5238,18.65
2026-05-18 19:00:00,beam-1a,Beam 1A,120.24,16.68
2026-05-18 19:00:00,beam-1b,Beam 1B,119.7733,16.68
2026-05-18 19:00:00,beam-2a,Beam 2A,121.9332,16.68
2026-05-18 19:00:00,beam-2b,Beam 2B,121.1218,16.68
2026-05-18 19:00:00,beam-3a,Beam 3A,120.302,16.68
2026-05-18 19:00:00,beam-3b,Beam 3B,119.5548,16.68
2026-05-18 19:00:00,pier-cap-1,Pier Cap 1,95.9975,16.68
2026-05-18 19:00:00,pier-cap-2,Pier Cap 2,96.1581,16.68
2026-05-18 20:00:00,beam-1a,Beam 1A,119.6969,15.6
2026-05-18 20:00:00,beam-1b,Beam 1B,119.4097,15.6
2026-05-18 20:00:00,beam-2a,Beam 2A,121.5134,15.6
2026-05-18 20:00:00,beam-2b,Beam 2B,121.3192,15.6
2026-05-18 20:00:00,beam-3a,Beam 3A,119.7971,15.6
2026-05-18 20:00:00,beam-3b,Beam 3B,119.4844,15.6
2026-05-18 20:00:00,pier-cap-1,Pier Cap 1,95.4989,15.6
2026-05-18 20:00:00,pier-cap-2,Pier Cap 2,96.6399,15.6
2026-05-18 21:00:00,beam-1a,Beam 1A,118.7894,13.96
2026-05-18 21:00:00,beam-1b,Beam 1B,118.7917,13.96
2026-05-18 21:00:00,beam-2a,Beam 2A,121.5791,13.96
2026-05-18 21:00:00,beam-2b,Beam 2B,120.7037,13.96
2026-05-18 21:00:00,beam-3a,Beam 3A,118.8535,13.96
2026-05-18 21:00:00,beam-3b,Beam 3B,118.5496,13.96
2026-05-18 21:00:00,pier-cap-1,Pier Cap 1,95.3322,13.96
2026-05-18 21:00:00,pier-cap-2,Pier Cap 2,95.5191,13.96
2026-05-18 22:00:00,beam-1a,Beam 1A,118.2951,11.86
2026-05-18 22:00:00,beam-1b,Beam 1B,118.406,11.86
2026-05-18 22:00:00,beam-2a,Beam 2A,121.2748,11.86
2026-05-18 22:00:00,beam-2b,Beam 2B,120.0166,11.86
2026-05-18 22:00:00,beam-3a,Beam 3A,118.2644,11.86
2026-05-18 22:00:00,beam-3b,Beam 3B,118.2726,11.86
2026-05-18 22:00:00,pier-cap-1,Pier Cap 1,94.8655,11.86
2026-05-18 22:00:00,pier-cap-2,Pier Cap 2,95.7754,11.86
2026-05-18 23:00:00,beam-1a,Beam 1A,118.2052,9.91
2026-05-18 23:00:00,beam-1b,Beam 1B,117.9957,9.91
2026-05-18 23:00:00,beam-2a,Beam 2A,120.2534,9.91
2026-05-18 23:00:00,beam-2b,Beam 2B,120.3788,9.91
2026-05-18 23:00:00,beam-3a,Beam 3A,118.2781,9.91
2026-05-18 23:00:00,beam-3b,Beam 3B,118.0825,9.91
2026-05-18 23:00:00,pier-cap-1,Pier Cap 1,93.84,9.91
2026-05-18 23:00:00,pier-cap-2,Pier Cap 2,95.0987,9.91
2026-05-19 00:00:00,beam-1a,Beam 1A,118.2359,9.28
2026-05-19 00:00:00,beam-1b,Beam 1B,117.9,9.28
2026-05-19 00:00:00,beam-2a,Beam 2A,120.4445,9.28
2026-05-19 00:00:00,beam-2b,Beam 2B,120.2839,9.28
2026-05-19 00:00:00,beam-3a,Beam 3A,117.8964,9.28
2026-05-19 00:00:00,beam-3b,Beam 3B,117.3953,9.28
2026-05-19 00:00:00,pier-cap-1,Pier Cap 1,94.2015,9.28
2026-05-19 00:00:00,pier-cap-2,Pier Cap 2,94.5984,9.28
2026-05-19 01:00:00,beam-1a,Beam 1A,117.8192,7.87
2026-05-19 01:00:00,beam-1b,Beam 1B,116.807,7.87
2026-05-19 01:00:00,beam-2a,Beam 2A,120.4438,7.87
2026-05-19 01:00:00,beam-2b,Beam 2B,120.0527,7.87
2026-05-19 01:00:00,beam-3a,Beam 3A,118.2409,7.87
2026-05-19 01:00:00,beam-3b,Beam 3B,117.4852,7.87
2026-05-19 01:00:00,pier-cap-1,Pier Cap 1,94.2922,7.87
2026-05-19 01:00:00,pier-cap-2,Pier Cap 2,94.7734,7.87
2026-05-19 02:00:00,beam-1a,Beam 1A,118.2755,7.66
2026-05-19 02:00:00,beam-1b,Beam 1B,118.315,7.66
2026-05-19 02:00:00,beam-2a,Beam 2A,119.5688,7.66
2026-05-19 02:00:00,beam-2b,Beam 2B,119.3895,7.66
2026-05-19 02:00:00,beam-3a,Beam 3A,118.1315,7.66
2026-05-19 02:00:00,beam-3b,Beam 3B,118.0529,7.66
2026-05-19 02:00:00,pier-cap-1,Pier Cap 1,94.4091,7.66
2026-05-19 02:00:00,pier-cap-2,Pier Cap 2,94.6356,7.66
2026-05-19 03:00:00,beam-1a,Beam 1A,117.7948,6.32
2026-05-19 03:00:00,beam-1b,Beam 1B,117.4409,6.32
2026-05-19 03:00:00,beam-2a,Beam 2A,119.7687,6.32
2026-05-19 03:00:00,beam-2b,Beam 2B,119.8356,6.32
2026-05-19 03:00:00,beam-3a,Beam 3A,117.6582,6.32
2026-05-19 03:00:00,beam-3b,Beam 3B,117.5335,6.32
2026-05-19 03:00:00,pier-cap-1,Pier Cap 1,93.561,6.32
2026-05-19 03:00:00,pier-cap-2,Pier Cap 2,94.7711,6.32
2026-05-19 04:00:00,beam-1a,Beam 1A,117.8246,7.16
2026-05-19 04:00:00,beam-1b,Beam 1B,117.9656,7.16
2026-05-19 04:00:00,beam-2a,Beam 2A,119.4854,7.16
2026-05-19 04:00:00,beam-2b,Beam 2B,119.3337,7.16
2026-05-19 04:00:00,beam-3a,Beam 3A,117.1827,7.16
2026-05-19 04:00:00,beam-3b,Beam 3B,117.4548,7.16
2026-05-19 04:00:00,pier-cap-1,Pier Cap 1,94.2073,7.16
2026-05-19 04:00:00,pier-cap-2,Pier Cap 2,94.7508,7.16
2026-05-19 05:00:00,beam-1a,Beam 1A,118.2098,7.19
2026-05-19 05:00:00,beam-1b,Beam 1B,117.4248,7.19
2026-05-19 05:00:00,beam-2a,Beam 2A,119.5452,7.19
2026-05-19 05:00:00,beam-2b,Beam 2B,119.8,7.19
2026-05-19 05:00:00,beam-3a,Beam 3A,116.8956,7.19
2026-05-19 05:00:00,beam-3b,Beam 3B,117.5563,7.19
2026-05-19 05:00:00,pier-cap-1,Pier Cap 1,93.8923,7.19
2026-05-19 05:00:00,pier-cap-2,Pier Cap 2,94.4224,7.19
2026-05-19 06:00:00,beam-1a,Beam 1A,118.7602,8.5
2026-05-19 06:00:00,beam-1b,Beam 1B,118.1163,8.5
2026-05-19 06:00:00,beam-2a,Beam 2A,119.9755,8.5
2026-05-19 06:00:00,beam-2b,Beam 2B,119.5964,8.5
2026-05-19 06:00:00,beam-3a,Beam 3A,118.2955,8.5
2026-05-19 06:00:00,beam-3b,Beam 3B,117.969,8.5
2026-05-19 06:00:00,pier-cap-1,Pier Cap 1,94.496,8.5
2026-05-19 06:00:00,pier-cap-2,Pier Cap 2,95.3669,8.5
2026-05-19 07:00:00,beam-1a,Beam 1A,119.4244,11.1
2026-05-19 07:00:00,beam-1b,Beam 1B,118.6754,11.1
2026-05-19 07:00:00,beam-2a,Beam 2A,120.9103,11.1
2026-05-19 07:00:00,beam-2b,Beam 2B,120.2298,11.1
2026-05-19 07:00:00,beam-3a,Beam 3A,119.2646,11.1
2026-05-19 07:00:00,beam-3b,Beam 3B,118.5288,11.1
2026-05-19 07:00:00,pier-cap-1,Pier Cap 1,94.8087,11.1
2026-05-19 07:00:00,pier-cap-2,Pier Cap 2,95.6416,11.1
2026-05-19 08:00:00,beam-1a,Beam 1A,120.3595,12.6
2026-05-19 08:00:00,beam-1b,Beam 1B,119.8165,12.6
2026-05-19 08:00:00,beam-2a,Beam 2A,120.8908,12.6
2026-05-19 08:00:00,beam-2b,Beam 2B,119.6511,12.6
2026-05-19 08:00:00,beam-3a,Beam 3A,118.5868,12.6
2026-05-19 08:00:00,beam-3b,Beam 3B,118.3489,12.6
2026-05-19 08:00:00,pier-cap-1,Pier Cap 1,95.2627,12.6
2026-05-19 08:00:00,pier-cap-2,Pier Cap 2,96.0155,12.6
2026-05-19 09:00:00,beam-1a,Beam 1A,119.7538,13.76
2026-05-19 09:00:00,beam-1b,Beam 1B,119.3829,13.76
2026-05-19 09:00:00,beam-2a,Beam 2A,120.9934,13.76
2026-05-19 09:00:00,beam-2b,Beam 2B,120.732,13.76
2026-05-19 09:00:00,beam-3a,Beam 3A,119.2455,13.76
2026-05-19 09:00:00,beam-3b,Beam 3B,119.3023,13.76
2026-05-19 09:00:00,pier-cap-1,Pier Cap 1,95.5346,13.76
2026-05-19 09:00:00,pier-cap-2,Pier Cap 2,95.7857,13.76
2026-05-19 10:00:00,beam-1a,Beam 1A,120.3083,15.26
2026-05-19 10:00:00,beam-1b,Beam 1B,120.1993,15.26
2026-05-19 10:00:00,beam-2a,Beam 2A,121.5731,15.26
2026-05-19 10:00:00,beam-2b,Beam 2B,121.1889,15.26
2026-05-19 10:00:00,beam-3a,Beam 3A,119.4602,15.26
2026-05-19 10:00:00,beam-3b,Beam 3B,119.5106,15.26
2026-05-19 10:00:00,pier-cap-1,Pier Cap 1,95.577,15.26
2026-05-19 10:00:00,pier-cap-2,Pier Cap 2,95.9286,15.26
2026-05-19 11:00:00,beam-1a,Beam 1A,120.6871,16.37
2026-05-19 11:00:00,beam-1b,Beam 1B,119.9103,16.37
2026-05-19 11:00:00,beam-2a,Beam 2A,121.3144,16.37
2026-05-19 11:00:00,beam-2b,Beam 2B,121.2091,16.37
2026-05-19 11:00:00,beam-3a,Beam 3A,119.5001,16.37
2026-05-19 11:00:00,beam-3b,Beam 3B,119.4965,16.37
2026-05-19 11:00:00,pier-cap-1,Pier Cap 1,95.863,16.37
2026-05-19 11:00:00,pier-cap-2,Pier Cap 2,96.3159,16.37
2026-05-19 12:00:00,beam-1a,Beam 1A,120.9447,18.78
2026-05-19 12:00:00,beam-1b,Beam 1B,120.3945,18.78
2026-05-19 12:00:00,beam-2a,Beam 2A,122.4283,18.78
2026-05-19 12:00:00,beam-2b,Beam 2B,122.5593,18.78
2026-05-19 12:00:00,beam-3a,Beam 3A,119.9281,18.78
2026-05-19 12:00:00,beam-3b,Beam 3B,119.4239,18.78
2026-05-19 12:00:00,pier-cap-1,Pier Cap 1,95.8625,18.78
2026-05-19 12:00:00,pier-cap-2,Pier Cap 2,96.2943,18.78
2026-05-19 13:00:00,beam-1a,Beam 1A,121.1204,21.08
2026-05-19 13:00:00,beam-1b,Beam 1B,120.8096,21.08
2026-05-19 13:00:00,beam-2a,Beam 2A,123.1689,21.08
2026-05-19 13:00:00,beam-2b,Beam 2B,121.8514,21.08
2026-05-19 13:00:00,beam-3a,Beam 3A,120.5042,21.08
2026-05-19 13:00:00,beam-3b,Beam 3B,119.7985,21.08
2026-05-19 13:00:00,pier-cap-1,Pier Cap 1,97.1592,21.08
2026-05-19 13:00:00,pier-cap-2,Pier Cap 2,96.8513,21.08
2026-05-19 14:00:00,beam-1a,Beam 1A,120.6209,20.99
2026-05-19 14:00:00,beam-1b,Beam 1B,121.2125,20.99
2026-05-19 14:00:00,beam-2a,Beam 2A,122.6657,20.99
2026-05-19 14:00:00,beam-2b,Beam 2B,122.072,20.99
2026-05-19 14:00:00,beam-3a,Beam 3A,120.8464,20.99
2026-05-19 14:00:00,beam-3b,Beam 3B,120.0232,20.99
2026-05-19 14:00:00,pier-cap-1,Pier Cap 1,95.9324,20.99
2026-05-19 14:00:00,pier-cap-2,Pier Cap 2,96.7454,20.99
2026-05-19 15:00:00,beam-1a,Beam 1A,120.858,20.83
2026-05-19 15:00:00,beam-1b,Beam 1B,119.9754,20.83
2026-05-19 15:00:00,beam-2a,Beam 2A,122.5845,20.83
2026-05-19 15:00:00,beam-2b,Beam 2B,121.9036,20.83
2026-05-19 15:00:00,beam-3a,Beam 3A,120.5527,20.83
2026-05-19 15:00:00,beam-3b,Beam 3B,120.1285,20.83
2026-05-19 15:00:00,pier-cap-1,Pier Cap 1,96.1158,20.83
2026-05-19 15:00:00,pier-cap-2,Pier Cap 2,96.3359,20.83
2026-05-19 16:00:00,beam-1a,Beam 1A,120.5238,21.0
2026-05-19 16:00:00,beam-1b,Beam 1B,120.0391,21.0
2026-05-19 16:00:00,beam-2a,Beam 2A,122.8492,21.0
2026-05-19 16:00:00,beam-2b,Beam 2B,122.0743,21.0
2026-05-19 16:00:00,beam-3a,Beam 3A,120.2095,21.0
2026-05-19 16:00:00,beam-3b,Beam 3B,119.5209,21.0
2026-05-19 16:00:00,pier-cap-1,Pier Cap 1,96.5703,21.0
2026-05-19 16:00:00,pier-cap-2,Pier Cap 2,96.8381,21.0
2026-05-19 17:00:00,beam-1a,Beam 1A,119.838,19.49
2026-05-19 17:00:00,beam-1b,Beam 1B,119.3608,19.49
2026-05-19 17:00:00,beam-2a,Beam 2A,121.5865,19.49
2026-05-19 17:00:00,beam-2b,Beam 2B,122.4104,19.49
2026-05-19 17:00:00,beam-3a,Beam 3A,119.8269,19.49
2026-05-19 17:00:00,beam-3b,Beam 3B,120.0261,19.49
2026-05-19 17:00:00,pier-cap-1,Pier Cap 1,96.2992,19.49
2026-05-19 17:00:00,pier-cap-2,Pier Cap 2,96.4411,19.49
2026-05-19 18:00:00,beam-1a,Beam 1A,119.8192,18.88
2026-05-19 18:00:00,beam-1b,Beam 1B,119.3171,18.88
2026-05-19 18:00:00,beam-2a,Beam 2A,122.4912,18.88
2026-05-19 18:00:00,beam-2b,Beam 2B,122.4677,18.88
2026-05-19 18:00:00,beam-3a,Beam 3A,119.7212,18.88
2026-05-19 18:00:00,beam-3b,Beam 3B,120.1883,18.88
2026-05-19 18:00:00,pier-cap-1,Pier Cap 1,96.1286,18.88
2026-05-19 18:00:00,pier-cap-2,Pier Cap 2,96.4096,18.88
2026-05-19 19:00:00,beam-1a,Beam 1A,119.2889,17.59
2026-05-19 19:00:00,beam-1b,Beam 1B,118.9714,17.59
2026-05-19 19:00:00,beam-2a,Beam 2A,123.259,17.59
2026-05-19 19:00:00,beam-2b,Beam 2B,121.338,17.59
2026-05-19 19:00:00,beam-3a,Beam 3A,120.3292,17.59
2026-05-19 19:00:00,beam-3b,Beam 3B,119.6941,17.59
2026-05-19 19:00:00,pier-cap-1,Pier Cap 1,95.9913,17.59
2026-05-19 19:00:00,pier-cap-2,Pier Cap 2,96.3978,17.59
2026-05-19 20:00:00,beam-1a,Beam 1A,119.3653,15.83
2026-05-19 20:00:00,beam-1b,Beam 1B,118.1959,15.83
2026-05-19 20:00:00,beam-2a,Beam 2A,121.6167,15.83
2026-05-19 20:00:00,beam-2b,Beam 2B,120.9766,15.83
2026-05-19 20:00:00,beam-3a,Beam 3A,120.0129,15.83
2026-05-19 20:00:00,beam-3b,Beam 3B,118.9209,15.83
2026-05-19 20:00:00,pier-cap-1,Pier Cap 1,94.8993,15.83
2026-05-19 20:00:00,pier-cap-2,Pier Cap 2,96.4061,15.83
2026-05-19 21:00:00,beam-1a,Beam 1A,118.9328,14.37
2026-05-19 21:00:00,beam-1b,Beam 1B,118.0655,14.37
2026-05-19 21:00:00,beam-2a,Beam 2A,121.3259,14.37
2026-05-19 21:00:00,beam-2b,Beam 2B,120.5107,14.37
2026-05-19 21:00:00,beam-3a,Beam 3A,119.3164,14.37
2026-05-19 21:00:00,beam-3b,Beam 3B,118.6019,14.37
2026-05-19 21:00:00,pier-cap-1,Pier Cap 1,95.782,14.37
2026-05-19 21:00:00,pier-cap-2,Pier Cap 2,95.5506,14.37
2026-05-19 22:00:00,beam-1a,Beam 1A,117.9469,12.38
2026-05-19 22:00:00,beam-1b,Beam 1B,117.1581,12.38
2026-05-19 22:00:00,beam-2a,Beam 2A,121.273,12.38
2026-05-19 22:00:00,beam-2b,Beam 2B,121.0981,12.38
2026-05-19 22:00:00,beam-3a,Beam 3A,118.5816,12.38
2026-05-19 22:00:00,beam-3b,Beam 3B,118.6067,12.38
2026-05-19 22:00:00,pier-cap-1,Pier Cap 1,94.9455,12.38
2026-05-19 22:00:00,pier-cap-2,Pier Cap 2,95.4057,12.38
2026-05-19 23:00:00,beam-1a,Beam 1A,117.7915,10.82
2026-05-19 23:00:00,beam-1b,Beam 1B,117.1262,10.82
2026-05-19 23:00:00,beam-2a,Beam 2A,121.3219,10.82
2026-05-19 23:00:00,beam-2b,Beam 2B,120.7122,10.82
2026-05-19 23:00:00,beam-3a,Beam 3A,118.8352,10.82
2026-05-19 23:00:00,beam-3b,Beam 3B,118.1519,10.82
2026-05-19 23:00:00,pier-cap-1,Pier Cap 1,95.1466,10.82
2026-05-19 23:00:00,pier-cap-2,Pier Cap 2,95.0433,10.82
2026-05-20 00:00:00,beam-1a,Beam 1A,116.8334,8.8
2026-05-20 00:00:00,beam-1b,Beam 1B,117.5039,8.8
2026-05-20 00:00:00,beam-2a,Beam 2A,120.6493,8.8
2026-05-20 00:00:00,beam-2b,Beam 2B,119.8169,8.8
2026-05-20 00:00:00,beam-3a,Beam 3A,117.9728,8.8
2026-05-20 00:00:00,beam-3b,Beam 3B,117.9764,8.8
2026-05-20 00:00:00,pier-cap-1,Pier Cap 1,93.8594,8.8
2026-05-20 00:00:00,pier-cap-2,Pier Cap 2,94.7204,8.8
2026-05-20 01:00:00,beam-1a,Beam 1A,117.232,8.32
2026-05-20 01:00:00,beam-1b,Beam 1B,117.1463,8.32
2026-05-20 01:00:00,beam-2a,Beam 2A,119.3015,8.32
2026-05-20 01:00:00,beam-2b,Beam 2B,119.2053,8.32
2026-05-20 01:00:00,beam-3a,Beam 3A,118.8781,8.32
2026-05-20 01:00:00,beam-3b,Beam 3B,117.9411,8.32
2026-05-20 01:00:00,pier-cap-1,Pier Cap 1,94.4748,8.32
2026-05-20 01:00:00,pier-cap-2,Pier Cap 2,94.7194,8.32
2026-05-20 02:00:00,beam-1a,Beam 1A,117.5394,7.91
2026-05-20 02:00:00,beam-1b,Beam 1B,117.0654,7.91
2026-05-20 02:00:00,beam-2a,Beam 2A,120.3077,7.91
2026-05-20 02:00:00,beam-2b,Beam 2B,119.1597,7.91
2026-05-20 02:00:00,beam-3a,Beam 3A,118.097,7.91
2026-05-20 02:00:00,beam-3b,Beam 3B,118.0354,7.91
2026-05-20 02:00:00,pier-cap-1,Pier Cap 1,94.1677,7.91
2026-05-20 02:00:00,pier-cap-2,Pier Cap 2,94.7778,7.91
2026-05-20 03:00:00,beam-1a,Beam 1A,117.5506,6.63
2026-05-20 03:00:00,beam-1b,Beam 1B,116.5109,6.63
2026-05-20 03:00:00,beam-2a,Beam 2A,120.8555,6.63
2026-05-20 03:00:00,beam-2b,Beam 2B,119.495,6.63
2026-05-20 03:00:00,beam-3a,Beam 3A,118.1723,6.63
2026-05-20 03:00:00,beam-3b,Beam 3B,117.0141,6.63
2026-05-20 03:00:00,pier-cap-1,Pier Cap 1,94.3167,6.63
2026-05-20 03:00:00,pier-cap-2,Pier Cap 2,94.8208,6.63
2026-05-20 04:00:00,beam-1a,Beam 1A,117.1929,6.91
2026-05-20 04:00:00,beam-1b,Beam 1B,116.5048,6.91
2026-05-20 04:00:00,beam-2a,Beam 2A,120.13,6.91
2026-05-20 04:00:00,beam-2b,Beam 2B,119.7008,6.91
2026-05-20 04:00:00,beam-3a,Beam 3A,117.9396,6.91
2026-05-20 04:00:00,beam-3b,Beam 3B,117.5395,6.91
2026-05-20 04:00:00,pier-cap-1,Pier Cap 1,94.2809,6.91
2026-05-20 04:00:00,pier-cap-2,Pier Cap 2,94.7819,6.91
2026-05-20 05:00:00,beam-1a,Beam 1A,118.2509,8.49
2026-05-20 05:00:00,beam-1b,Beam 1B,117.084,8.49
2026-05-20 05:00:00,beam-2a,Beam 2A,119.7369,8.49
2026-05-20 05:00:00,beam-2b,Beam 2B,118.9723,8.49
2026-05-20 05:00:00,beam-3a,Beam 3A,117.708,8.49
2026-05-20 05:00:00,beam-3b,Beam 3B,117.6366,8.49
2026-05-20 05:00:00,pier-cap-1,Pier Cap 1,94.5339,8.49
2026-05-20 05:00:00,pier-cap-2,Pier Cap 2,94.607,8.49
2026-05-20 06:00:00,beam-1a,Beam 1A,117.597,9.0
2026-05-20 06:00:00,beam-1b,Beam 1B,117.7123,9.0
2026-05-20 06:00:00,beam-2a,Beam 2A,120.4118,9.0
2026-05-20 06:00:00,beam-2b,Beam 2B,119.7705,9.0
2026-05-20 06:00:00,beam-3a,Beam 3A,118.818,9.0
2026-05-20 06:00:00,beam-3b,Beam 3B,117.8246,9.0
2026-05-20 06:00:00,pier-cap-1,Pier Cap 1,94.1816,9.0
2026-05-20 06:00:00,pier-cap-2,Pier Cap 2,95.3876,9.0
2026-05-20 07:00:00,beam-1a,Beam 1A,118.2432,11.08
2026-05-20 07:00:00,beam-1b,Beam 1B,118.5837,11.08
2026-05-20 07:00:00,beam-2a,Beam 2A,120.2044,11.08
2026-05-20 07:00:00,beam-2b,Beam 2B,120.964,11.08
2026-05-20 07:00:00,beam-3a,Beam 3A,119.1291,11.08
2026-05-20 07:00:00,beam-3b,Beam 3B,118.5583,11.08
2026-05-20 07:00:00,pier-cap-1,Pier Cap 1,94.7954,11.08
2026-05-20 07:00:00,pier-cap-2,Pier Cap 2,95.5958,11.08
2026-05-20 08:00:00,beam-1a,Beam 1A,119.2564,12.03
2026-05-20 08:00:00,beam-1b,Beam 1B,118.9239,12.03
2026-05-20 08:00:00,beam-2a,Beam 2A,121.3997,12.03
2026-05-20 08:00:00,beam-2b,Beam 2B,120.4196,12.03
2026-05-20 08:00:00,beam-3a,Beam 3A,118.84,12.03
2026-05-20 08:00:00,beam-3b,Beam 3B,118.7768,12.03
2026-05-20 08:00:00,pier-cap-1,Pier Cap 1,94.9009,12.03
2026-05-20 08:00:00,pier-cap-2,Pier Cap 2,95.1846,12.03
2026-05-20 09:00:00,beam-1a,Beam 1A,120.1807,14.6
2026-05-20 09:00:00,beam-1b,Beam 1B,119.4165,14.6
2026-05-20 09:00:00,beam-2a,Beam 2A,121.0384,14.6
2026-05-20 09:00:00,beam-2b,Beam 2B,121.6166,14.6
2026-05-20 09:00:00,beam-3a,Beam 3A,119.175,14.6
2026-05-20 09:00:00,beam-3b,Beam 3B,119.4141,14.6
2026-05-20 09:00:00,pier-cap-1,Pier Cap 1,95.4891,14.6
2026-05-20 09:00:00,pier-cap-2,Pier Cap 2,96.2078,14.6
2026-05-20 10:00:00,beam-1a,Beam 1A,120.0824,15.89
2026-05-20 10:00:00,beam-1b,Beam 1B,119.2515,15.89
2026-05-20 10:00:00,beam-2a,Beam 2A,121.7069,15.89
2026-05-20 10:00:00,beam-2b,Beam 2B,121.5368,15.89
2026-05-20 10:00:00,beam-3a,Beam 3A,119.6156,15.89
2026-05-20 10:00:00,beam-3b,Beam 3B,119.3173,15.89
2026-05-20 10:00:00,pier-cap-1,Pier Cap 1,95.8297,15.89
2026-05-20 10:00:00,pier-cap-2,Pier Cap 2,96.131,15.89
2026-05-20 11:00:00,beam-1a,Beam 1A,120.2741,17.62
2026-05-20 11:00:00,beam-1b,Beam 1B,119.8968,17.62
2026-05-20 11:00:00,beam-2a,Beam 2A,121.6819,17.62
2026-05-20 11:00:00,beam-2b,Beam 2B,121.1913,17.62
2026-05-20 11:00:00,beam-3a,Beam 3A,119.8734,17.62
2026-05-20 11:00:00,beam-3b,Beam 3B,119.4602,17.62
2026-05-20 11:00:00,pier-cap-1,Pier Cap 1,95.8389,17.62
2026-05-20 11:00:00,pier-cap-2,Pier Cap 2,96.2468,17.62
2026-05-20 12:00:00,beam-1a,Beam 1A,119.8737,19.6
2026-05-20 12:00:00,beam-1b,Beam 1B,120.1296,19.6
2026-05-20 12:00:00,beam-2a,Beam 2A,122.2009,19.6
2026-05-20 12:00:00,beam-2b,Beam 2B,121.9024,19.6
2026-05-20 12:00:00,beam-3a,Beam 3A,119.8882,19.6
2026-05-20 12:00:00,beam-3b,Beam 3B,119.785,19.6
2026-05-20 12:00:00,pier-cap-1,Pier Cap 1,95.7067,19.6
2026-05-20 12:00:00,pier-cap-2,Pier Cap 2,96.697,19.6
2026-05-20 13:00:00,beam-1a,Beam 1A,119.9461,19.94
2026-05-20 13:00:00,beam-1b,Beam 1B,120.1835,19.94
2026-05-20 13:00:00,beam-2a,Beam 2A,123.0823,19.94
2026-05-20 13:00:00,beam-2b,Beam 2B,122.0363,19.94
2026-05-20 13:00:00,beam-3a,Beam 3A,120.6089,19.94
2026-05-20 13:00:00,beam-3b,Beam 3B,119.3313,19.94
2026-05-20 13:00:00,pier-cap-1,Pier Cap 1,96.1731,19.94
2026-05-20 13:00:00,pier-cap-2,Pier Cap 2,96.6331,19.94
2026-05-20 14:00:00,beam-1a,Beam 1A,120.6973,20.41
2026-05-20 14:00:00,beam-1b,Beam 1B,120.965,20.41
2026-05-20 14:00:00,beam-2a,Beam 2A,122.6227,20.41
2026-05-20 14:00:00,beam-2b,Beam 2B,121.8003,20.41
2026-05-20 14:00:00,beam-3a,Beam 3A,120.8194,20.41
2026-05-20 14:00:00,beam-3b,Beam 3B,120.4962,20.41
2026-05-20 14:00:00,pier-cap-1,Pier Cap 1,96.9943,20.41
2026-05-20 14:00:00,pier-cap-2,Pier Cap 2,96.8745,20.41
2026-05-20 15:00:00,beam-1a,Beam 1A,120.5116,20.84
2026-05-20 15:00:00,beam-1b,Beam 1B,119.6202,20.84
2026-05-20 15:00:00,beam-2a,Beam 2A,122.4448,20.84
2026-05-20 15:00:00,beam-2b,Beam 2B,121.8805,20.84
2026-05-20 15:00:00,beam-3a,Beam 3A,120.3211,20.84
2026-05-20 15:00:00,beam-3b,Beam 3B,119.9974,20.84
2026-05-20 15:00:00,pier-cap-1,Pier Cap 1,96.7701,20.84
2026-05-20 15:00:00,pier-cap-2,Pier Cap 2,96.8325,20.84
2026-05-20 16:00:00,beam-1a,Beam 1A,120.0865,20.96
2026-05-20 16:00:00,beam-1b,Beam 1B,119.9914,20.96
2026-05-20 16:00:00,beam-2a,Beam 2A,122.2347,20.96
2026-05-20 16:00:00,beam-2b,Beam 2B,122.8955,20.96
2026-05-20 16:00:00,beam-3a,Beam 3A,121.0141,20.96
2026-05-20 16:00:00,beam-3b,Beam 3B,120.3102,20.96
2026-05-20 16:00:00,pier-cap-1,Pier Cap 1,95.4023,20.96
2026-05-20 16:00:00,pier-cap-2,Pier Cap 2,96.6934,20.96
2026-05-20 17:00:00,beam-1a,Beam 1A,120.0615,19.46
2026-05-20 17:00:00,beam-1b,Beam 1B,120.0626,19.46
2026-05-20 17:00:00,beam-2a,Beam 2A,121.6428,19.46
2026-05-20 17:00:00,beam-2b,Beam 2B,121.6006,19.46
2026-05-20 17:00:00,beam-3a,Beam 3A,119.9852,19.46
2026-05-20 17:00:00,beam-3b,Beam 3B,120.0846,19.46
2026-05-20 17:00:00,pier-cap-1,Pier Cap 1,96.0876,19.46
2026-05-20 17:00:00,pier-cap-2,Pier Cap 2,95.9609,19.46
2026-05-20 18:00:00,beam-1a,Beam 1A,119.8111,19.23
2026-05-20 18:00:00,beam-1b,Beam 1B,118.8578,19.23
2026-05-20 18:00:00,beam-2a,Beam 2A,121.8448,19.23
2026-05-20 18:00:00,beam-2b,Beam 2B,122.3766,19.23
2026-05-20 18:00:00,beam-3a,Beam 3A,120.1739,19.23
2026-05-20 18:00:00,beam-3b,Beam 3B,119.3671,19.23
2026-05-20 18:00:00,pier-cap-1,Pier Cap 1,96.3136,19.23
2026-05-20 18:00:00,pier-cap-2,Pier Cap 2,96.6921,19.23
2026-05-20 19:00:00,beam-1a,Beam 1A,119.5753,17.31
2026-05-20 19:00:00,beam-1b,Beam 1B,118.6194,17.31
2026-05-20 19:00:00,beam-2a,Beam 2A,122.006,17.31
2026-05-20 19:00:00,beam-2b,Beam 2B,121.3866,17.31
2026-05-20 19:00:00,beam-3a,Beam 3A,120.5843,17.31
2026-05-20 19:00:00,beam-3b,Beam 3B,119.115,17.31
2026-05-20 19:00:00,pier-cap-1,Pier Cap 1,95.6912,17.31
2026-05-20 19:00:00,pier-cap-2,Pier Cap 2,96.1338,17.31
2026-05-20 20:00:00,beam-1a,Beam 1A,118.9724,16.29
2026-05-20 20:00:00,beam-1b,Beam 1B,118.3395,16.29
2026-05-20 20:00:00,beam-2a,Beam 2A,122.1506,16.29
2026-05-20 20:00:00,beam-2b,Beam 2B,121.3482,16.29
2026-05-20 20:00:00,beam-3a,Beam 3A,119.8488,16.29
2026-05-20 20:00:00,beam-3b,Beam 3B,119.787,16.29
2026-05-20 20:00:00,pier-cap-1,Pier Cap 1,95.4558,16.29
2026-05-20 20:00:00,pier-cap-2,Pier Cap 2,96.3273,16.29
2026-05-20 21:00:00,beam-1a,Beam 1A,118.6409,13.06
2026-05-20 21:00:00,beam-1b,Beam 1B,117.7329,13.06
2026-05-20 21:00:00,beam-2a,Beam 2A,120.8886,13.06
2026-05-20 21:00:00,beam-2b,Beam 2B,120.9375,13.06
2026-05-20 21:00:00,beam-3a,Beam 3A,119.381,13.06
2026-05-20 21:00:00,beam-3b,Beam 3B,118.7338,13.06
2026-05-20 21:00:00,pier-cap-1,Pier Cap 1,95.0295,13.06
2026-05-20 21:00:00,pier-cap-2,Pier Cap 2,95.7541,13.06
2026-05-20 22:00:00,beam-1a,Beam 1A,117.9009,11.9
2026-05-20 22:00:00,beam-1b,Beam 1B,116.9396,11.9
2026-05-20 22:00:00,beam-2a,Beam 2A,121.5073,11.9
2026-05-20 22:00:00,beam-2b,Beam 2B,120.2396,11.9
2026-05-20 22:00:00,beam-3a,Beam 3A,117.887,11.9
2026-05-20 22:00:00,beam-3b,Beam 3B,118.2069,11.9
2026-05-20 22:00:00,pier-cap-1,Pier Cap 1,95.0999,11.9
2026-05-20 22:00:00,pier-cap-2,Pier Cap 2,95.33,11.9
2026-05-20 23:00:00,beam-1a,Beam 1A,117.4153,9.85
2026-05-20 23:00:00,beam-1b,Beam 1B,117.264,9.85
2026-05-20 23:00:00,beam-2a,Beam 2A,120.1824,9.85
2026-05-20 23:00:00,beam-2b,Beam 2B,120.2966,9.85
2026-05-20 23:00:00,beam-3a,Beam 3A,117.9236,9.85
2026-05-20 23:00:00,beam-3b,Beam 3B,117.9767,9.85
2026-05-20 23:00:00,pier-cap-1,Pier Cap 1,94.2825,9.85
2026-05-20 23:00:00,pier-cap-2,Pier Cap 2,95.434,9.85
2026-05-21 00:00:00,beam-1a,Beam 1A,117.5946,8.63
2026-05-21 00:00:00,beam-1b,Beam 1B,117.0553,8.63
2026-05-21 00:00:00,beam-2a,Beam 2A,120.1309,8.63
2026-05-21 00:00:00,beam-2b,Beam 2B,119.0075,8.63
2026-05-21 00:00:00,beam-3a,Beam 3A,118.557,8.63
2026-05-21 00:00:00,beam-3b,Beam 3B,118.17,8.63
2026-05-21 00:00:00,pier-cap-1,Pier Cap 1,94.8012,8.63
2026-05-21 00:00:00,pier-cap-2,Pier Cap 2,95.006,8.63
2026-05-21 01:00:00,beam-1a,Beam 1A,116.7848,7.95
2026-05-21 01:00:00,beam-1b,Beam 1B,116.9052,7.95
2026-05-21 01:00:00,beam-2a,Beam 2A,119.6577,7.95
2026-05-21 01:00:00,beam-2b,Beam 2B,119.8654,7.95
2026-05-21 01:00:00,beam-3a,Beam 3A,118.949,7.95
2026-05-21 01:00:00,beam-3b,Beam 3B,117.9871,7.95
2026-05-21 01:00:00,pier-cap-1,Pier Cap 1,94.3253,7.95
2026-05-21 01:00:00,pier-cap-2,Pier Cap 2,94.8912,7.95
2026-05-21 02:00:00,beam-1a,Beam 1A,118.0191,7.08
2026-05-21 02:00:00,beam-1b,Beam 1B,116.3294,7.08
2026-05-21 02:00:00,beam-2a,Beam 2A,120.3118,7.08
2026-05-21 02:00:00,beam-2b,Beam 2B,118.5281,7.08
2026-05-21 02:00:00,beam-3a,Beam 3A,117.9652,7.08
2026-05-21 02:00:00,beam-3b,Beam 3B,116.9816,7.08
2026-05-21 02:00:00,pier-cap-1,Pier Cap 1,93.9311,7.08
2026-05-21 02:00:00,pier-cap-2,Pier Cap 2,94.6702,7.08
2026-05-21 03:00:00,beam-1a,Beam 1A,117.231,6.81
2026-05-21 03:00:00,beam-1b,Beam 1B,116.7299,6.81
2026-05-21 03:00:00,beam-2a,Beam 2A,120.7009,6.81
2026-05-21 03:00:00,beam-2b,Beam 2B,119.3711,6.81
2026-05-21 03:00:00,beam-3a,Beam 3A,117.5361,6.81
2026-05-21 03:00:00,beam-3b,Beam 3B,118.0158,6.81
2026-05-21 03:00:00,pier-cap-1,Pier Cap 1,94.5087,6.81
2026-05-21 03:00:00,pier-cap-2,Pier Cap 2,95.1765,6.81
2026-05-21 04:00:00,beam-1a,Beam 1A,117.4387,7.09
2026-05-21 04:00:00,beam-1b,Beam 1B,116.5906,7.09
2026-05-21 04:00:00,beam-2a,Beam 2A,119.2124,7.09
2026-05-21 04:00:00,beam-2b,Beam 2B,119.8588,7.09
2026-05-21 04:00:00,beam-3a,Beam 3A,117.7604,7.09
2026-05-21 04:00:00,beam-3b,Beam 3B,117.8344,7.09
2026-05-21 04:00:00,pier-cap-1,Pier Cap 1,93.7493,7.09
2026-05-21 04:00:00,pier-cap-2,Pier Cap 2,94.4989,7.09
2026-05-21 05:00:00,beam-1a,Beam 1A,117.8,7.93
2026-05-21 05:00:00,beam-1b,Beam 1B,117.0998,7.93
2026-05-21 05:00:00,beam-2a,Beam 2A,119.9475,7.93
2026-05-21 05:00:00,beam-2b,Beam 2B,119.9349,7.93
2026-05-21 05:00:00,beam-3a,Beam 3A,117.505,7.93
2026-05-21 05:00:00,beam-3b,Beam 3B,117.6033,7.93
2026-05-21 05:00:00,pier-cap-1,Pier Cap 1,94.1729,7.93
2026-05-21 05:00:00,pier-cap-2,Pier Cap 2,94.7427,7.93
2026-05-21 06:00:00,beam-1a,Beam 1A,118.5546,8.56
2026-05-21 06:00:00,beam-1b,Beam 1B,118.2513,8.56
2026-05-21 06:00:00,beam-2a,Beam 2A,120.7174,8.56
2026-05-21 06:00:00,beam-2b,Beam 2B,119.2921,8.56
2026-05-21 06:00:00,beam-3a,Beam 3A,118.0894,8.56
2026-05-21 06:00:00,beam-3b,Beam 3B,117.3588,8.56
2026-05-21 06:00:00,pier-cap-1,Pier Cap 1,94.2621,8.56
2026-05-21 06:00:00,pier-cap-2,Pier Cap 2,94.5624,8.56
2026-05-21 07:00:00,beam-1a,Beam 1A,118.7147,10.69
2026-05-21 07:00:00,beam-1b,Beam 1B,118.0708,10.69
2026-05-21 07:00:00,beam-2a,Beam 2A,120.0599,10.69
2026-05-21 07:00:00,beam-2b,Beam 2B,119.7708,10.69
2026-05-21 07:00:00,beam-3a,Beam 3A,119.238,10.69
2026-05-21 07:00:00,beam-3b,Beam 3B,118.5507,10.69
2026-05-21 07:00:00,pier-cap-1,Pier Cap 1,95.3972,10.69
2026-05-21 07:00:00,pier-cap-2,Pier Cap 2,95.472,10.69
2026-05-21 08:00:00,beam-1a,Beam 1A,118.3522,12.36
2026-05-21 08:00:00,beam-1b,Beam 1B,118.0984,12.36
2026-05-21 08:00:00,beam-2a,Beam 2A,121.1995,12.36
2026-05-21 08:00:00,beam-2b,Beam 2B,120.2973,12.36
2026-05-21 08:00:00,beam-3a,Beam 3A,119.0599,12.36
2026-05-21 08:00:00,beam-3b,Beam 3B,118.6659,12.36
2026-05-21 08:00:00,pier-cap-1,Pier Cap 1,94.7991,12.36
2026-05-21 08:00:00,pier-cap-2,Pier Cap 2,95.33,12.36
2026-05-21 09:00:00,beam-1a,Beam 1A,119.8649,14.06
2026-05-21 09:00:00,beam-1b,Beam 1B,119.0368,14.06
2026-05-21 09:00:00,beam-2a,Beam 2A,121.8015,14.06
2026-05-21 09:00:00,beam-2b,Beam 2B,120.9874,14.06
2026-05-21 09:00:00,beam-3a,Beam 3A,118.5456,14.06
2026-05-21 09:00:00,beam-3b,Beam 3B,118.3121,14.06
2026-05-21 09:00:00,pier-cap-1,Pier Cap 1,94.6132,14.06
2026-05-21 09:00:00,pier-cap-2,Pier Cap 2,95.6187,14.06
2026-05-21 10:00:00,beam-1a,Beam 1A,119.7051,15.95
2026-05-21 10:00:00,beam-1b,Beam 1B,118.9513,15.95
2026-05-21 10:00:00,beam-2a,Beam 2A,121.7203,15.95
2026-05-21 10:00:00,beam-2b,Beam 2B,120.4762,15.95
2026-05-21 10:00:00,beam-3a,Beam 3A,118.7946,15.95
2026-05-21 10:00:00,beam-3b,Beam 3B,119.0983,15.95
2026-05-21 10:00:00,pier-cap-1,Pier Cap 1,95.3672,15.95
2026-05-21 10:00:00,pier-cap-2,Pier Cap 2,95.8867,15.95
2026-05-21 11:00:00,beam-1a,Beam 1A,120.2321,17.53
2026-05-21 11:00:00,beam-1b,Beam 1B,119.3749,17.53
2026-05-21 11:00:00,beam-2a,Beam 2A,122.226,17.53
2026-05-21 11:00:00,beam-2b,Beam 2B,121.6006,17.53
2026-05-21 11:00:00,beam-3a,Beam 3A,119.5553,17.53
2026-05-21 11:00:00,beam-3b,Beam 3B,120.5747,17.53
2026-05-21 11:00:00,pier-cap-1,Pier Cap 1,95.9161,17.53
2026-05-21 11:00:00,pier-cap-2,Pier Cap 2,96.2982,17.53
2026-05-21 12:00:00,beam-1a,Beam 1A,120.1544,19.67
2026-05-21 12:00:00,beam-1b,Beam 1B,119.8377,19.67
2026-05-21 12:00:00,beam-2a,Beam 2A,123.1393,19.67
2026-05-21 12:00:00,beam-2b,Beam 2B,122.1595,19.67
2026-05-21 12:00:00,beam-3a,Beam 3A,119.651,19.67
2026-05-21 12:00:00,beam-3b,Beam 3B,119.8939,19.67
2026-05-21 12:00:00,pier-cap-1,Pier Cap 1,96.3364,19.67
2026-05-21 12:00:00,pier-cap-2,Pier Cap 2,96.2259,19.67
2026-05-21 13:00:00,beam-1a,Beam 1A,120.8143,19.94
2026-05-21 13:00:00,beam-1b,Beam 1B,120.0746,19.94
2026-05-21 13:00:00,beam-2a,Beam 2A,123.267,19.94
2026-05-21 13:00:00,beam-2b,Beam 2B,121.9744,19.94
2026-05-21 13:00:00,beam-3a,Beam 3A,120.5939,19.94
2026-05-21 13:00:00,beam-3b,Beam 3B,119.6785,19.94
2026-05-21 13:00:00,pier-cap-1,Pier Cap 1,96.8237,19.94
2026-05-21 13:00:00,pier-cap-2,Pier Cap 2,95.9677,19.94
2026-05-21 14:00:00,beam-1a,Beam 1A,120.4463,20.55
2026-05-21 14:00:00,beam-1b,Beam 1B,120.6022,20.55
2026-05-21 14:00:00,beam-2a,Beam 2A,122.5851,20.55
2026-05-21 14:00:00,beam-2b,Beam 2B,122.42,20.55
2026-05-21 14:00:00,beam-3a,Beam 3A,120.3285,20.55
2026-05-21 14:00:00,beam-3b,Beam 3B,119.7014,20.55
2026-05-21 14:00:00,pier-cap-1,Pier Cap 1,96.6545,20.55
2026-05-21 14:00:00,pier-cap-2,Pier Cap 2,96.8697,20.55
2026-05-21 15:00:00,beam-1a,Beam 1A,120.6071,20.61
2026-05-21 15:00:00,beam-1b,Beam 1B,120.3745,20.61
2026-05-21 15:00:00,beam-2a,Beam 2A,122.4089,20.61
2026-05-21 15:00:00,beam-2b,Beam 2B,122.3114,20.61
2026-05-21 15:00:00,beam-3a,Beam 3A,121.0585,20.61
2026-05-21 15:00:00,beam-3b,Beam 3B,120.686,20.61
2026-05-21 15:00:00,pier-cap-1,Pier Cap 1,96.2978,20.61
2026-05-21 15:00:00,pier-cap-2,Pier Cap 2,96.1073,20.61
2026-05-21 16:00:00,beam-1a,Beam 1A,120.2567,20.26
2026-05-21 16:00:00,beam-1b,Beam 1B,120.1392,20.26
2026-05-21 16:00:00,beam-2a,Beam 2A,122.1839,20.26
2026-05-21 16:00:00,beam-2b,Beam 2B,121.9352,20.26
2026-05-21 16:00:00,beam-3a,Beam 3A,120.8324,20.26
2026-05-21 16:00:00,beam-3b,Beam 3B,120.296,20.26
2026-05-21 16:00:00,pier-cap-1,Pier Cap 1,95.9215,20.26
2026-05-21 16:00:00,pier-cap-2,Pier Cap 2,96.9451,20.26
2026-05-21 17:00:00,beam-1a,Beam 1A,120.7699,19.48
2026-05-21 17:00:00,beam-1b,Beam 1B,119.3115,19.48
2026-05-21 17:00:00,beam-2a,Beam 2A,122.7858,19.48
2026-05-21 17:00:00,beam-2b,Beam 2B,121.2205,19.48
2026-05-21 17:00:00,beam-3a,Beam 3A,119.556,19.48
2026-05-21 17:00:00,beam-3b,Beam 3B,120.3429,19.48
2026-05-21 17:00:00,pier-cap-1,Pier Cap 1,96.5585,19.48
2026-05-21 17:00:00,pier-cap-2,Pier Cap 2,97.0388,19.48
2026-05-21 18:00:00,beam-1a,Beam 1A,120.4341,18.5
2026-05-21 18:00:00,beam-1b,Beam 1B,119.1509,18.5
2026-05-21 18:00:00,beam-2a,Beam 2A,121.6523,18.5
2026-05-21 18:00:00,beam-2b,Beam 2B,121.8544,18.5
2026-05-21 18:00:00,beam-3a,Beam 3A,120.1783,18.5
2026-05-21 18:00:00,beam-3b,Beam 3B,119.7528,18.5
2026-05-21 18:00:00,pier-cap-1,Pier Cap 1,95.8152,18.5
2026-05-21 18:00:00,pier-cap-2,Pier Cap 2,96.3765,18.5
2026-05-21 19:00:00,beam-1a,Beam 1A,119.3725,17.38
2026-05-21 19:00:00,beam-1b,Beam 1B,119.0514,17.38
2026-05-21 19:00:00,beam-2a,Beam 2A,121.8755,17.38
2026-05-21 19:00:00,beam-2b,Beam 2B,121.1953,17.38
2026-05-21 19:00:00,beam-3a,Beam 3A,119.8863,17.38
2026-05-21 19:00:00,beam-3b,Beam 3B,119.8916,17.38
2026-05-21 19:00:00,pier-cap-1,Pier Cap 1,95.5599,17.38
2026-05-21 19:00:00,pier-cap-2,Pier Cap 2,96.6472,17.38
2026-05-21 20:00:00,beam-1a,Beam 1A,118.9593,15.86
2026-05-21 20:00:00,beam-1b,Beam 1B,118.317,15.86
2026-05-21 20:00:00,beam-2a,Beam 2A,121.7123,15.86
2026-05-21 20:00:00,beam-2b,Beam 2B,121.0399,15.86
2026-05-21 20:00:00,beam-3a,Beam 3A,119.8258,15.86
2026-05-21 20:00:00,beam-3b,Beam 3B,118.8658,15.86
2026-05-21 20:00:00,pier-cap-1,Pier Cap 1,95.4033,15.86
2026-05-21 20:00:00,pier-cap-2,Pier Cap 2,96.0211,15.86
2026-05-21 21:00:00,beam-1a,Beam 1A,118.3383,13.93
2026-05-21 21:00:00,beam-1b,Beam 1B,117.9716,13.93
2026-05-21 21:00:00,beam-2a,Beam 2A,121.085,13.93
2026-05-21 21:00:00,beam-2b,Beam 2B,121.0779,13.93
2026-05-21 21:00:00,beam-3a,Beam 3A,119.8544,13.93
2026-05-21 21:00:00,beam-3b,Beam 3B,118.8538,13.93
2026-05-21 21:00:00,pier-cap-1,Pier Cap 1,94.864,13.93
2026-05-21 21:00:00,pier-cap-2,Pier Cap 2,96.2194,13.93
2026-05-21 22:00:00,beam-1a,Beam 1A,118.3528,11.79
2026-05-21 22:00:00,beam-1b,Beam 1B,117.7202,11.79
2026-05-21 22:00:00,beam-2a,Beam 2A,120.9705,11.79
2026-05-21 22:00:00,beam-2b,Beam 2B,121.0255,11.79
2026-05-21 22:00:00,beam-3a,Beam 3A,118.3075,11.79
2026-05-21 22:00:00,beam-3b,Beam 3B,118.4911,11.79
2026-05-21 22:00:00,pier-cap-1,Pier Cap 1,94.7794,11.79
2026-05-21 22:00:00,pier-cap-2,Pier Cap 2,95.282,11.79
2026-05-21 23:00:00,beam-1a,Beam 1A,117.6419,10.77
2026-05-21 23:00:00,beam-1b,Beam 1B,117.235,10.77
2026-05-21 23:00:00,beam-2a,Beam 2A,121.68,10.77
2026-05-21 23:00:00,beam-2b,Beam 2B,120.2389,10.77
2026-05-21 23:00:00,beam-3a,Beam 3A,118.1774,10.77
2026-05-21 23:00:00,beam-3b,Beam 3B,118.6803,10.77
2026-05-21 23:00:00,pier-cap-1,Pier Cap 1,94.6957,10.77
2026-05-21 23:00:00,pier-cap-2,Pier Cap 2,94.5562,10.77
2026-05-22 00:00:00,beam-1a,Beam 1A,117.2617,8.85
2026-05-22 00:00:00,beam-1b,Beam 1B,117.0883,8.85
2026-05-22 00:00:00,beam-2a,Beam 2A,120.221,8.85
2026-05-22 00:00:00,beam-2b,Beam 2B,120.0913,8.85
2026-05-22 00:00:00,beam-3a,Beam 3A,117.9313,8.85
2026-05-22 00:00:00,beam-3b,Beam 3B,117.9427,8.85
2026-05-22 00:00:00,pier-cap-1,Pier Cap 1,94.6964,8.85
2026-05-22 00:00:00,pier-cap-2,Pier Cap 2,94.9533,8.85
2026-05-22 01:00:00,beam-1a,Beam 1A,117.5126,7.38
2026-05-22 01:00:00,beam-1b,Beam 1B,117.3276,7.38
2026-05-22 01:00:00,beam-2a,Beam 2A,119.8011,7.38
2026-05-22 01:00:00,beam-2b,Beam 2B,118.9974,7.38
2026-05-22 01:00:00,beam-3a,Beam 3A,118.7325,7.38
2026-05-22 01:00:00,beam-3b,Beam 3B,117.3325,7.38
2026-05-22 01:00:00,pier-cap-1,Pier Cap 1,94.14,7.38
2026-05-22 01:00:00,pier-cap-2,Pier Cap 2,95.2688,7.38
2026-05-22 02:00:00,beam-1a,Beam 1A,116.938,6.48
2026-05-22 02:00:00,beam-1b,Beam 1B,116.6663,6.48
2026-05-22 02:00:00,beam-2a,Beam 2A,120.202,6.48
2026-05-22 02:00:00,beam-2b,Beam 2B,119.4941,6.48
2026-05-22 02:00:00,beam-3a,Beam 3A,117.0205,6.48
2026-05-22 02:00:00,beam-3b,Beam 3B,117.4035,6.48
2026-05-22 02:00:00,pier-cap-1,Pier Cap 1,93.7417,6.48
2026-05-22 02:00:00,pier-cap-2,Pier Cap 2,94.7824,6.48
2026-05-22 03:00:00,beam-1a,Beam 1A,117.3035,6.72
2026-05-22 03:00:00,beam-1b,Beam 1B,117.3295,6.72
2026-05-22 03:00:00,beam-2a,Beam 2A,119.9401,6.72
2026-05-22 03:00:00,beam-2b,Beam 2B,119.4203,6.72
2026-05-22 03:00:00,beam-3a,Beam 3A,117.7059,6.72
2026-05-22 03:00:00,beam-3b,Beam 3B,116.8403,6.72
2026-05-22 03:00:00,pier-cap-1,Pier Cap 1,93.6771,6.72
2026-05-22 03:00:00,pier-cap-2,Pier Cap 2,94.5036,6.72
2026-05-22 04:00:00,beam-1a,Beam 1A,116.9213,6.82
2026-05-22 04:00:00,beam-1b,Beam 1B,117.2705,6.82
2026-05-22 04:00:00,beam-2a,Beam 2A,120.4389,6.82
2026-05-22 04:00:00,beam-2b,Beam 2B,119.9549,6.82
2026-05-22 04:00:00,beam-3a,Beam 3A,117.5141,6.82
2026-05-22 04:00:00,beam-3b,Beam 3B,116.6327,6.82
2026-05-22 04:00:00,pier-cap-1,Pier Cap 1,94.2353,6.82
2026-05-22 04:00:00,pier-cap-2,Pier Cap 2,94.7711,6.82
2026-05-22 05:00:00,beam-1a,Beam 1A,117.953,6.86
2026-05-22 05:00:00,beam-1b,Beam 1B,116.793,6.86
2026-05-22 05:00:00,beam-2a,Beam 2A,119.938,6.86
2026-05-22 05:00:00,beam-2b,Beam 2B,119.256,6.86
2026-05-22 05:00:00,beam-3a,Beam 3A,117.3081,6.86
2026-05-22 05:00:00,beam-3b,Beam 3B,117.7445,6.86
2026-05-22 05:00:00,pier-cap-1,Pier Cap 1,94.2009,6.86
2026-05-22 05:00:00,pier-cap-2,Pier Cap 2,94.9704,6.86
2026-05-22 06:00:00,beam-1a,Beam 1A,118.8968,8.53
2026-05-22 06:00:00,beam-1b,Beam 1B,117.4318,8.53
2026-05-22 06:00:00,beam-2a,Beam 2A,120.1057,8.53
2026-05-22 06:00:00,beam-2b,Beam 2B,119.7084,8.53
2026-05-22 06:00:00,beam-3a,Beam 3A,118.5095,8.53
2026-05-22 06:00:00,beam-3b,Beam 3B,117.6386,8.53
2026-05-22 06:00:00,pier-cap-1,Pier Cap 1,94.2625,8.53
2026-05-22 06:00:00,pier-cap-2,Pier Cap 2,94.9031,8.53
2026-05-22 07:00:00,beam-1a,Beam 1A,118.9502,10.11
2026-05-22 07:00:00,beam-1b,Beam 1B,118.006,10.11
2026-05-22 07:00:00,beam-2a,Beam 2A,119.8079,10.11
2026-05-22 07:00:00,beam-2b,Beam 2B,120.5449,10.11
2026-05-22 07:00:00,beam-3a,Beam 3A,119.281,10.11
2026-05-22 07:00:00,beam-3b,Beam 3B,117.9788,10.11
2026-05-22 07:00:00,pier-cap-1,Pier Cap 1,94.5258,10.11
2026-05-22 07:00:00,pier-cap-2,Pier Cap 2,95.954,10.11
2026-05-22 08:00:00,beam-1a,Beam 1A,119.6426,11.33
2026-05-22 08:00:00,beam-1b,Beam 1B,118.4318,11.33
2026-05-22 08:00:00,beam-2a,Beam 2A,120.1182,11.33
2026-05-22 08:00:00,beam-2b,Beam 2B,120.3293,11.33
2026-05-22 08:00:00,beam-3a,Beam 3A,118.6002,11.33
2026-05-22 08:00:00,beam-3b,Beam 3B,118.5936,11.33
2026-05-22 08:00:00,pier-cap-1,Pier Cap 1,94.9661,11.33
2026-05-22 08:00:00,pier-cap-2,Pier Cap 2,95.1944,11.33
2026-05-22 09:00:00,beam-1a,Beam 1A,119.3978,13.58
2026-05-22 09:00:00,beam-1b,Beam 1B,119.2623,13.58
2026-05-22 09:00:00,beam-2a,Beam 2A,120.4813,13.58
2026-05-22 09:00:00,beam-2b,Beam 2B,120.3721,13.58
2026-05-22 09:00:00,beam-3a,Beam 3A,119.9038,13.58
2026-05-22 09:00:00,beam-3b,Beam 3B,119.2188,13.58
2026-05-22 09:00:00,pier-cap-1,Pier Cap 1,95.6039,13.58
2026-05-22 09:00:00,pier-cap-2,Pier Cap 2,95.9875,13.58
2026-05-22 10:00:00,beam-1a,Beam 1A,120.1036,14.73
2026-05-22 10:00:00,beam-1b,Beam 1B,119.836,14.73
2026-05-22 10:00:00,beam-2a,Beam 2A,121.5981,14.73
2026-05-22 10:00:00,beam-2b,Beam 2B,122.067,14.73
2026-05-22 10:00:00,beam-3a,Beam 3A,118.541,14.73
2026-05-22 10:00:00,beam-3b,Beam 3B,119.1361,14.73
2026-05-22 10:00:00,pier-cap-1,Pier Cap 1,95.1258,14.73
2026-05-22 10:00:00,pier-cap-2,Pier Cap 2,96.0884,14.73
2026-05-22 11:00:00,beam-1a,Beam 1A,120.2599,17.54
2026-05-22 11:00:00,beam-1b,Beam 1B,120.6293,17.54
2026-05-22 11:00:00,beam-2a,Beam 2A,121.4624,17.54
2026-05-22 11:00:00,beam-2b,Beam 2B,121.1759,17.54
2026-05-22 11:00:00,beam-3a,Beam 3A,120.0238,17.54
2026-05-22 11:00:00,beam-3b,Beam 3B,120.1568,17.54
2026-05-22 11:00:00,pier-cap-1,Pier Cap 1,95.8072,17.54
2026-05-22 11:00:00,pier-cap-2,Pier Cap 2,96.0705,17.54
2026-05-22 12:00:00,beam-1a,Beam 1A,120.8075,18.95
2026-05-22 12:00:00,beam-1b,Beam 1B,120.5951,18.95
2026-05-22 12:00:00,beam-2a,Beam 2A,122.7924,18.95
2026-05-22 12:00:00,beam-2b,Beam 2B,121.8643,18.95
2026-05-22 12:00:00,beam-3a,Beam 3A,120.2481,18.95
2026-05-22 12:00:00,beam-3b,Beam 3B,119.9266,18.95
2026-05-22 12:00:00,pier-cap-1,Pier Cap 1,96.2801,18.95
2026-05-22 12:00:00,pier-cap-2,Pier Cap 2,96.3653,18.95
2026-05-22 13:00:00,beam-1a,Beam 1A,121.2428,19.46
2026-05-22 13:00:00,beam-1b,Beam 1B,120.4166,19.46
2026-05-22 13:00:00,beam-2a,Beam 2A,122.4048,19.46
2026-05-22 13:00:00,beam-2b,Beam 2B,122.1313,19.46
2026-05-22 13:00:00,beam-3a,Beam 3A,120.4718,19.46
2026-05-22 13:00:00,beam-3b,Beam 3B,119.9538,19.46
2026-05-22 13:00:00,pier-cap-1,Pier Cap 1,95.8367,19.46
2026-05-22 13:00:00,pier-cap-2,Pier Cap 2,96.8749,19.46
2026-05-22 14:00:00,beam-1a,Beam 1A,121.1172,20.41
2026-05-22 14:00:00,beam-1b,Beam 1B,119.9528,20.41
2026-05-22 14:00:00,beam-2a,Beam 2A,122.4841,20.41
2026-05-22 14:00:00,beam-2b,Beam 2B,122.2889,20.41
2026-05-22 14:00:00,beam-3a,Beam 3A,120.6861,20.41
2026-05-22 14:00:00,beam-3b,Beam 3B,120.1119,20.41
2026-05-22 14:00:00,pier-cap-1,Pier Cap 1,96.2067,20.41
2026-05-22 14:00:00,pier-cap-2,Pier Cap 2,96.7548,20.41
2026-05-22 15:00:00,beam-1a,Beam 1A,120.3134,19.54
2026-05-22 15:00:00,beam-1b,Beam 1B,120.4325,19.54
2026-05-22 15:00:00,beam-2a,Beam 2A,122.0701,19.54
2026-05-22 15:00:00,beam-2b,Beam 2B,121.9317,19.54
2026-05-22 15:00:00,beam-3a,Beam 3A,120.2993,19.54
2026-05-22 15:00:00,beam-3b,Beam 3B,119.4123,19.54
2026-05-22 15:00:00,pier-cap-1,Pier Cap 1,96.0693,19.54
2026-05-22 15:00:00,pier-cap-2,Pier Cap 2,96.6822,19.54
2026-05-22 16:00:00,beam-1a,Beam 1A,120.2647,19.8
2026-05-22 16:00:00,beam-1b,Beam 1B,120.334,19.8
2026-05-22 16:00:00,beam-2a,Beam 2A,122.7091,19.8
2026-05-22 16:00:00,beam-2b,Beam 2B,121.9863,19.8
2026-05-22 16:00:00,beam-3a,Beam 3A,120.0801,19.8
2026-05-22 16:00:00,beam-3b,Beam 3B,120.2468,19.8
2026-05-22 16:00:00,pier-cap-1,Pier Cap 1,95.7268,19.8
2026-05-22 16:00:00,pier-cap-2,Pier Cap 2,96.1294,19.8
2026-05-22 17:00:00,beam-1a,Beam 1A,120.0223,19.45
2026-05-22 17:00:00,beam-1b,Beam 1B,120.1697,19.45
2026-05-22 17:00:00,beam-2a,Beam 2A,122.0676,19.45
2026-05-22 17:00:00,beam-2b,Beam 2B,121.8954,19.45
2026-05-22 17:00:00,beam-3a,Beam 3A,119.6186,19.45
2026-05-22 17:00:00,beam-3b,Beam 3B,118.989,19.45
2026-05-22 17:00:00,pier-cap-1,Pier Cap 1,96.1176,19.45
2026-05-22 17:00:00,pier-cap-2,Pier Cap 2,96.7638,19.45
2026-05-22 18:00:00,beam-1a,Beam 1A,120.2311,18.02
2026-05-22 18:00:00,beam-1b,Beam 1B,120.3963,18.02
2026-05-22 18:00:00,beam-2a,Beam 2A,121.7105,18.02
2026-05-22 18:00:00,beam-2b,Beam 2B,121.2582,18.02
2026-05-22 18:00:00,beam-3a,Beam 3A,119.945,18.02
2026-05-22 18:00:00,beam-3b,Beam 3B,119.3692,18.02
2026-05-22 18:00:00,pier-cap-1,Pier Cap 1,95.8629,18.02
2026-05-22 18:00:00,pier-cap-2,Pier Cap 2,96.4396,18.02
2026-05-22 19:00:00,beam-1a,Beam 1A,120.4589,17.29
2026-05-22 19:00:00,beam-1b,Beam 1B,119.7707,17.29
2026-05-22 19:00:00,beam-2a,Beam 2A,122.4329,17.29
2026-05-22 19:00:00,beam-2b,Beam 2B,122.4177,17.29
2026-05-22 19:00:00,beam-3a,Beam 3A,119.9751,17.29
2026-05-22 19:00:00,beam-3b,Beam 3B,119.4427,17.29
2026-05-22 19:00:00,pier-cap-1,Pier Cap 1,95.9097,17.29
2026-05-22 19:00:00,pier-cap-2,Pier Cap 2,96.224,17.29
2026-05-22 20:00:00,beam-1a,Beam 1A,119.8674,16.11
2026-05-22 20:00:00,beam-1b,Beam 1B,119.2653,16.11
2026-05-22 20:00:00,beam-2a,Beam 2A,121.8644,16.11
2026-05-22 20:00:00,beam-2b,Beam 2B,121.2346,16.11
2026-05-22 20:00:00,beam-3a,Beam 3A,119.598,16.11
2026-05-22 20:00:00,beam-3b,Beam 3B,118.935,16.11
2026-05-22 20:00:00,pier-cap-1,Pier Cap 1,95.2109,16.11
2026-05-22 20:00:00,pier-cap-2,Pier Cap 2,96.1752,16.11
2026-05-22 21:00:00,beam-1a,Beam 1A,118.0007,13.03
2026-05-22 21:00:00,beam-1b,Beam 1B,117.9276,13.03
2026-05-22 21:00:00,beam-2a,Beam 2A,121.0123,13.03
2026-05-22 21:00:00,beam-2b,Beam 2B,120.9451,13.03
2026-05-22 21:00:00,beam-3a,Beam 3A,118.7962,13.03
2026-05-22 21:00:00,beam-3b,Beam 3B,118.4679,13.03
2026-05-22 21:00:00,pier-cap-1,Pier Cap 1,95.1077,13.03
2026-05-22 21:00:00,pier-cap-2,Pier Cap 2,95.482,13.03
2026-05-22 22:00:00,beam-1a,Beam 1A,118.7801,11.36
2026-05-22 22:00:00,beam-1b,Beam 1B,117.7032,11.36
2026-05-22 22:00:00,beam-2a,Beam 2A,121.0277,11.36
2026-05-22 22:00:00,beam-2b,Beam 2B,120.2372,11.36
2026-05-22 22:00:00,beam-3a,Beam 3A,118.0049,11.36
2026-05-22 22:00:00,beam-3b,Beam 3B,118.9513,11.36
2026-05-22 22:00:00,pier-cap-1,Pier Cap 1,95.2678,11.36
2026-05-22 22:00:00,pier-cap-2,Pier Cap 2,95.1757,11.36
2026-05-22 23:00:00,beam-1a,Beam 1A,118.3329,10.1
2026-05-22 23:00:00,beam-1b,Beam 1B,117.572,10.1
2026-05-22 23:00:00,beam-2a,Beam 2A,120.5228,10.1
2026-05-22 23:00:00,beam-2b,Beam 2B,119.9774,10.1
2026-05-22 23:00:00,beam-3a,Beam 3A,118.0219,10.1
2026-05-22 23:00:00,beam-3b,Beam 3B,118.4547,10.1
2026-05-22 23:00:00,pier-cap-1,Pier Cap 1,95.2877,10.1
2026-05-22 23:00:00,pier-cap-2,Pier Cap 2,95.0919,10.1
2026-05-23 00:00:00,beam-1a,Beam 1A,117.4659,9.93
2026-05-23 00:00:00,beam-1b,Beam 1B,117.3353,9.93
2026-05-23 00:00:00,beam-2a,Beam 2A,120.6393,9.93
2026-05-23 00:00:00,beam-2b,Beam 2B,119.9039,9.93
2026-05-23 00:00:00,beam-3a,Beam 3A,118.6481,9.93
2026-05-23 00:00:00,beam-3b,Beam 3B,117.7967,9.93
2026-05-23 00:00:00,pier-cap-1,Pier Cap 1,95.0236,9.93
2026-05-23 00:00:00,pier-cap-2,Pier Cap 2,95.0003,9.93
2026-05-23 01:00:00,beam-1a,Beam 1A,117.5393,7.68
2026-05-23 01:00:00,beam-1b,Beam 1B,117.4206,7.68
2026-05-23 01:00:00,beam-2a,Beam 2A,119.7102,7.68
2026-05-23 01:00:00,beam-2b,Beam 2B,119.017,7.68
2026-05-23 01:00:00,beam-3a,Beam 3A,118.4725,7.68
2026-05-23 01:00:00,beam-3b,Beam 3B,117.4457,7.68
2026-05-23 01:00:00,pier-cap-1,Pier Cap 1,93.9496,7.68
2026-05-23 01:00:00,pier-cap-2,Pier Cap 2,95.4568,7.68
2026-05-23 02:00:00,beam-1a,Beam 1A,118.12,7.57
2026-05-23 02:00:00,beam-1b,Beam 1B,117.4615,7.57
2026-05-23 02:00:00,beam-2a,Beam 2A,120.8429,7.57
2026-05-23 02:00:00,beam-2b,Beam 2B,119.5505,7.57
2026-05-23 02:00:00,beam-3a,Beam 3A,119.1019,7.57
2026-05-23 02:00:00,beam-3b,Beam 3B,117.1421,7.57
2026-05-23 02:00:00,pier-cap-1,Pier Cap 1,94.4214,7.57
2026-05-23 02:00:00,pier-cap-2,Pier Cap 2,95.0596,7.57
2026-05-23 03:00:00,beam-1a,Beam 1A,118.1293,7.96
2026-05-23 03:00:00,beam-1b,Beam 1B,117.1557,7.96
2026-05-23 03:00:00,beam-2a,Beam 2A,119.861,7.96
2026-05-23 03:00:00,beam-2b,Beam 2B,119.53,7.96
2026-05-23 03:00:00,beam-3a,Beam 3A,117.3533,7.96
2026-05-23 03:00:00,beam-3b,Beam 3B,117.9099,7.96
2026-05-23 03:00:00,pier-cap-1,Pier Cap 1,94.1997,7.96
2026-05-23 03:00:00,pier-cap-2,Pier Cap 2,94.5541,7.96
2026-05-23 04:00:00,beam-1a,Beam 1A,117.4428,6.81
2026-05-23 04:00:00,beam-1b,Beam 1B,117.9198,6.81
2026-05-23 04:00:00,beam-2a,Beam 2A,120.4851,6.81
2026-05-23 04:00:00,beam-2b,Beam 2B,119.9313,6.81
2026-05-23 04:00:00,beam-3a,Beam 3A,117.7136,6.81
2026-05-23 04:00:00,beam-3b,Beam 3B,117.3572,6.81
2026-05-23 04:00:00,pier-cap-1,Pier Cap 1,94.2572,6.81
2026-05-23 04:00:00,pier-cap-2,Pier Cap 2,95.2829,6.81
2026-05-23 05:00:00,beam-1a,Beam 1A,118.4724,7.66
2026-05-23 05:00:00,beam-1b,Beam 1B,117.8945,7.66
2026-05-23 05:00:00,beam-2a,Beam 2A,119.9567,7.66
2026-05-23 05:00:00,beam-2b,Beam 2B,119.1535,7.66
2026-05-23 05:00:00,beam-3a,Beam 3A,117.7134,7.66
2026-05-23 05:00:00,beam-3b,Beam 3B,116.9173,7.66
2026-05-23 05:00:00,pier-cap-1,Pier Cap 1,94.0675,7.66
2026-05-23 05:00:00,pier-cap-2,Pier Cap 2,94.6693,7.66
2026-05-23 06:00:00,beam-1a,Beam 1A,117.9631,9.12
2026-05-23 06:00:00,beam-1b,Beam 1B,117.7061,9.12
2026-05-23 06:00:00,beam-2a,Beam 2A,120.6461,9.12
2026-05-23 06:00:00,beam-2b,Beam 2B,119.6924,9.12
2026-05-23 06:00:00,beam-3a,Beam 3A,118.6351,9.12
2026-05-23 06:00:00,beam-3b,Beam 3B,117.9174,9.12
2026-05-23 06:00:00,pier-cap-1,Pier Cap 1,94.0034,9.12
2026-05-23 06:00:00,pier-cap-2,Pier Cap 2,95.0263,9.12
2026-05-23 07:00:00,beam-1a,Beam 1A,119.104,10.53
2026-05-23 07:00:00,beam-1b,Beam 1B,118.764,10.53
2026-05-23 07:00:00,beam-2a,Beam 2A,120.8992,10.53
2026-05-23 07:00:00,beam-2b,Beam 2B,119.8461,10.53
2026-05-23 07:00:00,beam-3a,Beam 3A,119.2313,10.53
2026-05-23 07:00:00,beam-3b,Beam 3B,118.3039,10.53
2026-05-23 07:00:00,pier-cap-1,Pier Cap 1,94.6258,10.53
2026-05-23 07:00:00,pier-cap-2,Pier Cap 2,95.4983,10.53
2026-05-23 08:00:00,beam-1a,Beam 1A,120.1418,12.75
2026-05-23 08:00:00,beam-1b,Beam 1B,119.4419,12.75
2026-05-23 08:00:00,beam-2a,Beam 2A,121.5085,12.75
2026-05-23 08:00:00,beam-2b,Beam 2B,121.2268,12.75
2026-05-23 08:00:00,beam-3a,Beam 3A,119.3466,12.75
2026-05-23 08:00:00,beam-3b,Beam 3B,118.9094,12.75
2026-05-23 08:00:00,pier-cap-1,Pier Cap 1,95.2791,12.75
2026-05-23 08:00:00,pier-cap-2,Pier Cap 2,94.9714,12.75
2026-05-23 09:00:00,beam-1a,Beam 1A,120.1959,14.33
2026-05-23 09:00:00,beam-1b,Beam 1B,120.1299,14.33
2026-05-23 09:00:00,beam-2a,Beam 2A,121.0302,14.33
2026-05-23 09:00:00,beam-2b,Beam 2B,120.6187,14.33
2026-05-23 09:00:00,beam-3a,Beam 3A,119.4048,14.33
2026-05-23 09:00:00,beam-3b,Beam 3B,118.8475,14.33
2026-05-23 09:00:00,pier-cap-1,Pier Cap 1,95.3863,14.33
2026-05-23 09:00:00,pier-cap-2,Pier Cap 2,95.7287,14.33
2026-05-23 10:00:00,beam-1a,Beam 1A,120.3332,15.34
2026-05-23 10:00:00,beam-1b,Beam 1B,119.9897,15.34
2026-05-23 10:00:00,beam-2a,Beam 2A,121.9977,15.34
2026-05-23 10:00:00,beam-2b,Beam 2B,121.3924,15.34
2026-05-23 10:00:00,beam-3a,Beam 3A,118.9133,15.34
2026-05-23 10:00:00,beam-3b,Beam 3B,118.9337,15.34
2026-05-23 10:00:00,pier-cap-1,Pier Cap 1,95.5715,15.34
2026-05-23 10:00:00,pier-cap-2,Pier Cap 2,95.7786,15.34
2026-05-23 11:00:00,beam-1a,Beam 1A,121.3772,17.94
2026-05-23 11:00:00,beam-1b,Beam 1B,120.9557,17.94
2026-05-23 11:00:00,beam-2a,Beam 2A,122.8269,17.94
2026-05-23 11:00:00,beam-2b,Beam 2B,122.0764,17.94
2026-05-23 11:00:00,beam-3a,Beam 3A,119.8842,17.94
2026-05-23 11:00:00,beam-3b,Beam 3B,120.2541,17.94
2026-05-23 11:00:00,pier-cap-1,Pier Cap 1,95.9062,17.94
2026-05-23 11:00:00,pier-cap-2,Pier Cap 2,96.4028,17.94
2026-05-23 12:00:00,beam-1a,Beam 1A,121.6567,18.95
2026-05-23 12:00:00,beam-1b,Beam 1B,120.9811,18.95
2026-05-23 12:00:00,beam-2a,Beam 2A,122.1874,18.95
2026-05-23 12:00:00,beam-2b,Beam 2B,121.8324,18.95
2026-05-23 12:00:00,beam-3a,Beam 3A,119.5687,18.95
2026-05-23 12:00:00,beam-3b,Beam 3B,119.7536,18.95
2026-05-23 12:00:00,pier-cap-1,Pier Cap 1,96.1145,18.95
2026-05-23 12:00:00,pier-cap-2,Pier Cap 2,96.6042,18.95
2026-05-23 13:00:00,beam-1a,Beam 1A,122.0734,20.81
2026-05-23 13:00:00,beam-1b,Beam 1B,120.7546,20.81
2026-05-23 13:00:00,beam-2a,Beam 2A,122.6754,20.81
2026-05-23 13:00:00,beam-2b,Beam 2B,121.7108,20.81
2026-05-23 13:00:00,beam-3a,Beam 3A,121.2158,20.81
2026-05-23 13:00:00,beam-3b,Beam 3B,120.3553,20.81
2026-05-23 13:00:00,pier-cap-1,Pier Cap 1,96.43,20.81
2026-05-23 13:00:00,pier-cap-2,Pier Cap 2,96.748,20.81
2026-05-23 14:00:00,beam-1a,Beam 1A,121.8176,20.75
2026-05-23 14:00:00,beam-1b,Beam 1B,120.6162,20.75
2026-05-23 14:00:00,beam-2a,Beam 2A,122.4398,20.75
2026-05-23 14:00:00,beam-2b,Beam 2B,121.7036,20.75
2026-05-23 14:00:00,beam-3a,Beam 3A,120.9258,20.75
2026-05-23 14:00:00,beam-3b,Beam 3B,119.9029,20.75
2026-05-23 14:00:00,pier-cap-1,Pier Cap 1,96.1795,20.75
2026-05-23 14:00:00,pier-cap-2,Pier Cap 2,96.7248,20.75
2026-05-23 15:00:00,beam-1a,Beam 1A,121.8075,20.98
2026-05-23 15:00:00,beam-1b,Beam 1B,121.4219,20.98
2026-05-23 15:00:00,beam-2a,Beam 2A,122.5576,20.98
2026-05-23 15:00:00,beam-2b,Beam 2B,122.6401,20.98
2026-05-23 15:00:00,beam-3a,Beam 3A,120.4447,20.98
2026-05-23 15:00:00,beam-3b,Beam 3B,120.3779,20.98
2026-05-23 15:00:00,pier-cap-1,Pier Cap 1,96.322,20.98
2026-05-23 15:00:00,pier-cap-2,Pier Cap 2,97.1167,20.98
2026-05-23 16:00:00,beam-1a,Beam 1A,121.6034,21.21
2026-05-23 16:00:00,beam-1b,Beam 1B,121.3655,21.21
2026-05-23 16:00:00,beam-2a,Beam 2A,123.4273,21.21
2026-05-23 16:00:00,beam-2b,Beam 2B,121.8385,21.21
2026-05-23 16:00:00,beam-3a,Beam 3A,120.2137,21.21
2026-05-23 16:00:00,beam-3b,Beam 3B,119.6711,21.21
2026-05-23 16:00:00,pier-cap-1,Pier Cap 1,96.855,21.21
2026-05-23 16:00:00,pier-cap-2,Pier Cap 2,96.9225,21.21
2026-05-23 17:00:00,beam-1a,Beam 1A,121.1809,20.6
2026-05-23 17:00:00,beam-1b,Beam 1B,120.801,20.6
2026-05-23 17:00:00,beam-2a,Beam 2A,122.2189,20.6
2026-05-23 17:00:00,beam-2b,Beam 2B,122.3774,20.6
2026-05-23 17:00:00,beam-3a,Beam 3A,120.1242,20.6
2026-05-23 17:00:00,beam-3b,Beam 3B,119.9029,20.6
2026-05-23 17:00:00,pier-cap-1,Pier Cap 1,96.2831,20.6
2026-05-23 17:00:00,pier-cap-2,Pier Cap 2,96.7529,20.6
2026-05-23 18:00:00,beam-1a,Beam 1A,120.7292,19.36
2026-05-23 18:00:00,beam-1b,Beam 1B,120.8214,19.36
2026-05-23 18:00:00,beam-2a,Beam 2A,121.9961,19.36
2026-05-23 18:00:00,beam-2b,Beam 2B,122.0187,19.36
2026-05-23 18:00:00,beam-3a,Beam 3A,120.7658,19.36
2026-05-23 18:00:00,beam-3b,Beam 3B,119.4064,19.36
2026-05-23 18:00:00,pier-cap-1,Pier Cap 1,96.0675,19.36
2026-05-23 18:00:00,pier-cap-2,Pier Cap 2,96.5991,19.36
2026-05-23 19:00:00,beam-1a,Beam 1A,120.0109,17.06
2026-05-23 19:00:00,beam-1b,Beam 1B,120.0638,17.06
2026-05-23 19:00:00,beam-2a,Beam 2A,122.5566,17.06
2026-05-23 19:00:00,beam-2b,Beam 2B,121.6631,17.06
2026-05-23 19:00:00,beam-3a,Beam 3A,121.3739,17.06
2026-05-23 19:00:00,beam-3b,Beam 3B,119.1799,17.06
2026-05-23 19:00:00,pier-cap-1,Pier Cap 1,95.7401,17.06
2026-05-23 19:00:00,pier-cap-2,Pier Cap 2,96.76,17.06
2026-05-23 20:00:00,beam-1a,Beam 1A,119.3887,16.26
2026-05-23 20:00:00,beam-1b,Beam 1B,119.6523,16.26
2026-05-23 20:00:00,beam-2a,Beam 2A,122.0023,16.26
2026-05-23 20:00:00,beam-2b,Beam 2B,121.5412,16.26
2026-05-23 20:00:00,beam-3a,Beam 3A,120.519,16.26
2026-05-23 20:00:00,beam-3b,Beam 3B,119.6776,16.26
2026-05-23 20:00:00,pier-cap-1,Pier Cap 1,95.524,16.26
2026-05-23 20:00:00,pier-cap-2,Pier Cap 2,96.1412,16.26
2026-05-23 21:00:00,beam-1a,Beam 1A,118.8881,13.82
2026-05-23 21:00:00,beam-1b,Beam 1B,118.5035,13.82
2026-05-23 21:00:00,beam-2a,Beam 2A,122.1125,13.82
2026-05-23 21:00:00,beam-2b,Beam 2B,120.4909,13.82
2026-05-23 21:00:00,beam-3a,Beam 3A,119.0646,13.82
2026-05-23 21:00:00,beam-3b,Beam 3B,118.5619,13.82
2026-05-23 21:00:00,pier-cap-1,Pier Cap 1,95.0927,13.82
2026-05-23 21:00:00,pier-cap-2,Pier Cap 2,95.569,13.82
2026-05-23 22:00:00,beam-1a,Beam 1A,118.8206,12.52
2026-05-23 22:00:00,beam-1b,Beam 1B,119.1253,12.52
2026-05-23 22:00:00,beam-2a,Beam 2A,120.8234,12.52
2026-05-23 22:00:00,beam-2b,Beam 2B,120.2134,12.52
2026-05-23 22:00:00,beam-3a,Beam 3A,118.8683,12.52
2026-05-23 22:00:00,beam-3b,Beam 3B,118.7798,12.52
2026-05-23 22:00:00,pier-cap-1,Pier Cap 1,95.0903,12.52
2026-05-23 22:00:00,pier-cap-2,Pier Cap 2,94.955,12.52
2026-05-23 23:00:00,beam-1a,Beam 1A,118.588,10.17
2026-05-23 23:00:00,beam-1b,Beam 1B,118.2912,10.17
2026-05-23 23:00:00,beam-2a,Beam 2A,120.5838,10.17
2026-05-23 23:00:00,beam-2b,Beam 2B,120.4192,10.17
2026-05-23 23:00:00,beam-3a,Beam 3A,118.4375,10.17
2026-05-23 23:00:00,beam-3b,Beam 3B,118.6126,10.17
2026-05-23 23:00:00,pier-cap-1,Pier Cap 1,94.5232,10.17
2026-05-23 23:00:00,pier-cap-2,Pier Cap 2,94.7447,10.17
2026-05-24 00:00:00,beam-1a,Beam 1A,118.8686,9.37
2026-05-24 00:00:00,beam-1b,Beam 1B,117.8292,9.37
2026-05-24 00:00:00,beam-2a,Beam 2A,120.1101,9.37
2026-05-24 00:00:00,beam-2b,Beam 2B,119.7226,9.37
2026-05-24 00:00:00,beam-3a,Beam 3A,118.0968,9.37
2026-05-24 00:00:00,beam-3b,Beam 3B,117.921,9.37
2026-05-24 00:00:00,pier-cap-1,Pier Cap 1,94.5121,9.37
2026-05-24 00:00:00,pier-cap-2,Pier Cap 2,94.9157,9.37
2026-05-24 01:00:00,beam-1a,Beam 1A,118.1144,7.76
2026-05-24 01:00:00,beam-1b,Beam 1B,117.4951,7.76
2026-05-24 01:00:00,beam-2a,Beam 2A,120.109,7.76
2026-05-24 01:00:00,beam-2b,Beam 2B,118.5516,7.76
2026-05-24 01:00:00,beam-3a,Beam 3A,118.0434,7.76
2026-05-24 01:00:00,beam-3b,Beam 3B,117.9719,7.76
2026-05-24 01:00:00,pier-cap-1,Pier Cap 1,94.0766,7.76
2026-05-24 01:00:00,pier-cap-2,Pier Cap 2,94.7812,7.76
2026-05-24 02:00:00,beam-1a,Beam 1A,118.3984,6.87
2026-05-24 02:00:00,beam-1b,Beam 1B,117.7371,6.87
2026-05-24 02:00:00,beam-2a,Beam 2A,119.164,6.87
2026-05-24 02:00:00,beam-2b,Beam 2B,119.7332,6.87
2026-05-24 02:00:00,beam-3a,Beam 3A,118.2951,6.87
2026-05-24 02:00:00,beam-3b,Beam 3B,117.6409,6.87
2026-05-24 02:00:00,pier-cap-1,Pier Cap 1,94.2127,6.87
2026-05-24 02:00:00,pier-cap-2,Pier Cap 2,94.5136,6.87
2026-05-24 03:00:00,beam-1a,Beam 1A,118.617,7.43
2026-05-24 03:00:00,beam-1b,Beam 1B,117.2543,7.43
2026-05-24 03:00:00,beam-2a,Beam 2A,120.2597,7.43
2026-05-24 03:00:00,beam-2b,Beam 2B,119.1712,7.43
2026-05-24 03:00:00,beam-3a,Beam 3A,118.3379,7.43
2026-05-24 03:00:00,beam-3b,Beam 3B,117.6022,7.43
2026-05-24 03:00:00,pier-cap-1,Pier Cap 1,94.4395,7.43
2026-05-24 03:00:00,pier-cap-2,Pier Cap 2,94.8696,7.43
2026-05-24 04:00:00,beam-1a,Beam 1A,118.3136,7.48
2026-05-24 04:00:00,beam-1b,Beam 1B,118.2395,7.48
2026-05-24 04:00:00,beam-2a,Beam 2A,120.125,7.48
2026-05-24 04:00:00,beam-2b,Beam 2B,119.7825,7.48
2026-05-24 04:00:00,beam-3a,Beam 3A,117.1311,7.48
2026-05-24 04:00:00,beam-3b,Beam 3B,117.8335,7.48
2026-05-24 04:00:00,pier-cap-1,Pier Cap 1,94.2081,7.48
2026-05-24 04:00:00,pier-cap-2,Pier Cap 2,94.6012,7.48
2026-05-24 05:00:00,beam-1a,Beam 1A,118.8244,7.84
2026-05-24 05:00:00,beam-1b,Beam 1B,117.8825,7.84
2026-05-24 05:00:00,beam-2a,Beam 2A,120.044,7.84
2026-05-24 05:00:00,beam-2b,Beam 2B,120.2242,7.84
2026-05-24 05:00:00,beam-3a,Beam 3A,117.5115,7.84
2026-05-24 05:00:00,beam-3b,Beam 3B,118.2827,7.84
2026-05-24 05:00:00,pier-cap-1,Pier Cap 1,93.7228,7.84
2026-05-24 05:00:00,pier-cap-2,Pier Cap 2,94.5509,7.84
2026-05-24 06:00:00,beam-1a,Beam 1A,119.0392,9.77
2026-05-24 06:00:00,beam-1b,Beam 1B,118.8542,9.77
2026-05-24 06:00:00,beam-2a,Beam 2A,120.2986,9.77
2026-05-24 06:00:00,beam-2b,Beam 2B,120.0614,9.77
2026-05-24 06:00:00,beam-3a,Beam 3A,118.7049,9.77
2026-05-24 06:00:00,beam-3b,Beam 3B,117.784,9.77
2026-05-24 06:00:00,pier-cap-1,Pier Cap 1,94.7932,9.77
2026-05-24 06:00:00,pier-cap-2,Pier Cap 2,95.2998,9.77
2026-05-24 07:00:00,beam-1a,Beam 1A,119.9312,10.47
2026-05-24 07:00:00,beam-1b,Beam 1B,118.8859,10.47
2026-05-24 07:00:00,beam-2a,Beam 2A,120.2354,10.47
2026-05-24 07:00:00,beam-2b,Beam 2B,120.5916,10.47
2026-05-24 07:00:00,beam-3a,Beam 3A,119.024,10.47
2026-05-24 07:00:00,beam-3b,Beam 3B,117.803,10.47
2026-05-24 07:00:00,pier-cap-1,Pier Cap 1,94.7561,10.47
2026-05-24 07:00:00,pier-cap-2,Pier Cap 2,95.6308,10.47
2026-05-24 08:00:00,beam-1a,Beam 1A,120.2035,12.34
2026-05-24 08:00:00,beam-1b,Beam 1B,119.4884,12.34
2026-05-24 08:00:00,beam-2a,Beam 2A,121.2599,12.34
2026-05-24 08:00:00,beam-2b,Beam 2B,120.6303,12.34
2026-05-24 08:00:00,beam-3a,Beam 3A,119.8635,12.34
2026-05-24 08:00:00,beam-3b,Beam 3B,118.1391,12.34
2026-05-24 08:00:00,pier-cap-1,Pier Cap 1,94.7036,12.34
2026-05-24 08:00:00,pier-cap-2,Pier Cap 2,95.1695,12.34
2026-05-24 09:00:00,beam-1a,Beam 1A,120.0573,14.25
2026-05-24 09:00:00,beam-1b,Beam 1B,119.8091,14.25
2026-05-24 09:00:00,beam-2a,Beam 2A,120.8817,14.25
2026-05-24 09:00:00,beam-2b,Beam 2B,121.5851,14.25
2026-05-24 09:00:00,beam-3a,Beam 3A,118.8649,14.25
2026-05-24 09:00:00,beam-3b,Beam 3B,119.2057,14.25
2026-05-24 09:00:00,pier-cap-1,Pier Cap 1,95.5196,14.25
2026-05-24 09:00:00,pier-cap-2,Pier Cap 2,95.8607,14.25
2026-05-24 10:00:00,beam-1a,Beam 1A,120.8924,15.71
2026-05-24 10:00:00,beam-1b,Beam 1B,120.3794,15.71
2026-05-24 10:00:00,beam-2a,Beam 2A,121.8461,15.71
2026-05-24 10:00:00,beam-2b,Beam 2B,120.8165,15.71
2026-05-24 10:00:00,beam-3a,Beam 3A,120.0868,15.71
2026-05-24 10:00:00,beam-3b,Beam 3B,119.5296,15.71
2026-05-24 10:00:00,pier-cap-1,Pier Cap 1,95.0865,15.71
2026-05-24 10:00:00,pier-cap-2,Pier Cap 2,95.4345,15.71
2026-05-24 11:00:00,beam-1a,Beam 1A,121.8543,17.83
2026-05-24 11:00:00,beam-1b,Beam 1B,121.5387,17.83
2026-05-24 11:00:00,beam-2a,Beam 2A,122.8961,17.83
2026-05-24 11:00:00,beam-2b,Beam 2B,121.663,17.83
2026-05-24 11:00:00,beam-3a,Beam 3A,119.1297,17.83
2026-05-24 11:00:00,beam-3b,Beam 3B,119.35,17.83
2026-05-24 11:00:00,pier-cap-1,Pier Cap 1,96.1383,17.83
2026-05-24 11:00:00,pier-cap-2,Pier Cap 2,95.8824,17.83
2026-05-24 12:00:00,beam-1a,Beam 1A,121.4371,18.88
2026-05-24 12:00:00,beam-1b,Beam 1B,121.5853,18.88
2026-05-24 12:00:00,beam-2a,Beam 2A,122.8701,18.88
2026-05-24 12:00:00,beam-2b,Beam 2B,122.1451,18.88
2026-05-24 12:00:00,beam-3a,Beam 3A,119.5319,18.88
2026-05-24 12:00:00,beam-3b,Beam 3B,118.9895,18.88
2026-05-24 12:00:00,pier-cap-1,Pier Cap 1,95.9647,18.88
2026-05-24 12:00:00,pier-cap-2,Pier Cap 2,96.3053,18.88
2026-05-24 13:00:00,beam-1a,Beam 1A,121.8325,20.04
2026-05-24 13:00:00,beam-1b,Beam 1B,121.3999,20.04
2026-05-24 13:00:00,beam-2a,Beam 2A,121.906,20.04
2026-05-24 13:00:00,beam-2b,Beam 2B,122.0319,20.04
2026-05-24 13:00:00,beam-3a,Beam 3A,120.8179,20.04
2026-05-24 13:00:00,beam-3b,Beam 3B,119.7215,20.04
2026-05-24 13:00:00,pier-cap-1,Pier Cap 1,95.4754,20.04
2026-05-24 13:00:00,pier-cap-2,Pier Cap 2,96.9965,20.04
2026-05-24 14:00:00,beam-1a,Beam 1A,122.052,21.45
2026-05-24 14:00:00,beam-1b,Beam 1B,121.4521,21.45
2026-05-24 14:00:00,beam-2a,Beam 2A,122.5752,21.45
2026-05-24 14:00:00,beam-2b,Beam 2B,122.8508,21.45
2026-05-24 14:00:00,beam-3a,Beam 3A,120.7108,21.45
2026-05-24 14:00:00,beam-3b,Beam 3B,120.4172,21.45
2026-05-24 14:00:00,pier-cap-1,Pier Cap 1,96.4209,21.45
2026-05-24 14:00:00,pier-cap-2,Pier Cap 2,96.6338,21.45
2026-05-24 15:00:00,beam-1a,Beam 1A,121.2444,20.73
2026-05-24 15:00:00,beam-1b,Beam 1B,121.5027,20.73
2026-05-24 15:00:00,beam-2a,Beam 2A,122.8139,20.73
2026-05-24 15:00:00,beam-2b,Beam 2B,122.0725,20.73
2026-05-24 15:00:00,beam-3a,Beam 3A,120.5833,20.73
2026-05-24 15:00:00,beam-3b,Beam 3B,120.0647,20.73
2026-05-24 15:00:00,pier-cap-1,Pier Cap 1,96.1372,20.73
2026-05-24 15:00:00,pier-cap-2,Pier Cap 2,96.5142,20.73
2026-05-24 16:00:00,beam-1a,Beam 1A,121.4853,19.94
2026-05-24 16:00:00,beam-1b,Beam 1B,121.3021,19.94
2026-05-24 16:00:00,beam-2a,Beam 2A,122.4598,19.94
2026-05-24 16:00:00,beam-2b,Beam 2B,122.9156,19.94
2026-05-24 16:00:00,beam-3a,Beam 3A,120.0468,19.94
2026-05-24 16:00:00,beam-3b,Beam 3B,120.0016,19.94
2026-05-24 16:00:00,pier-cap-1,Pier Cap 1,95.9738,19.94
2026-05-24 16:00:00,pier-cap-2,Pier Cap 2,96.6517,19.94
2026-05-24 17:00:00,beam-1a,Beam 1A,120.7802,20.85
2026-05-24 17:00:00,beam-1b,Beam 1B,120.5776,20.85
2026-05-24 17:00:00,beam-2a,Beam 2A,122.1101,20.85
2026-05-24 17:00:00,beam-2b,Beam 2B,123.1188,20.85
2026-05-24 17:00:00,beam-3a,Beam 3A,120.1778,20.85
2026-05-24 17:00:00,beam-3b,Beam 3B,119.9282,20.85
2026-05-24 17:00:00,pier-cap-1,Pier Cap 1,96.0561,20.85
2026-05-24 17:00:00,pier-cap-2,Pier Cap 2,96.7886,20.85
2026-05-24 18:00:00,beam-1a,Beam 1A,120.6923,20.11
2026-05-24 18:00:00,beam-1b,Beam 1B,120.4842,20.11
2026-05-24 18:00:00,beam-2a,Beam 2A,122.6766,20.11
2026-05-24 18:00:00,beam-2b,Beam 2B,122.2353,20.11
2026-05-24 18:00:00,beam-3a,Beam 3A,120.189,20.11
2026-05-24 18:00:00,beam-3b,Beam 3B,120.3263,20.11
2026-05-24 18:00:00,pier-cap-1,Pier Cap 1,96.1287,20.11
2026-05-24 18:00:00,pier-cap-2,Pier Cap 2,96.4313,20.11
2026-05-24 19:00:00,beam-1a,Beam 1A,120.6264,17.48
2026-05-24 19:00:00,beam-1b,Beam 1B,119.2122,17.48
2026-05-24 19:00:00,beam-2a,Beam 2A,121.9922,17.48
2026-05-24 19:00:00,beam-2b,Beam 2B,121.8172,17.48
2026-05-24 19:00:00,beam-3a,Beam 3A,120.5137,17.48
2026-05-24 19:00:00,beam-3b,Beam 3B,119.5915,17.48
2026-05-24 19:00:00,pier-cap-1,Pier Cap 1,95.6266,17.48
2026-05-24 19:00:00,pier-cap-2,Pier Cap 2,96.868,17.48
2026-05-24 20:00:00,beam-1a,Beam 1A,119.7936,15.18
2026-05-24 20:00:00,beam-1b,Beam 1B,119.6618,15.18
2026-05-24 20:00:00,beam-2a,Beam 2A,122.3017,15.18
2026-05-24 20:00:00,beam-2b,Beam 2B,121.6127,15.18
2026-05-24 20:00:00,beam-3a,Beam 3A,119.8157,15.18
2026-05-24 20:00:00,beam-3b,Beam 3B,119.2395,15.18
2026-05-24 20:00:00,pier-cap-1,Pier Cap 1,94.87,15.18
2026-05-24 20:00:00,pier-cap-2,Pier Cap 2,95.8474,15.18
2026-05-24 21:00:00,beam-1a,Beam 1A,119.1848,14.02
2026-05-24 21:00:00,beam-1b,Beam 1B,119.6141,14.02
2026-05-24 21:00:00,beam-2a,Beam 2A,121.2025,14.02
2026-05-24 21:00:00,beam-2b,Beam 2B,120.4289,14.02
2026-05-24 21:00:00,beam-3a,Beam 3A,119.7161,14.02
2026-05-24 21:00:00,beam-3b,Beam 3B,118.8692,14.02
2026-05-24 21:00:00,pier-cap-1,Pier Cap 1,95.6344,14.02
2026-05-24 21:00:00,pier-cap-2,Pier Cap 2,95.7869,14.02
2026-05-24 22:00:00,beam-1a,Beam 1A,119.0149,12.22
2026-05-24 22:00:00,beam-1b,Beam 1B,118.4867,12.22
2026-05-24 22:00:00,beam-2a,Beam 2A,121.4106,12.22
2026-05-24 22:00:00,beam-2b,Beam 2B,120.0185,12.22
2026-05-24 22:00:00,beam-3a,Beam 3A,118.5471,12.22
2026-05-24 22:00:00,beam-3b,Beam 3B,118.6547,12.22
2026-05-24 22:00:00,pier-cap-1,Pier Cap 1,94.9092,12.22
2026-05-24 22:00:00,pier-cap-2,Pier Cap 2,95.362,12.22
2026-05-24 23:00:00,beam-1a,Beam 1A,118.4761,10.57
2026-05-24 23:00:00,beam-1b,Beam 1B,117.3533,10.57
2026-05-24 23:00:00,beam-2a,Beam 2A,120.1066,10.57
2026-05-24 23:00:00,beam-2b,Beam 2B,120.716,10.57
2026-05-24 23:00:00,beam-3a,Beam 3A,117.96,10.57
2026-05-24 23:00:00,beam-3b,Beam 3B,118.3182,10.57
2026-05-24 23:00:00,pier-cap-1,Pier Cap 1,94.5155,10.57
2026-05-24 23:00:00,pier-cap-2,Pier Cap 2,95.367,10.57
2026-05-25 00:00:00,beam-1a,Beam 1A,118.065,8.49
2026-05-25 00:00:00,beam-1b,Beam 1B,117.8737,8.49
2026-05-25 00:00:00,beam-2a,Beam 2A,119.787,8.49
2026-05-25 00:00:00,beam-2b,Beam 2B,119.9078,8.49
2026-05-25 00:00:00,beam-3a,Beam 3A,117.6926,8.49
2026-05-25 00:00:00,beam-3b,Beam 3B,117.4384,8.49
2026-05-25 00:00:00,pier-cap-1,Pier Cap 1,94.0851,8.49
2026-05-25 00:00:00,pier-cap-2,Pier Cap 2,95.2941,8.49
2026-05-25 01:00:00,beam-1a,Beam 1A,118.2212,8.06
2026-05-25 01:00:00,beam-1b,Beam 1B,117.2749,8.06
2026-05-25 01:00:00,beam-2a,Beam 2A,120.3998,8.06
2026-05-25 01:00:00,beam-2b,Beam 2B,119.6205,8.06
2026-05-25 01:00:00,beam-3a,Beam 3A,118.5213,8.06
2026-05-25 01:00:00,beam-3b,Beam 3B,117.8111,8.06
2026-05-25 01:00:00,pier-cap-1,Pier Cap 1,94.5896,8.06
2026-05-25 01:00:00,pier-cap-2,Pier Cap 2,95.3574,8.06
2026-05-25 02:00:00,beam-1a,Beam 1A,117.687,7.33
2026-05-25 02:00:00,beam-1b,Beam 1B,117.3094,7.33
2026-05-25 02:00:00,beam-2a,Beam 2A,120.4004,7.33
2026-05-25 02:00:00,beam-2b,Beam 2B,119.5713,7.33
2026-05-25 02:00:00,beam-3a,Beam 3A,118.002,7.33
2026-05-25 02:00:00,beam-3b,Beam 3B,117.8205,7.33
2026-05-25 02:00:00,pier-cap-1,Pier Cap 1,93.8606,7.33
2026-05-25 02:00:00,pier-cap-2,Pier Cap 2,94.5215,7.33
2026-05-25 03:00:00,beam-1a,Beam 1A,117.8863,6.29
2026-05-25 03:00:00,beam-1b,Beam 1B,117.6915,6.29
2026-05-25 03:00:00,beam-2a,Beam 2A,119.3747,6.29
2026-05-25 03:00:00,beam-2b,Beam 2B,118.4032,6.29
2026-05-25 03:00:00,beam-3a,Beam 3A,117.396,6.29
2026-05-25 03:00:00,beam-3b,Beam 3B,117.7491,6.29
2026-05-25 03:00:00,pier-cap-1,Pier Cap 1,94.1334,6.29
2026-05-25 03:00:00,pier-cap-2,Pier Cap 2,94.9235,6.29
2026-05-25 04:00:00,beam-1a,Beam 1A,118.083,7.4
2026-05-25 04:00:00,beam-1b,Beam 1B,117.8814,7.4
2026-05-25 04:00:00,beam-2a,Beam 2A,119.9905,7.4
2026-05-25 04:00:00,beam-2b,Beam 2B,119.5046,7.4
2026-05-25 04:00:00,beam-3a,Beam 3A,117.8854,7.4
2026-05-25 04:00:00,beam-3b,Beam 3B,117.7024,7.4
2026-05-25 04:00:00,pier-cap-1,Pier Cap 1,94.0855,7.4
2026-05-25 04:00:00,pier-cap-2,Pier Cap 2,94.9255,7.4
2026-05-25 05:00:00,beam-1a,Beam 1A,118.0269,8.64
2026-05-25 05:00:00,beam-1b,Beam 1B,118.011,8.64
2026-05-25 05:00:00,beam-2a,Beam 2A,119.6763,8.64
2026-05-25 05:00:00,beam-2b,Beam 2B,119.5278,8.64
2026-05-25 05:00:00,beam-3a,Beam 3A,117.3151,8.64
2026-05-25 05:00:00,beam-3b,Beam 3B,117.4547,8.64
2026-05-25 05:00:00,pier-cap-1,Pier Cap 1,94.2891,8.64
2026-05-25 05:00:00,pier-cap-2,Pier Cap 2,95.2391,8.64
2026-05-25 06:00:00,beam-1a,Beam 1A,118.5171,9.01
2026-05-25 06:00:00,beam-1b,Beam 1B,118.2119,9.01
2026-05-25 06:00:00,beam-2a,Beam 2A,120.2285,9.01
2026-05-25 06:00:00,beam-2b,Beam 2B,120.2682,9.01
2026-05-25 06:00:00,beam-3a,Beam 3A,118.8827,9.01
2026-05-25 06:00:00,beam-3b,Beam 3B,117.577,9.01
2026-05-25 06:00:00,pier-cap-1,Pier Cap 1,94.1697,9.01
2026-05-25 06:00:00,pier-cap-2,Pier Cap 2,94.9732,9.01
2026-05-25 07:00:00,beam-1a,Beam 1A,119.7968,10.25
2026-05-25 07:00:00,beam-1b,Beam 1B,118.8919,10.25
2026-05-25 07:00:00,beam-2a,Beam 2A,120.885,10.25
2026-05-25 07:00:00,beam-2b,Beam 2B,120.5482,10.25
2026-05-25 07:00:00,beam-3a,Beam 3A,119.0647,10.25
2026-05-25 07:00:00,beam-3b,Beam 3B,117.9454,10.25
2026-05-25 07:00:00,pier-cap-1,Pier Cap 1,94.5016,10.25
2026-05-25 07:00:00,pier-cap-2,Pier Cap 2,95.1315,10.25
2026-05-25 08:00:00,beam-1a,Beam 1A,119.8518,12.02
2026-05-25 08:00:00,beam-1b,Beam 1B,119.1738,12.02
2026-05-25 08:00:00,beam-2a,Beam 2A,120.7295,12.02
2026-05-25 08:00:00,beam-2b,Beam 2B,120.7342,12.02
2026-05-25 08:00:00,beam-3a,Beam 3A,119.3308,12.02
2026-05-25 08:00:00,beam-3b,Beam 3B,118.4996,12.02
2026-05-25 08:00:00,pier-cap-1,Pier Cap 1,94.9553,12.02
2026-05-25 08:00:00,pier-cap-2,Pier Cap 2,95.7333,12.02
2026-05-25 09:00:00,beam-1a,Beam 1A,119.7516,14.13
2026-05-25 09:00:00,beam-1b,Beam 1B,119.4267,14.13
2026-05-25 09:00:00,beam-2a,Beam 2A,121.2268,14.13
2026-05-25 09:00:00,beam-2b,Beam 2B,121.0846,14.13
2026-05-25 09:00:00,beam-3a,Beam 3A,119.0042,14.13
2026-05-25 09:00:00,beam-3b,Beam 3B,118.7923,14.13
2026-05-25 09:00:00,pier-cap-1,Pier Cap 1,95.3404,14.13
2026-05-25 09:00:00,pier-cap-2,Pier Cap 2,96.0562,14.13
2026-05-25 10:00:00,beam-1a,Beam 1A,119.9107,15.01
2026-05-25 10:00:00,beam-1b,Beam 1B,119.9334,15.01
2026-05-25 10:00:00,beam-2a,Beam 2A,121.0492,15.01
2026-05-25 10:00:00,beam-2b,Beam 2B,120.5021,15.01
2026-05-25 10:00:00,beam-3a,Beam 3A,119.4174,15.01
2026-05-25 10:00:00,beam-3b,Beam 3B,118.6077,15.01
2026-05-25 10:00:00,pier-cap-1,Pier Cap 1,95.1651,15.01
2026-05-25 10:00:00,pier-cap-2,Pier Cap 2,96.3705,15.01
2026-05-25 11:00:00,beam-1a,Beam 1A,120.9074,17.45
2026-05-25 11:00:00,beam-1b,Beam 1B,120.6655,17.45
2026-05-25 11:00:00,beam-2a,Beam 2A,121.731,17.45
2026-05-25 11:00:00,beam-2b,Beam 2B,121.8266,17.45
2026-05-25 11:00:00,beam-3a,Beam 3A,119.6145,17.45
2026-05-25 11:00:00,beam-3b,Beam 3B,119.0704,17.45
2026-05-25 11:00:00,pier-cap-1,Pier Cap 1,95.7405,17.45
2026-05-25 11:00:00,pier-cap-2,Pier Cap 2,96.3273,17.45
2026-05-25 12:00:00,beam-1a,Beam 1A,121.7179,18.68
2026-05-25 12:00:00,beam-1b,Beam 1B,120.7091,18.68
2026-05-25 12:00:00,beam-2a,Beam 2A,122.9392,18.68
2026-05-25 12:00:00,beam-2b,Beam 2B,122.0877,18.68
2026-05-25 12:00:00,beam-3a,Beam 3A,119.994,18.68
2026-05-25 12:00:00,beam-3b,Beam 3B,118.9646,18.68
2026-05-25 12:00:00,pier-cap-1,Pier Cap 1,96.2185,18.68
2026-05-25 12:00:00,pier-cap-2,Pier Cap 2,96.4199,18.68
2026-05-25 13:00:00,beam-1a,Beam 1A,121.4319,20.69
2026-05-25 13:00:00,beam-1b,Beam 1B,120.6026,20.69
2026-05-25 13:00:00,beam-2a,Beam 2A,122.6666,20.69
2026-05-25 13:00:00,beam-2b,Beam 2B,122.7355,20.69
2026-05-25 13:00:00,beam-3a,Beam 3A,121.0717,20.69
2026-05-25 13:00:00,beam-3b,Beam 3B,118.9888,20.69
2026-05-25 13:00:00,pier-cap-1,Pier Cap 1,95.7543,20.69
2026-05-25 13:00:00,pier-cap-2,Pier Cap 2,96.0151,20.69
2026-05-25 14:00:00,beam-1a,Beam 1A,121.8438,20.58
2026-05-25 14:00:00,beam-1b,Beam 1B,121.3325,20.58
2026-05-25 14:00:00,beam-2a,Beam 2A,122.2146,20.58
2026-05-25 14:00:00,beam-2b,Beam 2B,123.0628,20.58
2026-05-25 14:00:00,beam-3a,Beam 3A,120.3937,20.58
2026-05-25 14:00:00,beam-3b,Beam 3B,120.0137,20.58
2026-05-25 14:00:00,pier-cap-1,Pier Cap 1,96.2348,20.58
2026-05-25 14:00:00,pier-cap-2,Pier Cap 2,96.2533,20.58
2026-05-25 15:00:00,beam-1a,Beam 1A,121.5672,21.55
2026-05-25 15:00:00,beam-1b,Beam 1B,120.0854,21.55
2026-05-25 15:00:00,beam-2a,Beam 2A,122.6847,21.55
2026-05-25 15:00:00,beam-2b,Beam 2B,121.7336,21.55
2026-05-25 15:00:00,beam-3a,Beam 3A,120.2115,21.55
2026-05-25 15:00:00,beam-3b,Beam 3B,121.0572,21.55
2026-05-25 15:00:00,pier-cap-1,Pier Cap 1,96.0977,21.55
2026-05-25 15:00:00,pier-cap-2,Pier Cap 2,96.7647,21.55
2026-05-25 16:00:00,beam-1a,Beam 1A,121.202,20.21
2026-05-25 16:00:00,beam-1b,Beam 1B,120.4808,20.21
2026-05-25 16:00:00,beam-2a,Beam 2A,121.9022,20.21
2026-05-25 16:00:00,beam-2b,Beam 2B,121.9858,20.21
2026-05-25 16:00:00,beam-3a,Beam 3A,119.7508,20.21
2026-05-25 16:00:00,beam-3b,Beam 3B,120.618,20.21
2026-05-25 16:00:00,pier-cap-1,Pier Cap 1,95.8651,20.21
2026-05-25 16:00:00,pier-cap-2,Pier Cap 2,96.3506,20.21
2026-05-25 17:00:00,beam-1a,Beam 1A,120.393,20.18
2026-05-25 17:00:00,beam-1b,Beam 1B,120.2434,20.18
2026-05-25 17:00:00,beam-2a,Beam 2A,122.1309,20.18
2026-05-25 17:00:00,beam-2b,Beam 2B,121.8397,20.18
2026-05-25 17:00:00,beam-3a,Beam 3A,120.2617,20.18
2026-05-25 17:00:00,beam-3b,Beam 3B,119.6424,20.18
2026-05-25 17:00:00,pier-cap-1,Pier Cap 1,96.2558,20.18
2026-05-25 17:00:00,pier-cap-2,Pier Cap 2,96.9217,20.18
2026-05-25 18:00:00,beam-1a,Beam 1A,120.7883,18.96
2026-05-25 18:00:00,beam-1b,Beam 1B,120.1121,18.96
2026-05-25 18:00:00,beam-2a,Beam 2A,122.8368,18.96
2026-05-25 18:00:00,beam-2b,Beam 2B,121.9617,18.96
2026-05-25 18:00:00,beam-3a,Beam 3A,120.2944,18.96
2026-05-25 18:00:00,beam-3b,Beam 3B,119.8055,18.96
2026-05-25 18:00:00,pier-cap-1,Pier Cap 1,95.8309,18.96
2026-05-25 18:00:00,pier-cap-2,Pier Cap 2,96.1015,18.96
2026-05-25 19:00:00,beam-1a,Beam 1A,119.7846,17.04
2026-05-25 19:00:00,beam-1b,Beam 1B,119.6984,17.04
2026-05-25 19:00:00,beam-2a,Beam 2A,121.8507,17.04
2026-05-25 19:00:00,beam-2b,Beam 2B,121.513,17.04
2026-05-25 19:00:00,beam-3a,Beam 3A,120.6857,17.04
2026-05-25 19:00:00,beam-3b,Beam 3B,118.8747,17.04
2026-05-25 19:00:00,pier-cap-1,Pier Cap 1,95.3407,17.04
2026-05-25 19:00:00,pier-cap-2,Pier Cap 2,96.0554,17.04
2026-05-25 20:00:00,beam-1a,Beam 1A,119.7581,15.77
2026-05-25 20:00:00,beam-1b,Beam 1B,119.4504,15.77
2026-05-25 20:00:00,beam-2a,Beam 2A,122.41,15.77
2026-05-25 20:00:00,beam-2b,Beam 2B,121.1601,15.77
2026-05-25 20:00:00,beam-3a,Beam 3A,119.757,15.77
2026-05-25 20:00:00,beam-3b,Beam 3B,118.6868,15.77
2026-05-25 20:00:00,pier-cap-1,Pier Cap 1,95.9126,15.77
2026-05-25 20:00:00,pier-cap-2,Pier Cap 2,95.8767,15.77
2026-05-25 21:00:00,beam-1a,Beam 1A,118.7951,14.37
2026-05-25 21:00:00,beam-1b,Beam 1B,118.4307,14.37
2026-05-25 21:00:00,beam-2a,Beam 2A,121.3361,14.37
2026-05-25 21:00:00,beam-2b,Beam 2B,121.3852,14.37
2026-05-25 21:00:00,beam-3a,Beam 3A,119.6279,14.37
2026-05-25 21:00:00,beam-3b,Beam 3B,118.4614,14.37
2026-05-25 21:00:00,pier-cap-1,Pier Cap 1,95.5817,14.37
2026-05-25 21:00:00,pier-cap-2,Pier Cap 2,96.1671,14.37
2026-05-25 22:00:00,beam-1a,Beam 1A,118.5906,11.94
2026-05-25 22:00:00,beam-1b,Beam 1B,118.3339,11.94
2026-05-25 22:00:00,beam-2a,Beam 2A,120.8746,11.94
2026-05-25 22:00:00,beam-2b,Beam 2B,120.0484,11.94
2026-05-25 22:00:00,beam-3a,Beam 3A,118.5383,11.94
2026-05-25 22:00:00,beam-3b,Beam 3B,118.3406,11.94
2026-05-25 22:00:00,pier-cap-1,Pier Cap 1,94.362,11.94
2026-05-25 22:00:00,pier-cap-2,Pier Cap 2,95.2592,11.94
2026-05-25 23:00:00,beam-1a,Beam 1A,118.1377,9.71
2026-05-25 23:00:00,beam-1b,Beam 1B,117.683,9.71
2026-05-25 23:00:00,beam-2a,Beam 2A,120.6982,9.71
2026-05-25 23:00:00,beam-2b,Beam 2B,119.6254,9.71
2026-05-25 23:00:00,beam-3a,Beam 3A,117.8242,9.71
2026-05-25 23:00:00,beam-3b,Beam 3B,117.9309,9.71
2026-05-25 23:00:00,pier-cap-1,Pier Cap 1,94.164,9.71
2026-05-25 23:00:00,pier-cap-2,Pier Cap 2,95.2421,9.71
2026-05-26 00:00:00,beam-1a,Beam 1A,117.7368,8.72
2026-05-26 00:00:00,beam-1b,Beam 1B,116.7917,8.72
2026-05-26 00:00:00,beam-2a,Beam 2A,119.1745,8.72
2026-05-26 00:00:00,beam-2b,Beam 2B,119.4339,8.72
2026-05-26 00:00:00,beam-3a,Beam 3A,118.4913,8.72
2026-05-26 00:00:00,beam-3b,Beam 3B,117.8948,8.72
2026-05-26 00:00:00,pier-cap-1,Pier Cap 1,94.6357,8.72
2026-05-26 00:00:00,pier-cap-2,Pier Cap 2,95.0164,8.72
2026-05-26 01:00:00,beam-1a,Beam 1A,117.7002,7.25
2026-05-26 01:00:00,beam-1b,Beam 1B,117.8238,7.25
2026-05-26 01:00:00,beam-2a,Beam 2A,120.0323,7.25
2026-05-26 01:00:00,beam-2b,Beam 2B,119.4062,7.25
2026-05-26 01:00:00,beam-3a,Beam 3A,118.4461,7.25
2026-05-26 01:00:00,beam-3b,Beam 3B,117.7599,7.25
2026-05-26 01:00:00,pier-cap-1,Pier Cap 1,94.1523,7.25
2026-05-26 01:00:00,pier-cap-2,Pier Cap 2,95.0087,7.25
2026-05-26 02:00:00,beam-1a,Beam 1A,117.4358,6.78
2026-05-26 02:00:00,beam-1b,Beam 1B,116.6254,6.78
2026-05-26 02:00:00,beam-2a,Beam 2A,119.8357,6.78
2026-05-26 02:00:00,beam-2b,Beam 2B,118.9638,6.78
2026-05-26 02:00:00,beam-3a,Beam 3A,118.1604,6.78
2026-05-26 02:00:00,beam-3b,Beam 3B,117.3196,6.78
2026-05-26 02:00:00,pier-cap-1,Pier Cap 1,94.6166,6.78
2026-05-26 02:00:00,pier-cap-2,Pier Cap 2,94.9215,6.78
2026-05-26 03:00:00,beam-1a,Beam 1A,117.3687,6.64
2026-05-26 03:00:00,beam-1b,Beam 1B,117.3426,6.64
2026-05-26 03:00:00,beam-2a,Beam 2A,120.4228,6.64
2026-05-26 03:00:00,beam-2b,Beam 2B,119.409,6.64
2026-05-26 03:00:00,beam-3a,Beam 3A,117.9804,6.64
2026-05-26 03:00:00,beam-3b,Beam 3B,117.4247,6.64
2026-05-26 03:00:00,pier-cap-1,Pier Cap 1,94.3312,6.64
2026-05-26 03:00:00,pier-cap-2,Pier Cap 2,94.6363,6.64
2026-05-26 04:00:00,beam-1a,Beam 1A,118.2445,6.23
2026-05-26 04:00:00,beam-1b,Beam 1B,117.4191,6.23
2026-05-26 04:00:00,beam-2a,Beam 2A,120.1321,6.23
2026-05-26 04:00:00,beam-2b,Beam 2B,119.28,6.23
2026-05-26 04:00:00,beam-3a,Beam 3A,117.4521,6.23
2026-05-26 04:00:00,beam-3b,Beam 3B,116.951,6.23
2026-05-26 04:00:00,pier-cap-1,Pier Cap 1,94.1745,6.23
2026-05-26 04:00:00,pier-cap-2,Pier Cap 2,94.0758,6.23
2026-05-26 05:00:00,beam-1a,Beam 1A,118.3152,6.97
2026-05-26 05:00:00,beam-1b,Beam 1B,117.6446,6.97
2026-05-26 05:00:00,beam-2a,Beam 2A,119.4398,6.97
2026-05-26 05:00:00,beam-2b,Beam 2B,119.1786,6.97
2026-05-26 05:00:00,beam-3a,Beam 3A,117.5842,6.97
2026-05-26 05:00:00,beam-3b,Beam 3B,117.003,6.97
2026-05-26 05:00:00,pier-cap-1,Pier Cap 1,93.8884,6.97
2026-05-26 05:00:00,pier-cap-2,Pier Cap 2,94.6254,6.97
2026-05-26 06:00:00,beam-1a,Beam 1A,118.1808,8.92
2026-05-26 06:00:00,beam-1b,Beam 1B,117.874,8.92
2026-05-26 06:00:00,beam-2a,Beam 2A,120.7804,8.92
2026-05-26 06:00:00,beam-2b,Beam 2B,120.2331,8.92
2026-05-26 06:00:00,beam-3a,Beam 3A,118.2575,8.92
2026-05-26 06:00:00,beam-3b,Beam 3B,117.3197,8.92
2026-05-26 06:00:00,pier-cap-1,Pier Cap 1,94.6351,8.92
2026-05-26 06:00:00,pier-cap-2,Pier Cap 2,94.9817,8.92
2026-05-26 07:00:00,beam-1a,Beam 1A,118.9997,9.97
2026-05-26 07:00:00,beam-1b,Beam 1B,118.6903,9.97
2026-05-26 07:00:00,beam-2a,Beam 2A,120.3882,9.97
2026-05-26 07:00:00,beam-2b,Beam 2B,120.0693,9.97
2026-05-26 07:00:00,beam-3a,Beam 3A,118.5382,9.97
2026-05-26 07:00:00,beam-3b,Beam 3B,118.2707,9.97
2026-05-26 07:00:00,pier-cap-1,Pier Cap 1,94.2621,9.97
2026-05-26 07:00:00,pier-cap-2,Pier Cap 2,95.2306,9.97
2026-05-26 08:00:00,beam-1a,Beam 1A,118.8513,10.84
2026-05-26 08:00:00,beam-1b,Beam 1B,118.1651,10.84
2026-05-26 08:00:00,beam-2a,Beam 2A,120.3056,10.84
2026-05-26 08:00:00,beam-2b,Beam 2B,120.6925,10.84
2026-05-26 08:00:00,beam-3a,Beam 3A,119.1884,10.84
2026-05-26 08:00:00,beam-3b,Beam 3B,118.0908,10.84
2026-05-26 08:00:00,pier-cap-1,Pier Cap 1,95.1671,10.84
2026-05-26 08:00:00,pier-cap-2,Pier Cap 2,95.0543,10.84
2026-05-26 09:00:00,beam-1a,Beam 1A,119.3933,13.99
2026-05-26 09:00:00,beam-1b,Beam 1B,119.3849,13.99
2026-05-26 09:00:00,beam-2a,Beam 2A,121.3766,13.99
2026-05-26 09:00:00,beam-2b,Beam 2B,120.8197,13.99
2026-05-26 09:00:00,beam-3a,Beam 3A,119.0881,13.99
2026-05-26 09:00:00,beam-3b,Beam 3B,118.1529,13.99
2026-05-26 09:00:00,pier-cap-1,Pier Cap 1,95.3749,13.99
2026-05-26 09:00:00,pier-cap-2,Pier Cap 2,96.0906,13.99
2026-05-26 10:00:00,beam-1a,Beam 1A,120.5612,15.6
2026-05-26 10:00:00,beam-1b,Beam 1B,119.602,15.6
2026-05-26 10:00:00,beam-2a,Beam 2A,121.538,15.6
2026-05-26 10:00:00,beam-2b,Beam 2B,121.2094,15.6
2026-05-26 10:00:00,beam-3a,Beam 3A,118.9245,15.6
2026-05-26 10:00:00,beam-3b,Beam 3B,119.091,15.6
2026-05-26 10:00:00,pier-cap-1,Pier Cap 1,95.2419,15.6
2026-05-26 10:00:00,pier-cap-2,Pier Cap 2,95.9934,15.6
2026-05-26 11:00:00,beam-1a,Beam 1A,119.8812,16.89
2026-05-26 11:00:00,beam-1b,Beam 1B,119.8406,16.89
2026-05-26 11:00:00,beam-2a,Beam 2A,122.4932,16.89
2026-05-26 11:00:00,beam-2b,Beam 2B,121.2527,16.89
2026-05-26 11:00:00,beam-3a,Beam 3A,119.444,16.89
2026-05-26 11:00:00,beam-3b,Beam 3B,118.9218,16.89
2026-05-26 11:00:00,pier-cap-1,Pier Cap 1,95.9248,16.89
2026-05-26 11:00:00,pier-cap-2,Pier Cap 2,95.9072,16.89
2026-05-26 12:00:00,beam-1a,Beam 1A,121.0241,18.1
2026-05-26 12:00:00,beam-1b,Beam 1B,120.4497,18.1
2026-05-26 12:00:00,beam-2a,Beam 2A,122.2558,18.1
2026-05-26 12:00:00,beam-2b,Beam 2B,121.7167,18.1
2026-05-26 12:00:00,beam-3a,Beam 3A,120.4105,18.1
2026-05-26 12:00:00,beam-3b,Beam 3B,120.1697,18.1
2026-05-26 12:00:00,pier-cap-1,Pier Cap 1,96.5371,18.1
2026-05-26 12:00:00,pier-cap-2,Pier Cap 2,96.2272,18.1
2026-05-26 13:00:00,beam-1a,Beam 1A,120.9085,20.07
2026-05-26 13:00:00,beam-1b,Beam 1B,120.974,20.07
2026-05-26 13:00:00,beam-2a,Beam 2A,122.5965,20.07
2026-05-26 13:00:00,beam-2b,Beam 2B,122.3991,20.07
2026-05-26 13:00:00,beam-3a,Beam 3A,120.9901,20.07
2026-05-26 13:00:00,beam-3b,Beam 3B,119.7609,20.07
2026-05-26 13:00:00,pier-cap-1,Pier Cap 1,96.0954,20.07
2026-05-26 13:00:00,pier-cap-2,Pier Cap 2,97.2392,20.07
2026-05-26 14:00:00,beam-1a,Beam 1A,120.917,20.58
2026-05-26 14:00:00,beam-1b,Beam 1B,120.4709,20.58
2026-05-26 14:00:00,beam-2a,Beam 2A,122.9754,20.58
2026-05-26 14:00:00,beam-2b,Beam 2B,122.0506,20.58
2026-05-26 14:00:00,beam-3a,Beam 3A,120.8368,20.58
2026-05-26 14:00:00,beam-3b,Beam 3B,120.298,20.58
2026-05-26 14:00:00,pier-cap-1,Pier Cap 1,96.4015,20.58
2026-05-26 14:00:00,pier-cap-2,Pier Cap 2,96.9357,20.58
2026-05-26 15:00:00,beam-1a,Beam 1A,121.1883,21.63
2026-05-26 15:00:00,beam-1b,Beam 1B,120.9181,21.63
2026-05-26 15:00:00,beam-2a,Beam 2A,123.2627,21.63
2026-05-26 15:00:00,beam-2b,Beam 2B,122.6329,21.63
2026-05-26 15:00:00,beam-3a,Beam 3A,120.628,21.63
2026-05-26 15:00:00,beam-3b,Beam 3B,120.6404,21.63
2026-05-26 15:00:00,pier-cap-1,Pier Cap 1,96.2646,21.63
2026-05-26 15:00:00,pier-cap-2,Pier Cap 2,97.2087,21.63
2026-05-26 16:00:00,beam-1a,Beam 1A,120.8992,20.6
2026-05-26 16:00:00,beam-1b,Beam 1B,120.3132,20.6
2026-05-26 16:00:00,beam-2a,Beam 2A,122.9343,20.6
2026-05-26 16:00:00,beam-2b,Beam 2B,121.8958,20.6
2026-05-26 16:00:00,beam-3a,Beam 3A,120.4607,20.6
2026-05-26 16:00:00,beam-3b,Beam 3B,119.7306,20.6
2026-05-26 16:00:00,pier-cap-1,Pier Cap 1,96.2662,20.6
2026-05-26 16:00:00,pier-cap-2,Pier Cap 2,96.4282,20.6
2026-05-26 17:00:00,beam-1a,Beam 1A,120.1034,19.89
2026-05-26 17:00:00,beam-1b,Beam 1B,119.6801,19.89
2026-05-26 17:00:00,beam-2a,Beam 2A,123.0462,19.89
2026-05-26 17:00:00,beam-2b,Beam 2B,122.382,19.89
2026-05-26 17:00:00,beam-3a,Beam 3A,119.2648,19.89
2026-05-26 17:00:00,beam-3b,Beam 3B,119.9561,19.89
2026-05-26 17:00:00,pier-cap-1,Pier Cap 1,95.6816,19.89
2026-05-26 17:00:00,pier-cap-2,Pier Cap 2,96.4271,19.89
2026-05-26 18:00:00,beam-1a,Beam 1A,120.2149,18.56
2026-05-26 18:00:00,beam-1b,Beam 1B,119.4734,18.56
2026-05-26 18:00:00,beam-2a,Beam 2A,122.455,18.56
2026-05-26 18:00:00,beam-2b,Beam 2B,121.5796,18.56
2026-05-26 18:00:00,beam-3a,Beam 3A,120.5275,18.56
2026-05-26 18:00:00,beam-3b,Beam 3B,119.8697,18.56
2026-05-26 18:00:00,pier-cap-1,Pier Cap 1,95.9335,18.56
2026-05-26 18:00:00,pier-cap-2,Pier Cap 2,96.2292,18.56
2026-05-26 19:00:00,beam-1a,Beam 1A,119.6173,17.5
2026-05-26 19:00:00,beam-1b,Beam 1B,119.0728,17.5
2026-05-26 19:00:00,beam-2a,Beam 2A,122.0673,17.5
2026-05-26 19:00:00,beam-2b,Beam 2B,121.941,17.5
2026-05-26 19:00:00,beam-3a,Beam 3A,119.791,17.5
2026-05-26 19:00:00,beam-3b,Beam 3B,119.5157,17.5
2026-05-26 19:00:00,pier-cap-1,Pier Cap 1,95.7883,17.5
2026-05-26 19:00:00,pier-cap-2,Pier Cap 2,96.3305,17.5
2026-05-26 20:00:00,beam-1a,Beam 1A,118.6226,15.74
2026-05-26 20:00:00,beam-1b,Beam 1B,118.4184,15.74
2026-05-26 20:00:00,beam-2a,Beam 2A,122.143,15.74
2026-05-26 20:00:00,beam-2b,Beam 2B,121.2717,15.74
2026-05-26 20:00:00,beam-3a,Beam 3A,119.6179,15.74
2026-05-26 20:00:00,beam-3b,Beam 3B,119.2663,15.74
2026-05-26 20:00:00,pier-cap-1,Pier Cap 1,96.0502,15.74
2026-05-26 20:00:00,pier-cap-2,Pier Cap 2,95.9583,15.74
2026-05-26 21:00:00,beam-1a,Beam 1A,118.5681,14.18
2026-05-26 21:00:00,beam-1b,Beam 1B,118.3775,14.18
2026-05-26 21:00:00,beam-2a,Beam 2A,121.2987,14.18
2026-05-26 21:00:00,beam-2b,Beam 2B,121.5435,14.18
2026-05-26 21:00:00,beam-3a,Beam 3A,119.2396,14.18
2026-05-26 21:00:00,beam-3b,Beam 3B,118.378,14.18
2026-05-26 21:00:00,pier-cap-1,Pier Cap 1,94.7378,14.18
2026-05-26 21:00:00,pier-cap-2,Pier Cap 2,95.6295,14.18
2026-05-26 22:00:00,beam-1a,Beam 1A,118.5376,11.65
2026-05-26 22:00:00,beam-1b,Beam 1B,117.7363,11.65
2026-05-26 22:00:00,beam-2a,Beam 2A,120.8442,11.65
2026-05-26 22:00:00,beam-2b,Beam 2B,119.9693,11.65
2026-05-26 22:00:00,beam-3a,Beam 3A,119.3021,11.65
2026-05-26 22:00:00,beam-3b,Beam 3B,118.5583,11.65
2026-05-26 22:00:00,pier-cap-1,Pier Cap 1,94.8139,11.65
2026-05-26 22:00:00,pier-cap-2,Pier Cap 2,95.2889,11.65
2026-05-26 23:00:00,beam-1a,Beam 1A,118.271,10.0
2026-05-26 23:00:00,beam-1b,Beam 1B,116.7275,10.0
2026-05-26 23:00:00,beam-2a,Beam 2A,121.1887,10.0
2026-05-26 23:00:00,beam-2b,Beam 2B,119.5096,10.0
2026-05-26 23:00:00,beam-3a,Beam 3A,118.8163,10.0
2026-05-26 23:00:00,beam-3b,Beam 3B,117.8799,10.0
2026-05-26 23:00:00,pier-cap-1,Pier Cap 1,95.0365,10.0
2026-05-26 23:00:00,pier-cap-2,Pier Cap 2,94.9119,10.0
2026-05-27 00:00:00,beam-1a,Beam 1A,117.7438,8.85
2026-05-27 00:00:00,beam-1b,Beam 1B,116.5146,8.85
2026-05-27 00:00:00,beam-2a,Beam 2A,120.9193,8.85
2026-05-27 00:00:00,beam-2b,Beam 2B,119.6241,8.85
2026-05-27 00:00:00,beam-3a,Beam 3A,118.6593,8.85
2026-05-27 00:00:00,beam-3b,Beam 3B,117.9543,8.85
2026-05-27 00:00:00,pier-cap-1,Pier Cap 1,94.4054,8.85
2026-05-27 00:00:00,pier-cap-2,Pier Cap 2,94.924,8.85
2026-05-27 01:00:00,beam-1a,Beam 1A,116.9758,8.25
2026-05-27 01:00:00,beam-1b,Beam 1B,117.141,8.25
2026-05-27 01:00:00,beam-2a,Beam 2A,120.1464,8.25
2026-05-27 01:00:00,beam-2b,Beam 2B,119.1958,8.25
2026-05-27 01:00:00,beam-3a,Beam 3A,118.8237,8.25
2026-05-27 01:00:00,beam-3b,Beam 3B,118.0392,8.25
2026-05-27 01:00:00,pier-cap-1,Pier Cap 1,94.3358,8.25
2026-05-27 01:00:00,pier-cap-2,Pier Cap 2,95.2212,8.25
2026-05-27 02:00:00,beam-1a,Beam 1A,117.5623,7.83
2026-05-27 02:00:00,beam-1b,Beam 1B,116.7052,7.83
2026-05-27 02:00:00,beam-2a,Beam 2A,119.885,7.83
2026-05-27 02:00:00,beam-2b,Beam 2B,119.1133,7.83
2026-05-27 02:00:00,beam-3a,Beam 3A,117.9697,7.83
2026-05-27 02:00:00,beam-3b,Beam 3B,117.8722,7.83
2026-05-27 02:00:00,pier-cap-1,Pier Cap 1,94.0748,7.83
2026-05-27 02:00:00,pier-cap-2,Pier Cap 2,94.3708,7.83
2026-05-27 03:00:00,beam-1a,Beam 1A,117.6309,6.81
2026-05-27 03:00:00,beam-1b,Beam 1B,117.0388,6.81
2026-05-27 03:00:00,beam-2a,Beam 2A,120.4474,6.81
2026-05-27 03:00:00,beam-2b,Beam 2B,119.7107,6.81
2026-05-27 03:00:00,beam-3a,Beam 3A,118.0826,6.81
2026-05-27 03:00:00,beam-3b,Beam 3B,117.5661,6.81
2026-05-27 03:00:00,pier-cap-1,Pier Cap 1,93.8918,6.81
2026-05-27 03:00:00,pier-cap-2,Pier Cap 2,94.7755,6.81
2026-05-27 04:00:00,beam-1a,Beam 1A,117.7716,7.06
2026-05-27 04:00:00,beam-1b,Beam 1B,117.3909,7.06
2026-05-27 04:00:00,beam-2a,Beam 2A,120.2327,7.06
2026-05-27 04:00:00,beam-2b,Beam 2B,119.5109,7.06
2026-05-27 04:00:00,beam-3a,Beam 3A,117.4828,7.06
2026-05-27 04:00:00,beam-3b,Beam 3B,117.7167,7.06
2026-05-27 04:00:00,pier-cap-1,Pier Cap 1,93.6616,7.06
2026-05-27 04:00:00,pier-cap-2,Pier Cap 2,95.1234,7.06
2026-05-27 05:00:00,beam-1a,Beam 1A,118.1772,8.06
2026-05-27 05:00:00,beam-1b,Beam 1B,117.0576,8.06
2026-05-27 05:00:00,beam-2a,Beam 2A,120.2377,8.06
2026-05-27 05:00:00,beam-2b,Beam 2B,119.5196,8.06
2026-05-27 05:00:00,beam-3a,Beam 3A,117.5791,8.06
2026-05-27 05:00:00,beam-3b,Beam 3B,117.9219,8.06
2026-05-27 05:00:00,pier-cap-1,Pier Cap 1,94.1699,8.06
2026-05-27 05:00:00,pier-cap-2,Pier Cap 2,94.8037,8.06
2026-05-27 06:00:00,beam-1a,Beam 1A,118.3511,8.95
2026-05-27 06:00:00,beam-1b,Beam 1B,117.3299,8.95
2026-05-27 06:00:00,beam-2a,Beam 2A,120.1605,8.95
2026-05-27 06:00:00,beam-2b,Beam 2B,119.7344,8.95
2026-05-27 06:00:00,beam-3a,Beam 3A,118.4914,8.95
2026-05-27 06:00:00,beam-3b,Beam 3B,118.3732,8.95
2026-05-27 06:00:00,pier-cap-1,Pier Cap 1,94.1951,8.95
2026-05-27 06:00:00,pier-cap-2,Pier Cap 2,94.8332,8.95
2026-05-27 07:00:00,beam-1a,Beam 1A,118.7192,10.87
2026-05-27 07:00:00,beam-1b,Beam 1B,118.9306,10.87
2026-05-27 07:00:00,beam-2a,Beam 2A,120.8077,10.87
2026-05-27 07:00:00,beam-2b,Beam 2B,120.0361,10.87
2026-05-27 07:00:00,beam-3a,Beam 3A,119.0432,10.87
2026-05-27 07:00:00,beam-3b,Beam 3B,118.2043,10.87
2026-05-27 07:00:00,pier-cap-1,Pier Cap 1,94.8166,10.87
2026-05-27 07:00:00,pier-cap-2,Pier Cap 2,95.5585,10.87
2026-05-27 08:00:00,beam-1a,Beam 1A,118.7413,11.28
2026-05-27 08:00:00,beam-1b,Beam 1B,118.6773,11.28
2026-05-27 08:00:00,beam-2a,Beam 2A,120.7476,11.28
2026-05-27 08:00:00,beam-2b,Beam 2B,121.0165,11.28
2026-05-27 08:00:00,beam-3a,Beam 3A,119.5913,11.28
2026-05-27 08:00:00,beam-3b,Beam 3B,118.3509,11.28
2026-05-27 08:00:00,pier-cap-1,Pier Cap 1,94.6059,11.28
2026-05-27 08:00:00,pier-cap-2,Pier Cap 2,95.047,11.28
2026-05-27 09:00:00,beam-1a,Beam 1A,118.8384,13.66
2026-05-27 09:00:00,beam-1b,Beam 1B,118.9559,13.66
2026-05-27 09:00:00,beam-2a,Beam 2A,120.9669,13.66
2026-05-27 09:00:00,beam-2b,Beam 2B,120.5385,13.66
2026-05-27 09:00:00,beam-3a,Beam 3A,118.6597,13.66
2026-05-27 09:00:00,beam-3b,Beam 3B,119.0723,13.66
2026-05-27 09:00:00,pier-cap-1,Pier Cap 1,95.0556,13.66
2026-05-27 09:00:00,pier-cap-2,Pier Cap 2,95.6927,13.66
2026-05-27 10:00:00,beam-1a,Beam 1A,120.0475,15.49
2026-05-27 10:00:00,beam-1b,Beam 1B,119.2018,15.49
2026-05-27 10:00:00,beam-2a,Beam 2A,121.6502,15.49
2026-05-27 10:00:00,beam-2b,Beam 2B,120.6697,15.49
2026-05-27 10:00:00,beam-3a,Beam 3A,119.308,15.49
2026-05-27 10:00:00,beam-3b,Beam 3B,118.922,15.49
2026-05-27 10:00:00,pier-cap-1,Pier Cap 1,95.3383,15.49
2026-05-27 10:00:00,pier-cap-2,Pier Cap 2,95.662,15.49
2026-05-27 11:00:00,beam-1a,Beam 1A,120.2535,16.57
2026-05-27 11:00:00,beam-1b,Beam 1B,119.6097,16.57
2026-05-27 11:00:00,beam-2a,Beam 2A,121.9194,16.57
2026-05-27 11:00:00,beam-2b,Beam 2B,121.7316,16.57
2026-05-27 11:00:00,beam-3a,Beam 3A,119.1787,16.57
2026-05-27 11:00:00,beam-3b,Beam 3B,118.8302,16.57
2026-05-27 11:00:00,pier-cap-1,Pier Cap 1,95.6204,16.57
2026-05-27 11:00:00,pier-cap-2,Pier Cap 2,95.5739,16.57
2026-05-27 12:00:00,beam-1a,Beam 1A,120.752,18.56
2026-05-27 12:00:00,beam-1b,Beam 1B,119.7402,18.56
2026-05-27 12:00:00,beam-2a,Beam 2A,122.0615,18.56
2026-05-27 12:00:00,beam-2b,Beam 2B,121.7254,18.56
2026-05-27 12:00:00,beam-3a,Beam 3A,120.1277,18.56
2026-05-27 12:00:00,beam-3b,Beam 3B,119.8487,18.56
2026-05-27 12:00:00,pier-cap-1,Pier Cap 1,95.7752,18.56
2026-05-27 12:00:00,pier-cap-2,Pier Cap 2,96.3882,18.56
2026-05-27 13:00:00,beam-1a,Beam 1A,120.2741,19.69
2026-05-27 13:00:00,beam-1b,Beam 1B,120.6515,19.69
2026-05-27 13:00:00,beam-2a,Beam 2A,122.7996,19.69
2026-05-27 13:00:00,beam-2b,Beam 2B,122.8535,19.69
2026-05-27 13:00:00,beam-3a,Beam 3A,120.9997,19.69
2026-05-27 13:00:00,beam-3b,Beam 3B,119.819,19.69
2026-05-27 13:00:00,pier-cap-1,Pier Cap 1,95.785,19.69
2026-05-27 13:00:00,pier-cap-2,Pier Cap 2,96.2245,19.69
2026-05-27 14:00:00,beam-1a,Beam 1A,121.0552,20.68
2026-05-27 14:00:00,beam-1b,Beam 1B,120.1576,20.68
2026-05-27 14:00:00,beam-2a,Beam 2A,123.1506,20.68
2026-05-27 14:00:00,beam-2b,Beam 2B,122.0245,20.68
2026-05-27 14:00:00,beam-3a,Beam 3A,120.6909,20.68
2026-05-27 14:00:00,beam-3b,Beam 3B,119.6556,20.68
2026-05-27 14:00:00,pier-cap-1,Pier Cap 1,96.277,20.68
2026-05-27 14:00:00,pier-cap-2,Pier Cap 2,96.7478,20.68
2026-05-27 15:00:00,beam-1a,Beam 1A,121.5521,21.44
2026-05-27 15:00:00,beam-1b,Beam 1B,120.8157,21.44
2026-05-27 15:00:00,beam-2a,Beam 2A,123.1758,21.44
2026-05-27 15:00:00,beam-2b,Beam 2B,122.7262,21.44
2026-05-27 15:00:00,beam-3a,Beam 3A,120.8797,21.44
2026-05-27 15:00:00,beam-3b,Beam 3B,120.3986,21.44
2026-05-27 15:00:00,pier-cap-1,Pier Cap 1,96.6861,21.44
2026-05-27 15:00:00,pier-cap-2,Pier Cap 2,97.2004,21.44
2026-05-27 16:00:00,beam-1a,Beam 1A,120.6153,20.66
2026-05-27 16:00:00,beam-1b,Beam 1B,120.0476,20.66
2026-05-27 16:00:00,beam-2a,Beam 2A,122.521,20.66
2026-05-27 16:00:00,beam-2b,Beam 2B,122.6644,20.66
2026-05-27 16:00:00,beam-3a,Beam 3A,120.1936,20.66
2026-05-27 16:00:00,beam-3b,Beam 3B,120.5758,20.66
2026-05-27 16:00:00,pier-cap-1,Pier Cap 1,96.2872,20.66
2026-05-27 16:00:00,pier-cap-2,Pier Cap 2,97.3049,20.66
2026-05-27 17:00:00,beam-1a,Beam 1A,120.2125,19.64
2026-05-27 17:00:00,beam-1b,Beam 1B,119.4689,19.64
2026-05-27 17:00:00,beam-2a,Beam 2A,122.7311,19.64
2026-05-27 17:00:00,beam-2b,Beam 2B,121.8203,19.64
2026-05-27 17:00:00,beam-3a,Beam 3A,119.8449,19.64
2026-05-27 17:00:00,beam-3b,Beam 3B,119.3119,19.64
2026-05-27 17:00:00,pier-cap-1,Pier Cap 1,95.9136,19.64
2026-05-27 17:00:00,pier-cap-2,Pier Cap 2,96.6246,19.64
2026-05-27 18:00:00,beam-1a,Beam 1A,120.0094,18.92
2026-05-27 18:00:00,beam-1b,Beam 1B,119.3521,18.92
2026-05-27 18:00:00,beam-2a,Beam 2A,122.3154,18.92
2026-05-27 18:00:00,beam-2b,Beam 2B,121.587,18.92
2026-05-27 18:00:00,beam-3a,Beam 3A,120.1828,18.92
2026-05-27 18:00:00,beam-3b,Beam 3B,120.1028,18.92
2026-05-27 18:00:00,pier-cap-1,Pier Cap 1,95.9512,18.92
2026-05-27 18:00:00,pier-cap-2,Pier Cap 2,96.7939,18.92
2026-05-27 19:00:00,beam-1a,Beam 1A,120.2326,17.91
2026-05-27 19:00:00,beam-1b,Beam 1B,118.2028,17.91
2026-05-27 19:00:00,beam-2a,Beam 2A,121.5885,17.91
2026-05-27 19:00:00,beam-2b,Beam 2B,121.9793,17.91
2026-05-27 19:00:00,beam-3a,Beam 3A,120.5116,17.91
2026-05-27 19:00:00,beam-3b,Beam 3B,118.6656,17.91
2026-05-27 19:00:00,pier-cap-1,Pier Cap 1,95.2219,17.91
2026-05-27 19:00:00,pier-cap-2,Pier Cap 2,96.4568,17.91
2026-05-27 20:00:00,beam-1a,Beam 1A,118.5253,15.42
2026-05-27 20:00:00,beam-1b,Beam 1B,118.4413,15.42
2026-05-27 20:00:00,beam-2a,Beam 2A,121.8522,15.42
2026-05-27 20:00:00,beam-2b,Beam 2B,121.413,15.42
2026-05-27 20:00:00,beam-3a,Beam 3A,119.824,15.42
2026-05-27 20:00:00,beam-3b,Beam 3B,118.9388,15.42
2026-05-27 20:00:00,pier-cap-1,Pier Cap 1,95.4205,15.42
2026-05-27 20:00:00,pier-cap-2,Pier Cap 2,95.8474,15.42
2026-05-27 21:00:00,beam-1a,Beam 1A,118.5098,13.63
2026-05-27 21:00:00,beam-1b,Beam 1B,117.9791,13.63
2026-05-27 21:00:00,beam-2a,Beam 2A,121.2844,13.63
2026-05-27 21:00:00,beam-2b,Beam 2B,120.2617,13.63
2026-05-27 21:00:00,beam-3a,Beam 3A,119.3484,13.63
2026-05-27 21:00:00,beam-3b,Beam 3B,119.3839,13.63
2026-05-27 21:00:00,pier-cap-1,Pier Cap 1,95.0744,13.63
2026-05-27 21:00:00,pier-cap-2,Pier Cap 2,95.117,13.63
2026-05-27 22:00:00,beam-1a,Beam 1A,117.8253,12.41
2026-05-27 22:00:00,beam-1b,Beam 1B,117.9938,12.41
2026-05-27 22:00:00,beam-2a,Beam 2A,122.0186,12.41
2026-05-27 22:00:00,beam-2b,Beam 2B,120.1298,12.41
2026-05-27 22:00:00,beam-3a,Beam 3A,118.6076,12.41
2026-05-27 22:00:00,beam-3b,Beam 3B,118.3922,12.41
2026-05-27 22:00:00,pier-cap-1,Pier Cap 1,94.7308,12.41
2026-05-27 22:00:00,pier-cap-2,Pier Cap 2,95.9988,12.41
2026-05-27 23:00:00,beam-1a,Beam 1A,117.4936,10.41
2026-05-27 23:00:00,beam-1b,Beam 1B,116.6248,10.41
2026-05-27 23:00:00,beam-2a,Beam 2A,121.164,10.41
2026-05-27 23:00:00,beam-2b,Beam 2B,119.1665,10.41
2026-05-27 23:00:00,beam-3a,Beam 3A,118.1118,10.41
2026-05-27 23:00:00,beam-3b,Beam 3B,118.1585,10.41
2026-05-27 23:00:00,pier-cap-1,Pier Cap 1,94.4852,10.41
2026-05-27 23:00:00,pier-cap-2,Pier Cap 2,94.8961,10.41
2026-05-28 00:00:00,beam-1a,Beam 1A,117.4923,9.52
2026-05-28 00:00:00,beam-1b,Beam 1B,117.5163,9.52
2026-05-28 00:00:00,beam-2a,Beam 2A,120.689,9.52
2026-05-28 00:00:00,beam-2b,Beam 2B,120.2427,9.52
2026-05-28 00:00:00,beam-3a,Beam 3A,119.1257,9.52
2026-05-28 00:00:00,beam-3b,Beam 3B,118.2263,9.52
2026-05-28 00:00:00,pier-cap-1,Pier Cap 1,94.4553,9.52
2026-05-28 00:00:00,pier-cap-2,Pier Cap 2,95.4932,9.52
2026-05-28 01:00:00,beam-1a,Beam 1A,117.7811,8.15
2026-05-28 01:00:00,beam-1b,Beam 1B,117.1968,8.15
2026-05-28 01:00:00,beam-2a,Beam 2A,120.2288,8.15
2026-05-28 01:00:00,beam-2b,Beam 2B,119.6244,8.15
2026-05-28 01:00:00,beam-3a,Beam 3A,118.8652,8.15
2026-05-28 01:00:00,beam-3b,Beam 3B,117.0969,8.15
2026-05-28 01:00:00,pier-cap-1,Pier Cap 1,94.6696,8.15
2026-05-28 01:00:00,pier-cap-2,Pier Cap 2,95.0329,8.15
2026-05-28 02:00:00,beam-1a,Beam 1A,117.9277,7.73
2026-05-28 02:00:00,beam-1b,Beam 1B,117.3356,7.73
2026-05-28 02:00:00,beam-2a,Beam 2A,120.112,7.73
2026-05-28 02:00:00,beam-2b,Beam 2B,119.5816,7.73
2026-05-28 02:00:00,beam-3a,Beam 3A,118.5091,7.73
2026-05-28 02:00:00,beam-3b,Beam 3B,117.6444,7.73
2026-05-28 02:00:00,pier-cap-1,Pier Cap 1,94.6375,7.73
2026-05-28 02:00:00,pier-cap-2,Pier Cap 2,94.5171,7.73
2026-05-28 03:00:00,beam-1a,Beam 1A,117.3844,6.8
2026-05-28 03:00:00,beam-1b,Beam 1B,116.8091,6.8
2026-05-28 03:00:00,beam-2a,Beam 2A,119.4584,6.8
2026-05-28 03:00:00,beam-2b,Beam 2B,118.7833,6.8
2026-05-28 03:00:00,beam-3a,Beam 3A,118.1067,6.8
2026-05-28 03:00:00,beam-3b,Beam 3B,117.4643,6.8
2026-05-28 03:00:00,pier-cap-1,Pier Cap 1,93.8915,6.8
2026-05-28 03:00:00,pier-cap-2,Pier Cap 2,94.7635,6.8
2026-05-28 04:00:00,beam-1a,Beam 1A,117.3689,7.45
2026-05-28 04:00:00,beam-1b,Beam 1B,117.4556,7.45
2026-05-28 04:00:00,beam-2a,Beam 2A,119.2938,7.45
2026-05-28 04:00:00,beam-2b,Beam 2B,119.1502,7.45
2026-05-28 04:00:00,beam-3a,Beam 3A,117.4083,7.45
2026-05-28 04:00:00,beam-3b,Beam 3B,118.2167,7.45
2026-05-28 04:00:00,pier-cap-1,Pier Cap 1,94.1116,7.45
2026-05-28 04:00:00,pier-cap-2,Pier Cap 2,95.4069,7.45
2026-05-28 05:00:00,beam-1a,Beam 1A,118.6709,8.07
2026-05-28 05:00:00,beam-1b,Beam 1B,116.8836,8.07
2026-05-28 05:00:00,beam-2a,Beam 2A,119.7644,8.07
2026-05-28 05:00:00,beam-2b,Beam 2B,119.5222,8.07
2026-05-28 05:00:00,beam-3a,Beam 3A,117.7334,8.07
2026-05-28 05:00:00,beam-3b,Beam 3B,117.2502,8.07
2026-05-28 05:00:00,pier-cap-1,Pier Cap 1,94.2123,8.07
2026-05-28 05:00:00,pier-cap-2,Pier Cap 2,95.3207,8.07
2026-05-28 06:00:00,beam-1a,Beam 1A,117.9679,8.78
2026-05-28 06:00:00,beam-1b,Beam 1B,117.9671,8.78
2026-05-28 06:00:00,beam-2a,Beam 2A,120.2364,8.78
2026-05-28 06:00:00,beam-2b,Beam 2B,119.5865,8.78
2026-05-28 06:00:00,beam-3a,Beam 3A,118.3231,8.78
2026-05-28 06:00:00,beam-3b,Beam 3B,117.6841,8.78
2026-05-28 06:00:00,pier-cap-1,Pier Cap 1,94.7094,8.78
2026-05-28 06:00:00,pier-cap-2,Pier Cap 2,94.8128,8.78
2026-05-28 07:00:00,beam-1a,Beam 1A,118.3198,10.09
2026-05-28 07:00:00,beam-1b,Beam 1B,117.8498,10.09
2026-05-28 07:00:00,beam-2a,Beam 2A,119.6754,10.09
2026-05-28 07:00:00,beam-2b,Beam 2B,120.1647,10.09
2026-05-28 07:00:00,beam-3a,Beam 3A,118.6626,10.09
2026-05-28 07:00:00,beam-3b,Beam 3B,117.7418,10.09
2026-05-28 07:00:00,pier-cap-1,Pier Cap 1,94.7068,10.09
2026-05-28 07:00:00,pier-cap-2,Pier Cap 2,94.9496,10.09
2026-05-28 08:00:00,beam-1a,Beam 1A,118.546,12.68
2026-05-28 08:00:00,beam-1b,Beam 1B,118.1893,12.68
2026-05-28 08:00:00,beam-2a,Beam 2A,120.8175,12.68
2026-05-28 08:00:00,beam-2b,Beam 2B,120.8686,12.68
2026-05-28 08:00:00,beam-3a,Beam 3A,119.728,12.68
2026-05-28 08:00:00,beam-3b,Beam 3B,118.1964,12.68
2026-05-28 08:00:00,pier-cap-1,Pier Cap 1,95.0792,12.68
2026-05-28 08:00:00,pier-cap-2,Pier Cap 2,95.5814,12.68
2026-05-28 09:00:00,beam-1a,Beam 1A,120.0351,14.07
2026-05-28 09:00:00,beam-1b,Beam 1B,118.753,14.07
2026-05-28 09:00:00,beam-2a,Beam 2A,121.2155,14.07
2026-05-28 09:00:00,beam-2b,Beam 2B,121.8224,14.07
2026-05-28 09:00:00,beam-3a,Beam 3A,119.2681,14.07
2026-05-28 09:00:00,beam-3b,Beam 3B,119.2185,14.07
2026-05-28 09:00:00,pier-cap-1,Pier Cap 1,95.4218,14.07
2026-05-28 09:00:00,pier-cap-2,Pier Cap 2,95.7113,14.07
2026-05-28 10:00:00,beam-1a,Beam 1A,120.2604,15.62
2026-05-28 10:00:00,beam-1b,Beam 1B,119.5234,15.62
2026-05-28 10:00:00,beam-2a,Beam 2A,121.5371,15.62
2026-05-28 10:00:00,beam-2b,Beam 2B,121.2152,15.62
2026-05-28 10:00:00,beam-3a,Beam 3A,119.2003,15.62
2026-05-28 10:00:00,beam-3b,Beam 3B,119.1264,15.62
2026-05-28 10:00:00,pier-cap-1,Pier Cap 1,95.3135,15.62
2026-05-28 10:00:00,pier-cap-2,Pier Cap 2,96.3523,15.62
2026-05-28 11:00:00,beam-1a,Beam 1A,121.1851,17.67
2026-05-28 11:00:00,beam-1b,Beam 1B,119.6504,17.67
2026-05-28 11:00:00,beam-2a,Beam 2A,121.7703,17.67
2026-05-28 11:00:00,beam-2b,Beam 2B,122.0811,17.67
2026-05-28 11:00:00,beam-3a,Beam 3A,119.5177,17.67
2026-05-28 11:00:00,beam-3b,Beam 3B,119.3138,17.67
2026-05-28 11:00:00,pier-cap-1,Pier Cap 1,96.2104,17.67
2026-05-28 11:00:00,pier-cap-2,Pier Cap 2,96.5231,17.67
2026-05-28 12:00:00,beam-1a,Beam 1A,120.2473,19.61
2026-05-28 12:00:00,beam-1b,Beam 1B,120.4653,19.61
2026-05-28 12:00:00,beam-2a,Beam 2A,122.2863,19.61
2026-05-28 12:00:00,beam-2b,Beam 2B,121.6909,19.61
2026-05-28 12:00:00,beam-3a,Beam 3A,121.5374,19.61
2026-05-28 12:00:00,beam-3b,Beam 3B,119.6955,19.61
2026-05-28 12:00:00,pier-cap-1,Pier Cap 1,96.0916,19.61
2026-05-28 12:00:00,pier-cap-2,Pier Cap 2,96.0845,19.61
2026-05-28 13:00:00,beam-1a,Beam 1A,121.1842,19.36
2026-05-28 13:00:00,beam-1b,Beam 1B,119.6409,19.36
2026-05-28 13:00:00,beam-2a,Beam 2A,123.0622,19.36
2026-05-28 13:00:00,beam-2b,Beam 2B,121.3027,19.36
2026-05-28 13:00:00,beam-3a,Beam 3A,120.6395,19.36
2026-05-28 13:00:00,beam-3b,Beam 3B,119.6319,19.36
2026-05-28 13:00:00,pier-cap-1,Pier Cap 1,95.7977,19.36
2026-05-28 13:00:00,pier-cap-2,Pier Cap 2,96.6921,19.36
2026-05-28 14:00:00,beam-1a,Beam 1A,120.8208,20.38
2026-05-28 14:00:00,beam-1b,Beam 1B,119.6518,20.38
2026-05-28 14:00:00,beam-2a,Beam 2A,122.8401,20.38
2026-05-28 14:00:00,beam-2b,Beam 2B,122.0343,20.38
2026-05-28 14:00:00,beam-3a,Beam 3A,120.3415,20.38
2026-05-28 14:00:00,beam-3b,Beam 3B,119.8556,20.38
2026-05-28 14:00:00,pier-cap-1,Pier Cap 1,96.1375,20.38
2026-05-28 14:00:00,pier-cap-2,Pier Cap 2,96.6527,20.38
2026-05-28 15:00:00,beam-1a,Beam 1A,121.0764,20.84
2026-05-28 15:00:00,beam-1b,Beam 1B,120.8746,20.84
2026-05-28 15:00:00,beam-2a,Beam 2A,122.4447,20.84
2026-05-28 15:00:00,beam-2b,Beam 2B,121.6297,20.84
2026-05-28 15:00:00,beam-3a,Beam 3A,120.1792,20.84
2026-05-28 15:00:00,beam-3b,Beam 3B,119.6678,20.84
2026-05-28 15:00:00,pier-cap-1,Pier Cap 1,96.6462,20.84
2026-05-28 15:00:00,pier-cap-2,Pier Cap 2,96.7878,20.84
2026-05-28 16:00:00,beam-1a,Beam 1A,120.2602,21.56
2026-05-28 16:00:00,beam-1b,Beam 1B,120.7533,21.56
2026-05-28 16:00:00,beam-2a,Beam 2A,122.7845,21.56
2026-05-28 16:00:00,beam-2b,Beam 2B,122.4177,21.56
2026-05-28 16:00:00,beam-3a,Beam 3A,120.7246,21.56
2026-05-28 16:00:00,beam-3b,Beam 3B,120.1557,21.56
2026-05-28 16:00:00,pier-cap-1,Pier Cap 1,96.2564,21.56
2026-05-28 16:00:00,pier-cap-2,Pier Cap 2,96.9586,21.56
2026-05-28 17:00:00,beam-1a,Beam 1A,120.9428,20.39
2026-05-28 17:00:00,beam-1b,Beam 1B,119.6617,20.39
2026-05-28 17:00:00,beam-2a,Beam 2A,122.5664,20.39
2026-05-28 17:00:00,beam-2b,Beam 2B,121.8655,20.39
2026-05-28 17:00:00,beam-3a,Beam 3A,120.705,20.39
2026-05-28 17:00:00,beam-3b,Beam 3B,119.8981,20.39
2026-05-28 17:00:00,pier-cap-1,Pier Cap 1,96.4932,20.39
2026-05-28 17:00:00,pier-cap-2,Pier Cap 2,97.0679,20.39
2026-05-28 18:00:00,beam-1a,Beam 1A,120.352,19.47
2026-05-28 18:00:00,beam-1b,Beam 1B,119.6757,19.47
2026-05-28 18:00:00,beam-2a,Beam 2A,122.0868,19.47
2026-05-28 18:00:00,beam-2b,Beam 2B,121.2123,19.47
2026-05-28 18:00:00,beam-3a,Beam 3A,120.2432,19.47
2026-05-28 18:00:00,beam-3b,Beam 3B,119.5841,19.47
2026-05-28 18:00:00,pier-cap-1,Pier Cap 1,95.8829,19.47
2026-05-28 18:00:00,pier-cap-2,Pier Cap 2,96.8638,19.47
2026-05-28 19:00:00,beam-1a,Beam 1A,119.4837,17.26
2026-05-28 19:00:00,beam-1b,Beam 1B,119.4541,17.26
2026-05-28 19:00:00,beam-2a,Beam 2A,121.6438,17.26
2026-05-28 19:00:00,beam-2b,Beam 2B,122.2459,17.26
2026-05-28 19:00:00,beam-3a,Beam 3A,120.929,17.26
2026-05-28 19:00:00,beam-3b,Beam 3B,119.4831,17.26
2026-05-28 19:00:00,pier-cap-1,Pier Cap 1,95.5089,17.26
2026-05-28 19:00:00,pier-cap-2,Pier Cap 2,96.0137,17.26
2026-05-28 20:00:00,beam-1a,Beam 1A,119.2505,15.58
2026-05-28 20:00:00,beam-1b,Beam 1B,118.7714,15.58
2026-05-28 20:00:00,beam-2a,Beam 2A,122.0197,15.58
2026-05-28 20:00:00,beam-2b,Beam 2B,121.0004,15.58
2026-05-28 20:00:00,beam-3a,Beam 3A,120.4234,15.58
2026-05-28 20:00:00,beam-3b,Beam 3B,119.1936,15.58
2026-05-28 20:00:00,pier-cap-1,Pier Cap 1,95.6845,15.58
2026-05-28 20:00:00,pier-cap-2,Pier Cap 2,95.969,15.58
2026-05-28 21:00:00,beam-1a,Beam 1A,118.3955,14.39
2026-05-28 21:00:00,beam-1b,Beam 1B,118.3153,14.39
2026-05-28 21:00:00,beam-2a,Beam 2A,121.2106,14.39
2026-05-28 21:00:00,beam-2b,Beam 2B,120.3234,14.39
2026-05-28 21:00:00,beam-3a,Beam 3A,119.4545,14.39
2026-05-28 21:00:00,beam-3b,Beam 3B,118.6897,14.39
2026-05-28 21:00:00,pier-cap-1,Pier Cap 1,95.0467,14.39
2026-05-28 21:00:00,pier-cap-2,Pier Cap 2,95.6743,14.39
2026-05-28 22:00:00,beam-1a,Beam 1A,118.0101,12.42
2026-05-28 22:00:00,beam-1b,Beam 1B,118.1963,12.42
2026-05-28 22:00:00,beam-2a,Beam 2A,120.5471,12.42
2026-05-28 22:00:00,beam-2b,Beam 2B,120.9443,12.42
2026-05-28 22:00:00,beam-3a,Beam 3A,118.6371,12.42
2026-05-28 22:00:00,beam-3b,Beam 3B,118.4603,12.42
2026-05-28 22:00:00,pier-cap-1,Pier Cap 1,95.2605,12.42
2026-05-28 22:00:00,pier-cap-2,Pier Cap 2,95.0092,12.42
2026-05-28 23:00:00,beam-1a,Beam 1A,117.7107,10.93
2026-05-28 23:00:00,beam-1b,Beam 1B,117.2171,10.93
2026-05-28 23:00:00,beam-2a,Beam 2A,120.6693,10.93
2026-05-28 23:00:00,beam-2b,Beam 2B,119.9951,10.93
2026-05-28 23:00:00,beam-3a,Beam 3A,118.5088,10.93
2026-05-28 23:00:00,beam-3b,Beam 3B,118.9828,10.93
2026-05-28 23:00:00,pier-cap-1,Pier Cap 1,94.8954,10.93
2026-05-28 23:00:00,pier-cap-2,Pier Cap 2,95.2571,10.93
2026-05-29 00:00:00,beam-1a,Beam 1A,116.9618,9.44
2026-05-29 00:00:00,beam-1b,Beam 1B,117.2212,9.44
2026-05-29 00:00:00,beam-2a,Beam 2A,120.4344,9.44
2026-05-29 00:00:00,beam-2b,Beam 2B,120.4233,9.44
2026-05-29 00:00:00,beam-3a,Beam 3A,118.89,9.44
2026-05-29 00:00:00,beam-3b,Beam 3B,118.685,9.44
2026-05-29 00:00:00,pier-cap-1,Pier Cap 1,94.3033,9.44
2026-05-29 00:00:00,pier-cap-2,Pier Cap 2,95.6189,9.44
2026-05-29 01:00:00,beam-1a,Beam 1A,117.7944,8.51
2026-05-29 01:00:00,beam-1b,Beam 1B,117.0865,8.51
2026-05-29 01:00:00,beam-2a,Beam 2A,119.4129,8.51
2026-05-29 01:00:00,beam-2b,Beam 2B,119.5087,8.51
2026-05-29 01:00:00,beam-3a,Beam 3A,118.9685,8.51
2026-05-29 01:00:00,beam-3b,Beam 3B,117.398,8.51
2026-05-29 01:00:00,pier-cap-1,Pier Cap 1,94.4051,8.51
2026-05-29 01:00:00,pier-cap-2,Pier Cap 2,94.4129,8.51
2026-05-29 02:00:00,beam-1a,Beam 1A,117.8788,7.76
2026-05-29 02:00:00,beam-1b,Beam 1B,116.9663,7.76
2026-05-29 02:00:00,beam-2a,Beam 2A,120.0363,7.76
2026-05-29 02:00:00,beam-2b,Beam 2B,119.4362,7.76
2026-05-29 02:00:00,beam-3a,Beam 3A,118.4523,7.76
2026-05-29 02:00:00,beam-3b,Beam 3B,117.3049,7.76
2026-05-29 02:00:00,pier-cap-1,Pier Cap 1,94.1498,7.76
2026-05-29 02:00:00,pier-cap-2,Pier Cap 2,94.8072,7.76
2026-05-29 03:00:00,beam-1a,Beam 1A,117.3624,7.77
2026-05-29 03:00:00,beam-1b,Beam 1B,117.0714,7.77
2026-05-29 03:00:00,beam-2a,Beam 2A,120.4016,7.77
2026-05-29 03:00:00,beam-2b,Beam 2B,119.7924,7.77
2026-05-29 03:00:00,beam-3a,Beam 3A,118.2095,7.77
2026-05-29 03:00:00,beam-3b,Beam 3B,117.2559,7.77
2026-05-29 03:00:00,pier-cap-1,Pier Cap 1,94.4205,7.77
2026-05-29 03:00:00,pier-cap-2,Pier Cap 2,94.799,7.77
2026-05-29 04:00:00,beam-1a,Beam 1A,117.9532,8.02
2026-05-29 04:00:00,beam-1b,Beam 1B,117.4568,8.02
2026-05-29 04:00:00,beam-2a,Beam 2A,120.285,8.02
2026-05-29 04:00:00,beam-2b,Beam 2B,119.9417,8.02
2026-05-29 04:00:00,beam-3a,Beam 3A,118.5901,8.02
2026-05-29 04:00:00,beam-3b,Beam 3B,118.0442,8.02
2026-05-29 04:00:00,pier-cap-1,Pier Cap 1,94.9197,8.02
2026-05-29 04:00:00,pier-cap-2,Pier Cap 2,94.9397,8.02
2026-05-29 05:00:00,beam-1a,Beam 1A,117.8702,7.75
2026-05-29 05:00:00,beam-1b,Beam 1B,117.5752,7.75
2026-05-29 05:00:00,beam-2a,Beam 2A,120.9421,7.75
2026-05-29 05:00:00,beam-2b,Beam 2B,119.9576,7.75
2026-05-29 05:00:00,beam-3a,Beam 3A,117.9338,7.75
2026-05-29 05:00:00,beam-3b,Beam 3B,117.4832,7.75
2026-05-29 05:00:00,pier-cap-1,Pier Cap 1,94.2014,7.75
2026-05-29 05:00:00,pier-cap-2,Pier Cap 2,94.5238,7.75
2026-05-29 06:00:00,beam-1a,Beam 1A,118.4737,8.61
2026-05-29 06:00:00,beam-1b,Beam 1B,117.5918,8.61
2026-05-29 06:00:00,beam-2a,Beam 2A,120.7229,8.61
2026-05-29 06:00:00,beam-2b,Beam 2B,119.7866,8.61
2026-05-29 06:00:00,beam-3a,Beam 3A,118.7381,8.61
2026-05-29 06:00:00,beam-3b,Beam 3B,117.8702,8.61
2026-05-29 06:00:00,pier-cap-1,Pier Cap 1,94.602,8.61
2026-05-29 06:00:00,pier-cap-2,Pier Cap 2,94.5143,8.61
2026-05-29 07:00:00,beam-1a,Beam 1A,118.8345,11.36
2026-05-29 07:00:00,beam-1b,Beam 1B,118.9348,11.36
2026-05-29 07:00:00,beam-2a,Beam 2A,121.3519,11.36
2026-05-29 07:00:00,beam-2b,Beam 2B,120.5838,11.36
2026-05-29 07:00:00,beam-3a,Beam 3A,119.5703,11.36
2026-05-29 07:00:00,beam-3b,Beam 3B,119.0077,11.36
2026-05-29 07:00:00,pier-cap-1,Pier Cap 1,94.8616,11.36
2026-05-29 07:00:00,pier-cap-2,Pier Cap 2,94.9407,11.36
2026-05-29 08:00:00,beam-1a,Beam 1A,119.2061,13.12
2026-05-29 08:00:00,beam-1b,Beam 1B,118.7735,13.12
2026-05-29 08:00:00,beam-2a,Beam 2A,122.2449,13.12
2026-05-29 08:00:00,beam-2b,Beam 2B,121.0231,13.12
2026-05-29 08:00:00,beam-3a,Beam 3A,119.8137,13.12
2026-05-29 08:00:00,beam-3b,Beam 3B,118.64,13.12
2026-05-29 08:00:00,pier-cap-1,Pier Cap 1,95.1259,13.12
2026-05-29 08:00:00,pier-cap-2,Pier Cap 2,96.0179,13.12
2026-05-29 09:00:00,beam-1a,Beam 1A,120.1858,14.05
2026-05-29 09:00:00,beam-1b,Beam 1B,119.3411,14.05
2026-05-29 09:00:00,beam-2a,Beam 2A,121.6138,14.05
2026-05-29 09:00:00,beam-2b,Beam 2B,120.9908,14.05
2026-05-29 09:00:00,beam-3a,Beam 3A,119.5093,14.05
2026-05-29 09:00:00,beam-3b,Beam 3B,119.0672,14.05
2026-05-29 09:00:00,pier-cap-1,Pier Cap 1,95.2083,14.05
2026-05-29 09:00:00,pier-cap-2,Pier Cap 2,95.4631,14.05
2026-05-29 10:00:00,beam-1a,Beam 1A,120.1459,15.53
2026-05-29 10:00:00,beam-1b,Beam 1B,119.6649,15.53
2026-05-29 10:00:00,beam-2a,Beam 2A,121.671,15.53
2026-05-29 10:00:00,beam-2b,Beam 2B,121.1487,15.53
2026-05-29 10:00:00,beam-3a,Beam 3A,119.6418,15.53
2026-05-29 10:00:00,beam-3b,Beam 3B,119.2826,15.53
2026-05-29 10:00:00,pier-cap-1,Pier Cap 1,95.2221,15.53
2026-05-29 10:00:00,pier-cap-2,Pier Cap 2,95.8294,15.53
2026-05-29 11:00:00,beam-1a,Beam 1A,121.3988,18.0
2026-05-29 11:00:00,beam-1b,Beam 1B,120.4164,18.0
2026-05-29 11:00:00,beam-2a,Beam 2A,122.4896,18.0
2026-05-29 11:00:00,beam-2b,Beam 2B,121.122,18.0
2026-05-29 11:00:00,beam-3a,Beam 3A,120.0497,18.0
2026-05-29 11:00:00,beam-3b,Beam 3B,119.3642,18.0
2026-05-29 11:00:00,pier-cap-1,Pier Cap 1,95.9506,18.0
2026-05-29 11:00:00,pier-cap-2,Pier Cap 2,96.9815,18.0
2026-05-29 12:00:00,beam-1a,Beam 1A,121.0566,19.78
2026-05-29 12:00:00,beam-1b,Beam 1B,119.8987,19.78
2026-05-29 12:00:00,beam-2a,Beam 2A,122.2329,19.78
2026-05-29 12:00:00,beam-2b,Beam 2B,122.2963,19.78
2026-05-29 12:00:00,beam-3a,Beam 3A,120.6561,19.78
2026-05-29 12:00:00,beam-3b,Beam 3B,120.2795,19.78
2026-05-29 12:00:00,pier-cap-1,Pier Cap 1,96.0308,19.78
2026-05-29 12:00:00,pier-cap-2,Pier Cap 2,96.3972,19.78
2026-05-29 13:00:00,beam-1a,Beam 1A,120.9532,21.24
2026-05-29 13:00:00,beam-1b,Beam 1B,121.1891,21.24
2026-05-29 13:00:00,beam-2a,Beam 2A,122.7915,21.24
2026-05-29 13:00:00,beam-2b,Beam 2B,122.3653,21.24
2026-05-29 13:00:00,beam-3a,Beam 3A,121.026,21.24
2026-05-29 13:00:00,beam-3b,Beam 3B,119.8886,21.24
2026-05-29 13:00:00,pier-cap-1,Pier Cap 1,96.0649,21.24
2026-05-29 13:00:00,pier-cap-2,Pier Cap 2,96.939,21.24
2026-05-29 14:00:00,beam-1a,Beam 1A,121.7191,21.43
2026-05-29 14:00:00,beam-1b,Beam 1B,120.6527,21.43
2026-05-29 14:00:00,beam-2a,Beam 2A,122.5267,21.43
2026-05-29 14:00:00,beam-2b,Beam 2B,122.2203,21.43
2026-05-29 14:00:00,beam-3a,Beam 3A,121.4409,21.43
2026-05-29 14:00:00,beam-3b,Beam 3B,120.6905,21.43
2026-05-29 14:00:00,pier-cap-1,Pier Cap 1,96.6686,21.43
2026-05-29 14:00:00,pier-cap-2,Pier Cap 2,97.1835,21.43
2026-05-29 15:00:00,beam-1a,Beam 1A,121.3992,21.31
2026-05-29 15:00:00,beam-1b,Beam 1B,121.2054,21.31
2026-05-29 15:00:00,beam-2a,Beam 2A,122.9217,21.31
2026-05-29 15:00:00,beam-2b,Beam 2B,122.8736,21.31
2026-05-29 15:00:00,beam-3a,Beam 3A,120.8346,21.31
2026-05-29 15:00:00,beam-3b,Beam 3B,119.9937,21.31
2026-05-29 15:00:00,pier-cap-1,Pier Cap 1,96.3765,21.31
2026-05-29 15:00:00,pier-cap-2,Pier Cap 2,97.1516,21.31
2026-05-29 16:00:00,beam-1a,Beam 1A,121.2341,20.87
2026-05-29 16:00:00,beam-1b,Beam 1B,120.4123,20.87
2026-05-29 16:00:00,beam-2a,Beam 2A,122.4123,20.87
2026-05-29 16:00:00,beam-2b,Beam 2B,121.7019,20.87
2026-05-29 16:00:00,beam-3a,Beam 3A,120.2387,20.87
2026-05-29 16:00:00,beam-3b,Beam 3B,119.9471,20.87
2026-05-29 16:00:00,pier-cap-1,Pier Cap 1,96.2114,20.87
2026-05-29 16:00:00,pier-cap-2,Pier Cap 2,96.3803,20.87
2026-05-29 17:00:00,beam-1a,Beam 1A,121.1629,20.53
2026-05-29 17:00:00,beam-1b,Beam 1B,120.3291,20.53
2026-05-29 17:00:00,beam-2a,Beam 2A,122.3308,20.53
2026-05-29 17:00:00,beam-2b,Beam 2B,122.8632,20.53
2026-05-29 17:00:00,beam-3a,Beam 3A,121.2208,20.53
2026-05-29 17:00:00,beam-3b,Beam 3B,119.6693,20.53
2026-05-29 17:00:00,pier-cap-1,Pier Cap 1,96.6312,20.53
2026-05-29 17:00:00,pier-cap-2,Pier Cap 2,96.5152,20.53
2026-05-29 18:00:00,beam-1a,Beam 1A,120.1115,19.29
2026-05-29 18:00:00,beam-1b,Beam 1B,120.6098,19.29
2026-05-29 18:00:00,beam-2a,Beam 2A,122.5236,19.29
2026-05-29 18:00:00,beam-2b,Beam 2B,121.9493,19.29
2026-05-29 18:00:00,beam-3a,Beam 3A,119.9391,19.29
2026-05-29 18:00:00,beam-3b,Beam 3B,119.4918,19.29
2026-05-29 18:00:00,pier-cap-1,Pier Cap 1,95.4928,19.29
2026-05-29 18:00:00,pier-cap-2,Pier Cap 2,96.6344,19.29
2026-05-29 19:00:00,beam-1a,Beam 1A,119.8229,17.55
2026-05-29 19:00:00,beam-1b,Beam 1B,119.3703,17.55
2026-05-29 19:00:00,beam-2a,Beam 2A,121.9559,17.55
2026-05-29 19:00:00,beam-2b,Beam 2B,121.738,17.55
2026-05-29 19:00:00,beam-3a,Beam 3A,120.9138,17.55
2026-05-29 19:00:00,beam-3b,Beam 3B,119.3361,17.55
2026-05-29 19:00:00,pier-cap-1,Pier Cap 1,96.1651,17.55
2026-05-29 19:00:00,pier-cap-2,Pier Cap 2,96.8619,17.55
2026-05-29 20:00:00,beam-1a,Beam 1A,119.5818,17.09
2026-05-29 20:00:00,beam-1b,Beam 1B,119.6754,17.09
2026-05-29 20:00:00,beam-2a,Beam 2A,121.1474,17.09
2026-05-29 20:00:00,beam-2b,Beam 2B,121.3604,17.09
2026-05-29 20:00:00,beam-3a,Beam 3A,120.1901,17.09
2026-05-29 20:00:00,beam-3b,Beam 3B,118.5465,17.09
2026-05-29 20:00:00,pier-cap-1,Pier Cap 1,95.4498,17.09
2026-05-29 20:00:00,pier-cap-2,Pier Cap 2,95.9854,17.09
2026-05-29 21:00:00,beam-1a,Beam 1A,118.6882,15.18
2026-05-29 21:00:00,beam-1b,Beam 1B,118.7537,15.18
2026-05-29 21:00:00,beam-2a,Beam 2A,120.9528,15.18
2026-05-29 21:00:00,beam-2b,Beam 2B,120.4682,15.18
2026-05-29 21:00:00,beam-3a,Beam 3A,119.7454,15.18
2026-05-29 21:00:00,beam-3b,Beam 3B,118.9516,15.18
2026-05-29 21:00:00,pier-cap-1,Pier Cap 1,95.4897,15.18
2026-05-29 21:00:00,pier-cap-2,Pier Cap 2,95.7782,15.18
2026-05-29 22:00:00,beam-1a,Beam 1A,118.5873,13.1
2026-05-29 22:00:00,beam-1b,Beam 1B,118.425,13.1
2026-05-29 22:00:00,beam-2a,Beam 2A,120.6618,13.1
2026-05-29 22:00:00,beam-2b,Beam 2B,120.6649,13.1
2026-05-29 22:00:00,beam-3a,Beam 3A,119.7758,13.1
2026-05-29 22:00:00,beam-3b,Beam 3B,118.4619,13.1
2026-05-29 22:00:00,pier-cap-1,Pier Cap 1,94.9391,13.1
2026-05-29 22:00:00,pier-cap-2,Pier Cap 2,95.7414,13.1
2026-05-29 23:00:00,beam-1a,Beam 1A,118.6542,10.59
2026-05-29 23:00:00,beam-1b,Beam 1B,117.811,10.59
2026-05-29 23:00:00,beam-2a,Beam 2A,120.2653,10.59
2026-05-29 23:00:00,beam-2b,Beam 2B,120.3524,10.59
2026-05-29 23:00:00,beam-3a,Beam 3A,118.0637,10.59
2026-05-29 23:00:00,beam-3b,Beam 3B,118.4391,10.59
2026-05-29 23:00:00,pier-cap-1,Pier Cap 1,94.462,10.59
2026-05-29 23:00:00,pier-cap-2,Pier Cap 2,95.4248,10.59
2026-05-30 00:00:00,beam-1a,Beam 1A,118.184,10.11
2026-05-30 00:00:00,beam-1b,Beam 1B,117.9976,10.11
2026-05-30 00:00:00,beam-2a,Beam 2A,120.6881,10.11
2026-05-30 00:00:00,beam-2b,Beam 2B,120.3928,10.11
2026-05-30 00:00:00,beam-3a,Beam 3A,118.4879,10.11
2026-05-30 00:00:00,beam-3b,Beam 3B,118.2193,10.11
2026-05-30 00:00:00,pier-cap-1,Pier Cap 1,95.0609,10.11
2026-05-30 00:00:00,pier-cap-2,Pier Cap 2,95.3708,10.11
2026-05-30 01:00:00,beam-1a,Beam 1A,117.4506,8.91
2026-05-30 01:00:00,beam-1b,Beam 1B,117.2817,8.91
2026-05-30 01:00:00,beam-2a,Beam 2A,120.3702,8.91
2026-05-30 01:00:00,beam-2b,Beam 2B,119.8034,8.91
2026-05-30 01:00:00,beam-3a,Beam 3A,118.9403,8.91
2026-05-30 01:00:00,beam-3b,Beam 3B,117.5958,8.91
2026-05-30 01:00:00,pier-cap-1,Pier Cap 1,95.0438,8.91
2026-05-30 01:00:00,pier-cap-2,Pier Cap 2,94.7331,8.91
2026-05-30 02:00:00,beam-1a,Beam 1A,117.3242,8.14
2026-05-30 02:00:00,beam-1b,Beam 1B,117.1244,8.14
2026-05-30 02:00:00,beam-2a,Beam 2A,120.5531,8.14
2026-05-30 02:00:00,beam-2b,Beam 2B,118.85,8.14
2026-05-30 02:00:00,beam-3a,Beam 3A,118.5038,8.14
2026-05-30 02:00:00,beam-3b,Beam 3B,117.5352,8.14
2026-05-30 02:00:00,pier-cap-1,Pier Cap 1,94.3039,8.14
2026-05-30 02:00:00,pier-cap-2,Pier Cap 2,94.7106,8.14
2026-05-30 03:00:00,beam-1a,Beam 1A,118.6007,8.22
2026-05-30 03:00:00,beam-1b,Beam 1B,117.3946,8.22
2026-05-30 03:00:00,beam-2a,Beam 2A,120.445,8.22
2026-05-30 03:00:00,beam-2b,Beam 2B,119.1272,8.22
2026-05-30 03:00:00,beam-3a,Beam 3A,118.6948,8.22
2026-05-30 03:00:00,beam-3b,Beam 3B,117.6296,8.22
2026-05-30 03:00:00,pier-cap-1,Pier Cap 1,94.4835,8.22
2026-05-30 03:00:00,pier-cap-2,Pier Cap 2,94.9476,8.22
2026-05-30 04:00:00,beam-1a,Beam 1A,118.1562,8.21
2026-05-30 04:00:00,beam-1b,Beam 1B,117.8227,8.21
2026-05-30 04:00:00,beam-2a,Beam 2A,120.5712,8.21
2026-05-30 04:00:00,beam-2b,Beam 2B,120.5632,8.21
2026-05-30 04:00:00,beam-3a,Beam 3A,117.7652,8.21
2026-05-30 04:00:00,beam-3b,Beam 3B,118.2304,8.21
2026-05-30 04:00:00,pier-cap-1,Pier Cap 1,94.3989,8.21
2026-05-30 04:00:00,pier-cap-2,Pier Cap 2,95.2605,8.21
2026-05-30 05:00:00,beam-1a,Beam 1A,118.2971,8.95
2026-05-30 05:00:00,beam-1b,Beam 1B,118.0464,8.95
2026-05-30 05:00:00,beam-2a,Beam 2A,120.534,8.95
2026-05-30 05:00:00,beam-2b,Beam 2B,119.4536,8.95
2026-05-30 05:00:00,beam-3a,Beam 3A,118.3228,8.95
2026-05-30 05:00:00,beam-3b,Beam 3B,117.5633,8.95
2026-05-30 05:00:00,pier-cap-1,Pier Cap 1,95.0121,8.95
2026-05-30 05:00:00,pier-cap-2,Pier Cap 2,94.9214,8.95
2026-05-30 06:00:00,beam-1a,Beam 1A,118.8421,10.02
2026-05-30 06:00:00,beam-1b,Beam 1B,118.7866,10.02
2026-05-30 06:00:00,beam-2a,Beam 2A,120.5888,10.02
2026-05-30 06:00:00,beam-2b,Beam 2B,120.6757,10.02
2026-05-30 06:00:00,beam-3a,Beam 3A,118.2669,10.02
2026-05-30 06:00:00,beam-3b,Beam 3B,117.8027,10.02
2026-05-30 06:00:00,pier-cap-1,Pier Cap 1,94.0197,10.02
2026-05-30 06:00:00,pier-cap-2,Pier Cap 2,95.147,10.02
2026-05-30 07:00:00,beam-1a,Beam 1A,118.8515,11.36
2026-05-30 07:00:00,beam-1b,Beam 1B,119.4252,11.36
2026-05-30 07:00:00,beam-2a,Beam 2A,121.2109,11.36
2026-05-30 07:00:00,beam-2b,Beam 2B,119.9975,11.36
2026-05-30 07:00:00,beam-3a,Beam 3A,118.7883,11.36
2026-05-30 07:00:00,beam-3b,Beam 3B,117.9126,11.36
2026-05-30 07:00:00,pier-cap-1,Pier Cap 1,94.9665,11.36
2026-05-30 07:00:00,pier-cap-2,Pier Cap 2,95.0456,11.36
2026-05-30 08:00:00,beam-1a,Beam 1A,120.19,12.19
2026-05-30 08:00:00,beam-1b,Beam 1B,118.9503,12.19
2026-05-30 08:00:00,beam-2a,Beam 2A,121.3066,12.19
2026-05-30 08:00:00,beam-2b,Beam 2B,120.4659,12.19
2026-05-30 08:00:00,beam-3a,Beam 3A,119.5015,12.19
2026-05-30 08:00:00,beam-3b,Beam 3B,117.9482,12.19
2026-05-30 08:00:00,pier-cap-1,Pier Cap 1,94.761,12.19
2026-05-30 08:00:00,pier-cap-2,Pier Cap 2,96.0381,12.19
2026-05-30 09:00:00,beam-1a,Beam 1A,120.1787,14.75
2026-05-30 09:00:00,beam-1b,Beam 1B,119.6593,14.75
2026-05-30 09:00:00,beam-2a,Beam 2A,121.601,14.75
2026-05-30 09:00:00,beam-2b,Beam 2B,121.3007,14.75
2026-05-30 09:00:00,beam-3a,Beam 3A,119.0853,14.75
2026-05-30 09:00:00,beam-3b,Beam 3B,119.0605,14.75
2026-05-30 09:00:00,pier-cap-1,Pier Cap 1,94.6561,14.75
2026-05-30 09:00:00,pier-cap-2,Pier Cap 2,95.9092,14.75
2026-05-30 10:00:00,beam-1a,Beam 1A,121.2062,16.31
2026-05-30 10:00:00,beam-1b,Beam 1B,119.8249,16.31
2026-05-30 10:00:00,beam-2a,Beam 2A,122.2702,16.31
2026-05-30 10:00:00,beam-2b,Beam 2B,121.0337,16.31
2026-05-30 10:00:00,beam-3a,Beam 3A,120.0269,16.31
2026-05-30 10:00:00,beam-3b,Beam 3B,119.3197,16.31
2026-05-30 10:00:00,pier-cap-1,Pier Cap 1,95.4882,16.31
2026-05-30 10:00:00,pier-cap-2,Pier Cap 2,96.4196,16.31
2026-05-30 11:00:00,beam-1a,Beam 1A,121.0649,17.71
2026-05-30 11:00:00,beam-1b,Beam 1B,121.3574,17.71
2026-05-30 11:00:00,beam-2a,Beam 2A,121.1032,17.71
2026-05-30 11:00:00,beam-2b,Beam 2B,122.2784,17.71
2026-05-30 11:00:00,beam-3a,Beam 3A,119.2267,17.71
2026-05-30 11:00:00,beam-3b,Beam 3B,119.9634,17.71
2026-05-30 11:00:00,pier-cap-1,Pier Cap 1,96.3605,17.71
2026-05-30 11:00:00,pier-cap-2,Pier Cap 2,96.3151,17.71
2026-05-30 12:00:00,beam-1a,Beam 1A,122.0661,20.34
2026-05-30 12:00:00,beam-1b,Beam 1B,121.2724,20.34
2026-05-30 12:00:00,beam-2a,Beam 2A,122.4522,20.34
2026-05-30 12:00:00,beam-2b,Beam 2B,122.1987,20.34
2026-05-30 12:00:00,beam-3a,Beam 3A,120.3368,20.34
2026-05-30 12:00:00,beam-3b,Beam 3B,120.3795,20.34
2026-05-30 12:00:00,pier-cap-1,Pier Cap 1,96.0045,20.34
2026-05-30 12:00:00,pier-cap-2,Pier Cap 2,96.7269,20.34
2026-05-30 13:00:00,beam-1a,Beam 1A,121.8599,21.47
2026-05-30 13:00:00,beam-1b,Beam 1B,121.538,21.47
2026-05-30 13:00:00,beam-2a,Beam 2A,122.6723,21.47
2026-05-30 13:00:00,beam-2b,Beam 2B,122.579,21.47
2026-05-30 13:00:00,beam-3a,Beam 3A,121.4978,21.47
2026-05-30 13:00:00,beam-3b,Beam 3B,121.0689,21.47
2026-05-30 13:00:00,pier-cap-1,Pier Cap 1,96.6082,21.47
2026-05-30 13:00:00,pier-cap-2,Pier Cap 2,96.4209,21.47
2026-05-30 14:00:00,beam-1a,Beam 1A,122.1291,22.02
2026-05-30 14:00:00,beam-1b,Beam 1B,120.9614,22.02
2026-05-30 14:00:00,beam-2a,Beam 2A,123.366,22.02
2026-05-30 14:00:00,beam-2b,Beam 2B,122.3979,22.02
2026-05-30 14:00:00,beam-3a,Beam 3A,121.2543,22.02
2026-05-30 14:00:00,beam-3b,Beam 3B,120.3088,22.02
2026-05-30 14:00:00,pier-cap-1,Pier Cap 1,96.8133,22.02
2026-05-30 14:00:00,pier-cap-2,Pier Cap 2,96.3085,22.02
2026-05-30 15:00:00,beam-1a,Beam 1A,121.9761,21.82
2026-05-30 15:00:00,beam-1b,Beam 1B,121.3241,21.82
2026-05-30 15:00:00,beam-2a,Beam 2A,123.4929,21.82
2026-05-30 15:00:00,beam-2b,Beam 2B,122.7278,21.82
2026-05-30 15:00:00,beam-3a,Beam 3A,120.4534,21.82
2026-05-30 15:00:00,beam-3b,Beam 3B,120.2049,21.82
2026-05-30 15:00:00,pier-cap-1,Pier Cap 1,96.4194,21.82
2026-05-30 15:00:00,pier-cap-2,Pier Cap 2,97.2988,21.82
2026-05-30 16:00:00,beam-1a,Beam 1A,121.8241,22.02
2026-05-30 16:00:00,beam-1b,Beam 1B,121.3842,22.02
2026-05-30 16:00:00,beam-2a,Beam 2A,122.3242,22.02
2026-05-30 16:00:00,beam-2b,Beam 2B,123.1358,22.02
2026-05-30 16:00:00,beam-3a,Beam 3A,121.2998,22.02
2026-05-30 16:00:00,beam-3b,Beam 3B,119.8789,22.02
2026-05-30 16:00:00,pier-cap-1,Pier Cap 1,96.4893,22.02
2026-05-30 16:00:00,pier-cap-2,Pier Cap 2,96.9766,22.02
2026-05-30 17:00:00,beam-1a,Beam 1A,121.3467,20.79
2026-05-30 17:00:00,beam-1b,Beam 1B,120.7365,20.79
2026-05-30 17:00:00,beam-2a,Beam 2A,123.2218,20.79
2026-05-30 17:00:00,beam-2b,Beam 2B,122.2048,20.79
2026-05-30 17:00:00,beam-3a,Beam 3A,120.0015,20.79
2026-05-30 17:00:00,beam-3b,Beam 3B,120.3432,20.79
2026-05-30 17:00:00,pier-cap-1,Pier Cap 1,95.7531,20.79
2026-05-30 17:00:00,pier-cap-2,Pier Cap 2,96.8299,20.79
2026-05-30 18:00:00,beam-1a,Beam 1A,120.788,19.75
2026-05-30 18:00:00,beam-1b,Beam 1B,120.846,19.75
2026-05-30 18:00:00,beam-2a,Beam 2A,121.9815,19.75
2026-05-30 18:00:00,beam-2b,Beam 2B,122.742,19.75
2026-05-30 18:00:00,beam-3a,Beam 3A,120.5264,19.75
2026-05-30 18:00:00,beam-3b,Beam 3B,119.9441,19.75
2026-05-30 18:00:00,pier-cap-1,Pier Cap 1,95.8977,19.75
2026-05-30 18:00:00,pier-cap-2,Pier Cap 2,96.2378,19.75
2026-05-30 19:00:00,beam-1a,Beam 1A,121.0167,17.78
2026-05-30 19:00:00,beam-1b,Beam 1B,120.7555,17.78
2026-05-30 19:00:00,beam-2a,Beam 2A,121.5999,17.78
2026-05-30 19:00:00,beam-2b,Beam 2B,121.4118,17.78
2026-05-30 19:00:00,beam-3a,Beam 3A,120.5886,17.78
2026-05-30 19:00:00,beam-3b,Beam 3B,119.7565,17.78
2026-05-30 19:00:00,pier-cap-1,Pier Cap 1,96.0894,17.78
2026-05-30 19:00:00,pier-cap-2,Pier Cap 2,96.0464,17.78
2026-05-30 20:00:00,beam-1a,Beam 1A,119.6669,16.69
2026-05-30 20:00:00,beam-1b,Beam 1B,119.2529,16.69
2026-05-30 20:00:00,beam-2a,Beam 2A,121.7443,16.69
2026-05-30 20:00:00,beam-2b,Beam 2B,121.7436,16.69
2026-05-30 20:00:00,beam-3a,Beam 3A,120.7046,16.69
2026-05-30 20:00:00,beam-3b,Beam 3B,118.9224,16.69
2026-05-30 20:00:00,pier-cap-1,Pier Cap 1,95.6717,16.69
2026-05-30 20:00:00,pier-cap-2,Pier Cap 2,96.4722,16.69
2026-05-30 21:00:00,beam-1a,Beam 1A,119.479,14.74
2026-05-30 21:00:00,beam-1b,Beam 1B,118.7198,14.74
2026-05-30 21:00:00,beam-2a,Beam 2A,121.3214,14.74
2026-05-30 21:00:00,beam-2b,Beam 2B,121.2444,14.74
2026-05-30 21:00:00,beam-3a,Beam 3A,119.8094,14.74
2026-05-30 21:00:00,beam-3b,Beam 3B,119.0744,14.74
2026-05-30 21:00:00,pier-cap-1,Pier Cap 1,95.4717,14.74
2026-05-30 21:00:00,pier-cap-2,Pier Cap 2,96.3836,14.74
2026-05-30 22:00:00,beam-1a,Beam 1A,118.9686,12.39
2026-05-30 22:00:00,beam-1b,Beam 1B,118.2562,12.39
2026-05-30 22:00:00,beam-2a,Beam 2A,120.354,12.39
2026-05-30 22:00:00,beam-2b,Beam 2B,120.1499,12.39
2026-05-30 22:00:00,beam-3a,Beam 3A,118.4708,12.39
2026-05-30 22:00:00,beam-3b,Beam 3B,118.5753,12.39
2026-05-30 22:00:00,pier-cap-1,Pier Cap 1,95.0479,12.39
2026-05-30 22:00:00,pier-cap-2,Pier Cap 2,95.3216,12.39
2026-05-30 23:00:00,beam-1a,Beam 1A,118.8255,11.2
2026-05-30 23:00:00,beam-1b,Beam 1B,118.8468,11.2
2026-05-30 23:00:00,beam-2a,Beam 2A,120.9998,11.2
2026-05-30 23:00:00,beam-2b,Beam 2B,120.4253,11.2
2026-05-30 23:00:00,beam-3a,Beam 3A,118.4213,11.2
2026-05-30 23:00:00,beam-3b,Beam 3B,118.3265,11.2
2026-05-30 23:00:00,pier-cap-1,Pier Cap 1,95.4875,11.2
2026-05-30 23:00:00,pier-cap-2,Pier Cap 2,95.5313,11.2
2026-05-31 00:00:00,beam-1a,Beam 1A,118.5008,11.02
2026-05-31 00:00:00,beam-1b,Beam 1B,118.616,11.02
2026-05-31 00:00:00,beam-2a,Beam 2A,120.9763,11.02
2026-05-31 00:00:00,beam-2b,Beam 2B,120.3075,11.02
2026-05-31 00:00:00,beam-3a,Beam 3A,118.8649,11.02
2026-05-31 00:00:00,beam-3b,Beam 3B,118.0052,11.02
2026-05-31 00:00:00,pier-cap-1,Pier Cap 1,94.6743,11.02
2026-05-31 00:00:00,pier-cap-2,Pier Cap 2,95.3604,11.02
2026-05-31 01:00:00,beam-1a,Beam 1A,118.7239,10.66
2026-05-31 01:00:00,beam-1b,Beam 1B,118.1663,10.66
2026-05-31 01:00:00,beam-2a,Beam 2A,121.0539,10.66
2026-05-31 01:00:00,beam-2b,Beam 2B,119.891,10.66
2026-05-31 01:00:00,beam-3a,Beam 3A,119.5811,10.66
2026-05-31 01:00:00,beam-3b,Beam 3B,118.5919,10.66
2026-05-31 01:00:00,pier-cap-1,Pier Cap 1,95.2308,10.66
2026-05-31 01:00:00,pier-cap-2,Pier Cap 2,95.213,10.66
2026-05-31 02:00:00,beam-1a,Beam 1A,118.4299,9.6
2026-05-31 02:00:00,beam-1b,Beam 1B,118.1018,9.6
2026-05-31 02:00:00,beam-2a,Beam 2A,120.2468,9.6
2026-05-31 02:00:00,beam-2b,Beam 2B,120.1633,9.6
2026-05-31 02:00:00,beam-3a,Beam 3A,118.7103,9.6
2026-05-31 02:00:00,beam-3b,Beam 3B,118.6917,9.6
2026-05-31 02:00:00,pier-cap-1,Pier Cap 1,94.6302,9.6
2026-05-31 02:00:00,pier-cap-2,Pier Cap 2,95.6457,9.6
2026-05-31 03:00:00,beam-1a,Beam 1A,117.9609,9.01
2026-05-31 03:00:00,beam-1b,Beam 1B,117.8288,9.01
2026-05-31 03:00:00,beam-2a,Beam 2A,120.286,9.01
2026-05-31 03:00:00,beam-2b,Beam 2B,119.9603,9.01
2026-05-31 03:00:00,beam-3a,Beam 3A,119.2718,9.01
2026-05-31 03:00:00,beam-3b,Beam 3B,117.4731,9.01
2026-05-31 03:00:00,pier-cap-1,Pier Cap 1,95.0096,9.01
2026-05-31 03:00:00,pier-cap-2,Pier Cap 2,94.8654,9.01
2026-05-31 04:00:00,beam-1a,Beam 1A,118.7395,9.34
2026-05-31 04:00:00,beam-1b,Beam 1B,118.6476,9.34
2026-05-31 04:00:00,beam-2a,Beam 2A,120.3563,9.34
2026-05-31 04:00:00,beam-2b,Beam 2B,119.9395,9.34
2026-05-31 04:00:00,beam-3a,Beam 3A,117.921,9.34
2026-05-31 04:00:00,beam-3b,Beam 3B,118.1772,9.34
2026-05-31 04:00:00,pier-cap-1,Pier Cap 1,94.1839,9.34
2026-05-31 04:00:00,pier-cap-2,Pier Cap 2,95.4236,9.34
2026-05-31 05:00:00,beam-1a,Beam 1A,118.6529,9.96
2026-05-31 05:00:00,beam-1b,Beam 1B,118.5051,9.96
2026-05-31 05:00:00,beam-2a,Beam 2A,121.1672,9.96
2026-05-31 05:00:00,beam-2b,Beam 2B,120.0646,9.96
2026-05-31 05:00:00,beam-3a,Beam 3A,118.3017,9.96
2026-05-31 05:00:00,beam-3b,Beam 3B,117.0351,9.96
2026-05-31 05:00:00,pier-cap-1,Pier Cap 1,94.6994,9.96
2026-05-31 05:00:00,pier-cap-2,Pier Cap 2,95.2584,9.96
2026-05-31 06:00:00,beam-1a,Beam 1A,118.8455,10.97
2026-05-31 06:00:00,beam-1b,Beam 1B,118.9615,10.97
2026-05-31 06:00:00,beam-2a,Beam 2A,119.561,10.97
2026-05-31 06:00:00,beam-2b,Beam 2B,120.2587,10.97
2026-05-31 06:00:00,beam-3a,Beam 3A,118.5365,10.97
2026-05-31 06:00:00,beam-3b,Beam 3B,118.469,10.97
2026-05-31 06:00:00,pier-cap-1,Pier Cap 1,94.6779,10.97
2026-05-31 06:00:00,pier-cap-2,Pier Cap 2,95.291,10.97
2026-05-31 07:00:00,beam-1a,Beam 1A,119.8884,12.07
2026-05-31 07:00:00,beam-1b,Beam 1B,119.6536,12.07
2026-05-31 07:00:00,beam-2a,Beam 2A,120.5315,12.07
2026-05-31 07:00:00,beam-2b,Beam 2B,120.3672,12.07
2026-05-31 07:00:00,beam-3a,Beam 3A,119.1427,12.07
2026-05-31 07:00:00,beam-3b,Beam 3B,117.789,12.07
2026-05-31 07:00:00,pier-cap-1,Pier Cap 1,95.0026,12.07
2026-05-31 07:00:00,pier-cap-2,Pier Cap 2,95.8723,12.07
2026-05-31 08:00:00,beam-1a,Beam 1A,120.561,14.13
2026-05-31 08:00:00,beam-1b,Beam 1B,119.9245,14.13
2026-05-31 08:00:00,beam-2a,Beam 2A,121.3287,14.13
2026-05-31 08:00:00,beam-2b,Beam 2B,120.9824,14.13
2026-05-31 08:00:00,beam-3a,Beam 3A,119.6842,14.13
2026-05-31 08:00:00,beam-3b,Beam 3B,118.6514,14.13
2026-05-31 08:00:00,pier-cap-1,Pier Cap 1,95.6366,14.13
2026-05-31 08:00:00,pier-cap-2,Pier Cap 2,95.8569,14.13
2026-05-31 09:00:00,beam-1a,Beam 1A,120.9786,15.71
2026-05-31 09:00:00,beam-1b,Beam 1B,120.312,15.71
2026-05-31 09:00:00,beam-2a,Beam 2A,121.207,15.71
2026-05-31 09:00:00,beam-2b,Beam 2B,120.9836,15.71
2026-05-31 09:00:00,beam-3a,Beam 3A,119.5057,15.71
2026-05-31 09:00:00,beam-3b,Beam 3B,118.6746,15.71
2026-05-31 09:00:00,pier-cap-1,Pier Cap 1,95.6195,15.71
2026-05-31 09:00:00,pier-cap-2,Pier Cap 2,95.977,15.71
2026-05-31 10:00:00,beam-1a,Beam 1A,121.3627,17.32
2026-05-31 10:00:00,beam-1b,Beam 1B,120.7679,17.32
2026-05-31 10:00:00,beam-2a,Beam 2A,121.8599,17.32
2026-05-31 10:00:00,beam-2b,Beam 2B,122.6259,17.32
2026-05-31 10:00:00,beam-3a,Beam 3A,119.5616,17.32
2026-05-31 10:00:00,beam-3b,Beam 3B,119.3646,17.32
2026-05-31 10:00:00,pier-cap-1,Pier Cap 1,96.1135,17.32
2026-05-31 10:00:00,pier-cap-2,Pier Cap 2,96.6612,17.32
2026-05-31 11:00:00,beam-1a,Beam 1A,121.0128,19.71
2026-05-31 11:00:00,beam-1b,Beam 1B,121.5676,19.71
2026-05-31 11:00:00,beam-2a,Beam 2A,122.3914,19.71
2026-05-31 11:00:00,beam-2b,Beam 2B,121.4781,19.71
2026-05-31 11:00:00,beam-3a,Beam 3A,119.8194,19.71
2026-05-31 11:00:00,beam-3b,Beam 3B,120.1883,19.71
2026-05-31 11:00:00,pier-cap-1,Pier Cap 1,95.9053,19.71
2026-05-31 11:00:00,pier-cap-2,Pier Cap 2,96.9811,19.71
2026-05-31 12:00:00,beam-1a,Beam 1A,121.4619,21.11
2026-05-31 12:00:00,beam-1b,Beam 1B,122.1145,21.11
2026-05-31 12:00:00,beam-2a,Beam 2A,122.4591,21.11
2026-05-31 12:00:00,beam-2b,Beam 2B,122.0882,21.11
2026-05-31 12:00:00,beam-3a,Beam 3A,121.1195,21.11
2026-05-31 12:00:00,beam-3b,Beam 3B,119.511,21.11
2026-05-31 12:00:00,pier-cap-1,Pier Cap 1,96.0698,21.11
2026-05-31 12:00:00,pier-cap-2,Pier Cap 2,97.1772,21.11
2026-05-31 13:00:00,beam-1a,Beam 1A,122.6184,21.35
2026-05-31 13:00:00,beam-1b,Beam 1B,121.7326,21.35
2026-05-31 13:00:00,beam-2a,Beam 2A,122.7962,21.35
2026-05-31 13:00:00,beam-2b,Beam 2B,122.1681,21.35
2026-05-31 13:00:00,beam-3a,Beam 3A,121.0964,21.35
2026-05-31 13:00:00,beam-3b,Beam 3B,120.0811,21.35
2026-05-31 13:00:00,pier-cap-1,Pier Cap 1,96.3576,21.35
2026-05-31 13:00:00,pier-cap-2,Pier Cap 2,95.6865,21.35
2026-05-31 14:00:00,beam-1a,Beam 1A,121.7269,22.72
2026-05-31 14:00:00,beam-1b,Beam 1B,121.9746,22.72
2026-05-31 14:00:00,beam-2a,Beam 2A,123.2946,22.72
2026-05-31 14:00:00,beam-2b,Beam 2B,123.4596,22.72
2026-05-31 14:00:00,beam-3a,Beam 3A,121.3186,22.72
2026-05-31 14:00:00,beam-3b,Beam 3B,120.2865,22.72
2026-05-31 14:00:00,pier-cap-1,Pier Cap 1,96.5459,22.72
2026-05-31 14:00:00,pier-cap-2,Pier Cap 2,97.1896,22.72
2026-05-31 15:00:00,beam-1a,Beam 1A,122.3092,23.4
2026-05-31 15:00:00,beam-1b,Beam 1B,121.6255,23.4
2026-05-31 15:00:00,beam-2a,Beam 2A,123.086,23.4
2026-05-31 15:00:00,beam-2b,Beam 2B,122.2525,23.4
2026-05-31 15:00:00,beam-3a,Beam 3A,121.1777,23.4
2026-05-31 15:00:00,beam-3b,Beam 3B,121.1499,23.4
2026-05-31 15:00:00,pier-cap-1,Pier Cap 1,96.6047,23.4
2026-05-31 15:00:00,pier-cap-2,Pier Cap 2,97.224,23.4
2026-05-31 16:00:00,beam-1a,Beam 1A,121.6465,23.19
2026-05-31 16:00:00,beam-1b,Beam 1B,121.2392,23.19
2026-05-31 16:00:00,beam-2a,Beam 2A,122.9566,23.19
2026-05-31 16:00:00,beam-2b,Beam 2B,122.9083,23.19
2026-05-31 16:00:00,beam-3a,Beam 3A,121.1749,23.19
2026-05-31 16:00:00,beam-3b,Beam 3B,120.7071,23.19
2026-05-31 16:00:00,pier-cap-1,Pier Cap 1,96.3409,23.19
2026-05-31 16:00:00,pier-cap-2,Pier Cap 2,97.118,23.19
2026-05-31 17:00:00,beam-1a,Beam 1A,121.6063,22.48
2026-05-31 17:00:00,beam-1b,Beam 1B,121.4073,22.48
2026-05-31 17:00:00,beam-2a,Beam 2A,122.9291,22.48
2026-05-31 17:00:00,beam-2b,Beam 2B,122.6948,22.48
2026-05-31 17:00:00,beam-3a,Beam 3A,120.768,22.48
2026-05-31 17:00:00,beam-3b,Beam 3B,120.0086,22.48
2026-05-31 17:00:00,pier-cap-1,Pier Cap 1,96.8811,22.48
2026-05-31 17:00:00,pier-cap-2,Pier Cap 2,97.2045,22.48
2026-05-31 18:00:00,beam-1a,Beam 1A,120.9255,20.97
2026-05-31 18:00:00,beam-1b,Beam 1B,120.8071,20.97
2026-05-31 18:00:00,beam-2a,Beam 2A,122.691,20.97
2026-05-31 18:00:00,beam-2b,Beam 2B,122.4274,20.97
2026-05-31 18:00:00,beam-3a,Beam 3A,120.8219,20.97
2026-05-31 18:00:00,beam-3b,Beam 3B,119.9693,20.97
2026-05-31 18:00:00,pier-cap-1,Pier Cap 1,96.1866,20.97
2026-05-31 18:00:00,pier-cap-2,Pier Cap 2,96.8736,20.97
2026-05-31 19:00:00,beam-1a,Beam 1A,120.8205,19.17
2026-05-31 19:00:00,beam-1b,Beam 1B,119.726,19.17
2026-05-31 19:00:00,beam-2a,Beam 2A,121.6372,19.17
2026-05-31 19:00:00,beam-2b,Beam 2B,122.4278,19.17
2026-05-31 19:00:00,beam-3a,Beam 3A,120.4637,19.17
2026-05-31 19:00:00,beam-3b,Beam 3B,120.3363,19.17
2026-05-31 19:00:00,pier-cap-1,Pier Cap 1,96.4528,19.17
2026-05-31 19:00:00,pier-cap-2,Pier Cap 2,96.7283,19.17
2026-05-31 20:00:00,beam-1a,Beam 1A,120.1547,17.38
2026-05-31 20:00:00,beam-1b,Beam 1B,119.592,17.38
2026-05-31 20:00:00,beam-2a,Beam 2A,122.1612,17.38
2026-05-31 20:00:00,beam-2b,Beam 2B,122.0629,17.38
2026-05-31 20:00:00,beam-3a,Beam 3A,120.2281,17.38
2026-05-31 20:00:00,beam-3b,Beam 3B,119.7027,17.38
2026-05-31 20:00:00,pier-cap-1,Pier Cap 1,95.7612,17.38
2026-05-31 20:00:00,pier-cap-2,Pier Cap 2,96.177,17.38
2026-05-31 21:00:00,beam-1a,Beam 1A,119.6029,16.14
2026-05-31 21:00:00,beam-1b,Beam 1B,119.3308,16.14
2026-05-31 21:00:00,beam-2a,Beam 2A,121.5481,16.14
2026-05-31 21:00:00,beam-2b,Beam 2B,121.1481,16.14
2026-05-31 21:00:00,beam-3a,Beam 3A,119.4958,16.14
2026-05-31 21:00:00,beam-3b,Beam 3B,118.8957,16.14
2026-05-31 21:00:00,pier-cap-1,Pier Cap 1,95.7659,16.14
2026-05-31 21:00:00,pier-cap-2,Pier Cap 2,96.5208,16.14
2026-05-31 22:00:00,beam-1a,Beam 1A,118.9708,14.34
2026-05-31 22:00:00,beam-1b,Beam 1B,118.7597,14.34
2026-05-31 22:00:00,beam-2a,Beam 2A,121.8735,14.34
2026-05-31 22:00:00,beam-2b,Beam 2B,121.0465,14.34
2026-05-31 22:00:00,beam-3a,Beam 3A,119.6091,14.34
2026-05-31 22:00:00,beam-3b,Beam 3B,118.782,14.34
2026-05-31 22:00:00,pier-cap-1,Pier Cap 1,95.469,14.34
2026-05-31 22:00:00,pier-cap-2,Pier Cap 2,96.0353,14.34
2026-05-31 23:00:00,beam-1a,Beam 1A,119.1155,13.02
2026-05-31 23:00:00,beam-1b,Beam 1B,119.1404,13.02
2026-05-31 23:00:00,beam-2a,Beam 2A,121.3403,13.02
2026-05-31 23:00:00,beam-2b,Beam 2B,119.9582,13.02
2026-05-31 23:00:00,beam-3a,Beam 3A,119.0865,13.02
2026-05-31 23:00:00,beam-3b,Beam 3B,118.5414,13.02
2026-05-31 23:00:00,pier-cap-1,Pier Cap 1,94.8556,13.02
2026-05-31 23:00:00,pier-cap-2,Pier Cap 2,95.7657,13.02
2026-06-01 00:00:00,beam-1a,Beam 1A,118.2277,11.25
2026-06-01 00:00:00,beam-1b,Beam 1B,118.4201,11.25
2026-06-01 00:00:00,beam-2a,Beam 2A,121.2182,11.25
2026-06-01 00:00:00,beam-2b,Beam 2B,120.3898,11.25
2026-06-01 00:00:00,beam-3a,Beam 3A,118.7161,11.25
2026-06-01 00:00:00,beam-3b,Beam 3B,118.0994,11.25
2026-06-01 00:00:00,pier-cap-1,Pier Cap 1,94.9478,11.25
2026-06-01 00:00:00,pier-cap-2,Pier Cap 2,95.4857,11.25
2026-06-01 01:00:00,beam-1a,Beam 1A,118.5252,9.65
2026-06-01 01:00:00,beam-1b,Beam 1B,118.4562,9.65
2026-06-01 01:00:00,beam-2a,Beam 2A,120.0247,9.65
2026-06-01 01:00:00,beam-2b,Beam 2B,119.7115,9.65
2026-06-01 01:00:00,beam-3a,Beam 3A,118.9689,9.65
2026-06-01 01:00:00,beam-3b,Beam 3B,117.3841,9.65
2026-06-01 01:00:00,pier-cap-1,Pier Cap 1,95.1753,9.65
2026-06-01 01:00:00,pier-cap-2,Pier Cap 2,95.444,9.65
2026-06-01 02:00:00,beam-1a,Beam 1A,119.1598,8.5
2026-06-01 02:00:00,beam-1b,Beam 1B,117.9327,8.5
2026-06-01 02:00:00,beam-2a,Beam 2A,120.0517,8.5
2026-06-01 02:00:00,beam-2b,Beam 2B,119.7257,8.5
2026-06-01 02:00:00,beam-3a,Beam 3A,118.6619,8.5
2026-06-01 02:00:00,beam-3b,Beam 3B,117.5281,8.5
2026-06-01 02:00:00,pier-cap-1,Pier Cap 1,94.5007,8.5
2026-06-01 02:00:00,pier-cap-2,Pier Cap 2,95.2317,8.5
2026-06-01 03:00:00,beam-1a,Beam 1A,118.8713,8.63
2026-06-01 03:00:00,beam-1b,Beam 1B,118.0272,8.63
2026-06-01 03:00:00,beam-2a,Beam 2A,119.7296,8.63
2026-06-01 03:00:00,beam-2b,Beam 2B,119.1524,8.63
2026-06-01 03:00:00,beam-3a,Beam 3A,118.214,8.63
2026-06-01 03:00:00,beam-3b,Beam 3B,118.2765,8.63
2026-06-01 03:00:00,pier-cap-1,Pier Cap 1,94.7153,8.63
2026-06-01 03:00:00,pier-cap-2,Pier Cap 2,94.9111,8.63
2026-06-01 04:00:00,beam-1a,Beam 1A,118.8532,9.09
2026-06-01 04:00:00,beam-1b,Beam 1B,117.874,9.09
2026-06-01 04:00:00,beam-2a,Beam 2A,120.0351,9.09
2026-06-01 04:00:00,beam-2b,Beam 2B,120.0792,9.09
2026-06-01 04:00:00,beam-3a,Beam 3A,118.3187,9.09
2026-06-01 04:00:00,beam-3b,Beam 3B,117.7429,9.09
2026-06-01 04:00:00,pier-cap-1,Pier Cap 1,94.7209,9.09
2026-06-01 04:00:00,pier-cap-2,Pier Cap 2,95.31,9.09
2026-06-01 05:00:00,beam-1a,Beam 1A,118.8289,9.62
2026-06-01 05:00:00,beam-1b,Beam 1B,118.4631,9.62
2026-06-01 05:00:00,beam-2a,Beam 2A,120.9244,9.62
2026-06-01 05:00:00,beam-2b,Beam 2B,119.3449,9.62
2026-06-01 05:00:00,beam-3a,Beam 3A,118.1587,9.62
2026-06-01 05:00:00,beam-3b,Beam 3B,117.9412,9.62
2026-06-01 05:00:00,pier-cap-1,Pier Cap 1,94.6848,9.62
2026-06-01 05:00:00,pier-cap-2,Pier Cap 2,95.1449,9.62
2026-06-01 06:00:00,beam-1a,Beam 1A,118.5391,10.58
2026-06-01 06:00:00,beam-1b,Beam 1B,118.8223,10.58
2026-06-01 06:00:00,beam-2a,Beam 2A,121.2109,10.58
2026-06-01 06:00:00,beam-2b,Beam 2B,120.2753,10.58
2026-06-01 06:00:00,beam-3a,Beam 3A,119.6261,10.58
2026-06-01 06:00:00,beam-3b,Beam 3B,118.2093,10.58
2026-06-01 06:00:00,pier-cap-1,Pier Cap 1,94.7929,10.58
2026-06-01 06:00:00,pier-cap-2,Pier Cap 2,95.812,10.58
2026-06-01 07:00:00,beam-1a,Beam 1A,119.1968,12.36
2026-06-01 07:00:00,beam-1b,Beam 1B,118.7811,12.36
2026-06-01 07:00:00,beam-2a,Beam 2A,120.5131,12.36
2026-06-01 07:00:00,beam-2b,Beam 2B,120.0818,12.36
2026-06-01 07:00:00,beam-3a,Beam 3A,120.1302,12.36
2026-06-01 07:00:00,beam-3b,Beam 3B,119.2751,12.36
2026-06-01 07:00:00,pier-cap-1,Pier Cap 1,95.1685,12.36
2026-06-01 07:00:00,pier-cap-2,Pier Cap 2,95.8336,12.36
2026-06-01 08:00:00,beam-1a,Beam 1A,120.5319,13.75
2026-06-01 08:00:00,beam-1b,Beam 1B,119.4941,13.75
2026-06-01 08:00:00,beam-2a,Beam 2A,121.0661,13.75
2026-06-01 08:00:00,beam-2b,Beam 2B,120.5096,13.75
2026-06-01 08:00:00,beam-3a,Beam 3A,120.4158,13.75
2026-06-01 08:00:00,beam-3b,Beam 3B,118.7651,13.75
2026-06-01 08:00:00,pier-cap-1,Pier Cap 1,95.4411,13.75
2026-06-01 08:00:00,pier-cap-2,Pier Cap 2,95.5244,13.75
2026-06-01 09:00:00,beam-1a,Beam 1A,120.2265,15.51
2026-06-01 09:00:00,beam-1b,Beam 1B,119.9898,15.51
2026-06-01 09:00:00,beam-2a,Beam 2A,121.5714,15.51
2026-06-01 09:00:00,beam-2b,Beam 2B,121.6638,15.51
2026-06-01 09:00:00,beam-3a,Beam 3A,120.073,15.51
2026-06-01 09:00:00,beam-3b,Beam 3B,119.4797,15.51
2026-06-01 09:00:00,pier-cap-1,Pier Cap 1,95.0708,15.51
2026-06-01 09:00:00,pier-cap-2,Pier Cap 2,96.6756,15.51
2026-06-01 10:00:00,beam-1a,Beam 1A,120.7489,17.7
2026-06-01 10:00:00,beam-1b,Beam 1B,120.7383,17.7
2026-06-01 10:00:00,beam-2a,Beam 2A,122.2736,17.7
2026-06-01 10:00:00,beam-2b,Beam 2B,121.8746,17.7
2026-06-01 10:00:00,beam-3a,Beam 3A,119.6506,17.7
2026-06-01 10:00:00,beam-3b,Beam 3B,119.3031,17.7
2026-06-01 10:00:00,pier-cap-1,Pier Cap 1,95.8787,17.7
2026-06-01 10:00:00,pier-cap-2,Pier Cap 2,95.6739,17.7
2026-06-01 11:00:00,beam-1a,Beam 1A,121.2402,19.1
2026-06-01 11:00:00,beam-1b,Beam 1B,121.0597,19.1
2026-06-01 11:00:00,beam-2a,Beam 2A,121.616,19.1
2026-06-01 11:00:00,beam-2b,Beam 2B,122.3796,19.1
2026-06-01 11:00:00,beam-3a,Beam 3A,120.2751,19.1
2026-06-01 11:00:00,beam-3b,Beam 3B,119.6882,19.1
2026-06-01 11:00:00,pier-cap-1,Pier Cap 1,95.9597,19.1
2026-06-01 11:00:00,pier-cap-2,Pier Cap 2,96.7062,19.1
2026-06-01 12:00:00,beam-1a,Beam 1A,121.2556,20.81
2026-06-01 12:00:00,beam-1b,Beam 1B,121.0239,20.81
2026-06-01 12:00:00,beam-2a,Beam 2A,122.0204,20.81
2026-06-01 12:00:00,beam-2b,Beam 2B,122.8855,20.81
2026-06-01 12:00:00,beam-3a,Beam 3A,120.7264,20.81
2026-06-01 12:00:00,beam-3b,Beam 3B,120.1079,20.81
2026-06-01 12:00:00,pier-cap-1,Pier Cap 1,96.1537,20.81
2026-06-01 12:00:00,pier-cap-2,Pier Cap 2,96.5623,20.81
2026-06-01 13:00:00,beam-1a,Beam 1A,121.3631,21.93
2026-06-01 13:00:00,beam-1b,Beam 1B,121.5566,21.93
2026-06-01 13:00:00,beam-2a,Beam 2A,123.0823,21.93
2026-06-01 13:00:00,beam-2b,Beam 2B,122.1773,21.93
2026-06-01 13:00:00,beam-3a,Beam 3A,122.0916,21.93
2026-06-01 13:00:00,beam-3b,Beam 3B,120.0461,21.93
2026-06-01 13:00:00,pier-cap-1,Pier Cap 1,96.8286,21.93
2026-06-01 13:00:00,pier-cap-2,Pier Cap 2,97.5045,21.93
2026-06-01 14:00:00,beam-1a,Beam 1A,121.6575,22.07
2026-06-01 14:00:00,beam-1b,Beam 1B,121.2115,22.07
2026-06-01 14:00:00,beam-2a,Beam 2A,122.1336,22.07
2026-06-01 14:00:00,beam-2b,Beam 2B,123.1129,22.07
2026-06-01 14:00:00,beam-3a,Beam 3A,121.6897,22.07
2026-06-01 14:00:00,beam-3b,Beam 3B,120.2713,22.07
2026-06-01 14:00:00,pier-cap-1,Pier Cap 1,96.24,22.07
2026-06-01 14:00:00,pier-cap-2,Pier Cap 2,97.0358,22.07
2026-06-01 15:00:00,beam-1a,Beam 1A,121.3036,22.57
2026-06-01 15:00:00,beam-1b,Beam 1B,120.2112,22.57
2026-06-01 15:00:00,beam-2a,Beam 2A,122.8349,22.57
2026-06-01 15:00:00,beam-2b,Beam 2B,122.0274,22.57
2026-06-01 15:00:00,beam-3a,Beam 3A,121.2785,22.57
2026-06-01 15:00:00,beam-3b,Beam 3B,120.7488,22.57
2026-06-01 15:00:00,pier-cap-1,Pier Cap 1,96.1168,22.57
2026-06-01 15:00:00,pier-cap-2,Pier Cap 2,96.7971,22.57
2026-06-01 16:00:00,beam-1a,Beam 1A,121.2879,23.1
2026-06-01 16:00:00,beam-1b,Beam 1B,120.9776,23.1
2026-06-01 16:00:00,beam-2a,Beam 2A,123.1843,23.1
2026-06-01 16:00:00,beam-2b,Beam 2B,123.0179,23.1
2026-06-01 16:00:00,beam-3a,Beam 3A,120.874,23.1
2026-06-01 16:00:00,beam-3b,Beam 3B,120.2583,23.1
2026-06-01 16:00:00,pier-cap-1,Pier Cap 1,96.8533,23.1
2026-06-01 16:00:00,pier-cap-2,Pier Cap 2,97.0346,23.1
2026-06-01 17:00:00,beam-1a,Beam 1A,120.7687,21.36
2026-06-01 17:00:00,beam-1b,Beam 1B,121.0198,21.36
2026-06-01 17:00:00,beam-2a,Beam 2A,122.9379,21.36
2026-06-01 17:00:00,beam-2b,Beam 2B,122.1743,21.36
2026-06-01 17:00:00,beam-3a,Beam 3A,121.1089,21.36
2026-06-01 17:00:00,beam-3b,Beam 3B,120.208,21.36
2026-06-01 17:00:00,pier-cap-1,Pier Cap 1,95.9276,21.36
2026-06-01 17:00:00,pier-cap-2,Pier Cap 2,96.6395,21.36
2026-06-01 18:00:00,beam-1a,Beam 1A,120.7674,19.86
2026-06-01 18:00:00,beam-1b,Beam 1B,119.5959,19.86
2026-06-01 18:00:00,beam-2a,Beam 2A,122.4161,19.86
2026-06-01 18:00:00,beam-2b,Beam 2B,121.7006,19.86
2026-06-01 18:00:00,beam-3a,Beam 3A,120.1748,19.86
2026-06-01 18:00:00,beam-3b,Beam 3B,120.1722,19.86
2026-06-01 18:00:00,pier-cap-1,Pier Cap 1,95.5512,19.86
2026-06-01 18:00:00,pier-cap-2,Pier Cap 2,96.5378,19.86
2026-06-01 19:00:00,beam-1a,Beam 1A,120.0807,18.52
2026-06-01 19:00:00,beam-1b,Beam 1B,119.8014,18.52
2026-06-01 19:00:00,beam-2a,Beam 2A,122.0569,18.52
2026-06-01 19:00:00,beam-2b,Beam 2B,122.049,18.52
2026-06-01 19:00:00,beam-3a,Beam 3A,121.5255,18.52
2026-06-01 19:00:00,beam-3b,Beam 3B,119.3795,18.52
2026-06-01 19:00:00,pier-cap-1,Pier Cap 1,96.1999,18.52
2026-06-01 19:00:00,pier-cap-2,Pier Cap 2,96.3288,18.52
2026-06-01 20:00:00,beam-1a,Beam 1A,119.7628,17.58
2026-06-01 20:00:00,beam-1b,Beam 1B,119.9801,17.58
2026-06-01 20:00:00,beam-2a,Beam 2A,122.3546,17.58
2026-06-01 20:00:00,beam-2b,Beam 2B,121.9948,17.58
2026-06-01 20:00:00,beam-3a,Beam 3A,120.6415,17.58
2026-06-01 20:00:00,beam-3b,Beam 3B,119.8744,17.58
2026-06-01 20:00:00,pier-cap-1,Pier Cap 1,95.8352,17.58
2026-06-01 20:00:00,pier-cap-2,Pier Cap 2,96.0623,17.58
2026-06-01 21:00:00,beam-1a,Beam 1A,119.5487,15.77
2026-06-01 21:00:00,beam-1b,Beam 1B,118.6736,15.77
2026-06-01 21:00:00,beam-2a,Beam 2A,121.7687,15.77
2026-06-01 21:00:00,beam-2b,Beam 2B,121.6207,15.77
2026-06-01 21:00:00,beam-3a,Beam 3A,119.411,15.77
2026-06-01 21:00:00,beam-3b,Beam 3B,119.1724,15.77
2026-06-01 21:00:00,pier-cap-1,Pier Cap 1,95.6578,15.77
2026-06-01 21:00:00,pier-cap-2,Pier Cap 2,96.097,15.77
2026-06-01 22:00:00,beam-1a,Beam 1A,118.7965,13.9
2026-06-01 22:00:00,beam-1b,Beam 1B,118.447,13.9
2026-06-01 22:00:00,beam-2a,Beam 2A,121.0216,13.9
2026-06-01 22:00:00,beam-2b,Beam 2B,120.9663,13.9
2026-06-01 22:00:00,beam-3a,Beam 3A,118.824,13.9
2026-06-01 22:00:00,beam-3b,Beam 3B,118.7336,13.9
2026-06-01 22:00:00,pier-cap-1,Pier Cap 1,95.1025,13.9
2026-06-01 22:00:00,pier-cap-2,Pier Cap 2,95.8526,13.9
2026-06-01 23:00:00,beam-1a,Beam 1A,118.4542,12.75
2026-06-01 23:00:00,beam-1b,Beam 1B,117.6952,12.75
2026-06-01 23:00:00,beam-2a,Beam 2A,121.0643,12.75
2026-06-01 23:00:00,beam-2b,Beam 2B,120.702,12.75
2026-06-01 23:00:00,beam-3a,Beam 3A,118.2907,12.75
2026-06-01 23:00:00,beam-3b,Beam 3B,117.8689,12.75
2026-06-01 23:00:00,pier-cap-1,Pier Cap 1,94.6466,12.75
2026-06-01 23:00:00,pier-cap-2,Pier Cap 2,95.2631,12.75
2026-06-02 00:00:00,beam-1a,Beam 1A,118.0975,9.43
2026-06-02 00:00:00,beam-1b,Beam 1B,118.1023,9.43
2026-06-02 00:00:00,beam-2a,Beam 2A,120.5401,9.43
2026-06-02 00:00:00,beam-2b,Beam 2B,120.1976,9.43
2026-06-02 00:00:00,beam-3a,Beam 3A,118.9313,9.43
2026-06-02 00:00:00,beam-3b,Beam 3B,117.8118,9.43
2026-06-02 00:00:00,pier-cap-1,Pier Cap 1,94.2094,9.43
2026-06-02 00:00:00,pier-cap-2,Pier Cap 2,94.5677,9.43
2026-06-02 01:00:00,beam-1a,Beam 1A,118.182,9.55
2026-06-02 01:00:00,beam-1b,Beam 1B,117.519,9.55
2026-06-02 01:00:00,beam-2a,Beam 2A,121.0972,9.55
2026-06-02 01:00:00,beam-2b,Beam 2B,120.1314,9.55
2026-06-02 01:00:00,beam-3a,Beam 3A,118.8251,9.55
2026-06-02 01:00:00,beam-3b,Beam 3B,118.0945,9.55
2026-06-02 01:00:00,pier-cap-1,Pier Cap 1,94.5008,9.55
2026-06-02 01:00:00,pier-cap-2,Pier Cap 2,95.1757,9.55
2026-06-02 02:00:00,beam-1a,Beam 1A,117.9288,9.32
2026-06-02 02:00:00,beam-1b,Beam 1B,117.5966,9.32
2026-06-02 02:00:00,beam-2a,Beam 2A,120.6778,9.32
2026-06-02 02:00:00,beam-2b,Beam 2B,120.1798,9.32
2026-06-02 02:00:00,beam-3a,Beam 3A,119.205,9.32
2026-06-02 02:00:00,beam-3b,Beam 3B,118.531,9.32
2026-06-02 02:00:00,pier-cap-1,Pier Cap 1,94.1657,9.32
2026-06-02 02:00:00,pier-cap-2,Pier Cap 2,95.207,9.32
2026-06-02 03:00:00,beam-1a,Beam 1A,117.8913,8.0
2026-06-02 03:00:00,beam-1b,Beam 1B,117.9371,8.0
2026-06-02 03:00:00,beam-2a,Beam 2A,120.5863,8.0
2026-06-02 03:00:00,beam-2b,Beam 2B,119.782,8.0
2026-06-02 03:00:00,beam-3a,Beam 3A,118.8311,8.0
2026-06-02 03:00:00,beam-3b,Beam 3B,117.8692,8.0
2026-06-02 03:00:00,pier-cap-1,Pier Cap 1,94.4424,8.0
2026-06-02 03:00:00,pier-cap-2,Pier Cap 2,95.0694,8.0
2026-06-02 04:00:00,beam-1a,Beam 1A,117.8216,8.54
2026-06-02 04:00:00,beam-1b,Beam 1B,117.9267,8.54
2026-06-02 04:00:00,beam-2a,Beam 2A,119.9637,8.54
2026-06-02 04:00:00,beam-2b,Beam 2B,120.1451,8.54
2026-06-02 04:00:00,beam-3a,Beam 3A,117.8382,8.54
2026-06-02 04:00:00,beam-3b,Beam 3B,118.1667,8.54
2026-06-02 04:00:00,pier-cap-1,Pier Cap 1,94.2922,8.54
2026-06-02 04:00:00,pier-cap-2,Pier Cap 2,95.0963,8.54
2026-06-02 05:00:00,beam-1a,Beam 1A,117.9858,9.09
2026-06-02 05:00:00,beam-1b,Beam 1B,117.5806,9.09
2026-06-02 05:00:00,beam-2a,Beam 2A,120.1083,9.09
2026-06-02 05:00:00,beam-2b,Beam 2B,119.2671,9.09
2026-06-02 05:00:00,beam-3a,Beam 3A,118.0849,9.09
2026-06-02 05:00:00,beam-3b,Beam 3B,117.4539,9.09
2026-06-02 05:00:00,pier-cap-1,Pier Cap 1,94.569,9.09
2026-06-02 05:00:00,pier-cap-2,Pier Cap 2,95.4853,9.09
2026-06-02 06:00:00,beam-1a,Beam 1A,118.8844,10.15
2026-06-02 06:00:00,beam-1b,Beam 1B,117.9886,10.15
2026-06-02 06:00:00,beam-2a,Beam 2A,120.435,10.15
2026-06-02 06:00:00,beam-2b,Beam 2B,120.0766,10.15
2026-06-02 06:00:00,beam-3a,Beam 3A,118.389,10.15
2026-06-02 06:00:00,beam-3b,Beam 3B,118.0333,10.15
2026-06-02 06:00:00,pier-cap-1,Pier Cap 1,94.7184,10.15
2026-06-02 06:00:00,pier-cap-2,Pier Cap 2,95.471,10.15
2026-06-02 07:00:00,beam-1a,Beam 1A,119.2713,11.82
2026-06-02 07:00:00,beam-1b,Beam 1B,118.8888,11.82
2026-06-02 07:00:00,beam-2a,Beam 2A,120.8071,11.82
2026-06-02 07:00:00,beam-2b,Beam 2B,119.911,11.82
2026-06-02 07:00:00,beam-3a,Beam 3A,119.4946,11.82
2026-06-02 07:00:00,beam-3b,Beam 3B,118.8236,11.82
2026-06-02 07:00:00,pier-cap-1,Pier Cap 1,95.0395,11.82
2026-06-02 07:00:00,pier-cap-2,Pier Cap 2,96.2274,11.82
2026-06-02 08:00:00,beam-1a,Beam 1A,119.8399,14.21
2026-06-02 08:00:00,beam-1b,Beam 1B,119.0622,14.21
2026-06-02 08:00:00,beam-2a,Beam 2A,120.9393,14.21
2026-06-02 08:00:00,beam-2b,Beam 2B,121.0532,14.21
2026-06-02 08:00:00,beam-3a,Beam 3A,120.9872,14.21
2026-06-02 08:00:00,beam-3b,Beam 3B,118.5397,14.21
2026-06-02 08:00:00,pier-cap-1,Pier Cap 1,95.4317,14.21
2026-06-02 08:00:00,pier-cap-2,Pier Cap 2,96.7121,14.21
2026-06-02 09:00:00,beam-1a,Beam 1A,120.2144,16.19
2026-06-02 09:00:00,beam-1b,Beam 1B,118.9751,16.19
2026-06-02 09:00:00,beam-2a,Beam 2A,122.244,16.19
2026-06-02 09:00:00,beam-2b,Beam 2B,121.9944,16.19
2026-06-02 09:00:00,beam-3a,Beam 3A,120.2693,16.19
2026-06-02 09:00:00,beam-3b,Beam 3B,119.5636,16.19
2026-06-02 09:00:00,pier-cap-1,Pier Cap 1,95.4751,16.19
2026-06-02 09:00:00,pier-cap-2,Pier Cap 2,95.5508,16.19
2026-06-02 10:00:00,beam-1a,Beam 1A,120.4106,17.13
2026-06-02 10:00:00,beam-1b,Beam 1B,119.9758,17.13
2026-06-02 10:00:00,beam-2a,Beam 2A,122.2795,17.13
2026-06-02 10:00:00,beam-2b,Beam 2B,121.3365,17.13
2026-06-02 10:00:00,beam-3a,Beam 3A,119.6179,17.13
2026-06-02 10:00:00,beam-3b,Beam 3B,119.6615,17.13
2026-06-02 10:00:00,pier-cap-1,Pier Cap 1,95.7748,17.13
2026-06-02 10:00:00,pier-cap-2,Pier Cap 2,95.5605,17.13
2026-06-02 11:00:00,beam-1a,Beam 1A,121.145,19.72
2026-06-02 11:00:00,beam-1b,Beam 1B,119.9832,19.72
2026-06-02 11:00:00,beam-2a,Beam 2A,122.3208,19.72
2026-06-02 11:00:00,beam-2b,Beam 2B,122.094,19.72
2026-06-02 11:00:00,beam-3a,Beam 3A,119.9883,19.72
2026-06-02 11:00:00,beam-3b,Beam 3B,119.9921,19.72
2026-06-02 11:00:00,pier-cap-1,Pier Cap 1,96.1781,19.72
2026-06-02 11:00:00,pier-cap-2,Pier Cap 2,96.6051,19.72
2026-06-02 12:00:00,beam-1a,Beam 1A,121.3718,20.42
2026-06-02 12:00:00,beam-1b,Beam 1B,121.2102,20.42
2026-06-02 12:00:00,beam-2a,Beam 2A,122.8401,20.42
2026-06-02 12:00:00,beam-2b,Beam 2B,122.486,20.42
2026-06-02 12:00:00,beam-3a,Beam 3A,120.7894,20.42
2026-06-02 12:00:00,beam-3b,Beam 3B,119.9142,20.42
2026-06-02 12:00:00,pier-cap-1,Pier Cap 1,95.4839,20.42
2026-06-02 12:00:00,pier-cap-2,Pier Cap 2,96.8639,20.42
2026-06-02 13:00:00,beam-1a,Beam 1A,121.6401,22.22
2026-06-02 13:00:00,beam-1b,Beam 1B,120.983,22.22
2026-06-02 13:00:00,beam-2a,Beam 2A,123.0325,22.22
2026-06-02 13:00:00,beam-2b,Beam 2B,121.7163,22.22
2026-06-02 13:00:00,beam-3a,Beam 3A,121.6611,22.22
2026-06-02 13:00:00,beam-3b,Beam 3B,120.026,22.22
2026-06-02 13:00:00,pier-cap-1,Pier Cap 1,96.6765,22.22
2026-06-02 13:00:00,pier-cap-2,Pier Cap 2,96.9598,22.22
2026-06-02 14:00:00,beam-1a,Beam 1A,121.19,22.18
2026-06-02 14:00:00,beam-1b,Beam 1B,120.5085,22.18
2026-06-02 14:00:00,beam-2a,Beam 2A,123.2234,22.18
2026-06-02 14:00:00,beam-2b,Beam 2B,122.3266,22.18
2026-06-02 14:00:00,beam-3a,Beam 3A,121.4631,22.18
2026-06-02 14:00:00,beam-3b,Beam 3B,120.9851,22.18
2026-06-02 14:00:00,pier-cap-1,Pier Cap 1,96.5216,22.18
2026-06-02 14:00:00,pier-cap-2,Pier Cap 2,97.1877,22.18
2026-06-02 15:00:00,beam-1a,Beam 1A,121.6394,22.51
2026-06-02 15:00:00,beam-1b,Beam 1B,120.5094,22.51
2026-06-02 15:00:00,beam-2a,Beam 2A,122.4634,22.51
2026-06-02 15:00:00,beam-2b,Beam 2B,122.7469,22.51
2026-06-02 15:00:00,beam-3a,Beam 3A,121.3904,22.51
2026-06-02 15:00:00,beam-3b,Beam 3B,120.6472,22.51
2026-06-02 15:00:00,pier-cap-1,Pier Cap 1,96.6951,22.51
2026-06-02 15:00:00,pier-cap-2,Pier Cap 2,96.9448,22.51
2026-06-02 16:00:00,beam-1a,Beam 1A,121.0526,22.36
2026-06-02 16:00:00,beam-1b,Beam 1B,119.9114,22.36
2026-06-02 16:00:00,beam-2a,Beam 2A,122.9139,22.36
2026-06-02 16:00:00,beam-2b,Beam 2B,121.4134,22.36
2026-06-02 16:00:00,beam-3a,Beam 3A,120.3755,22.36
2026-06-02 16:00:00,beam-3b,Beam 3B,120.5178,22.36
2026-06-02 16:00:00,pier-cap-1,Pier Cap 1,96.1181,22.36
2026-06-02 16:00:00,pier-cap-2,Pier Cap 2,96.796,22.36
2026-06-02 17:00:00,beam-1a,Beam 1A,121.1258,22.79
2026-06-02 17:00:00,beam-1b,Beam 1B,120.1197,22.79
2026-06-02 17:00:00,beam-2a,Beam 2A,123.0342,22.79
2026-06-02 17:00:00,beam-2b,Beam 2B,122.2667,22.79
2026-06-02 17:00:00,beam-3a,Beam 3A,120.4555,22.79
2026-06-02 17:00:00,beam-3b,Beam 3B,120.335,22.79
2026-06-02 17:00:00,pier-cap-1,Pier Cap 1,96.4733,22.79
2026-06-02 17:00:00,pier-cap-2,Pier Cap 2,96.9052,22.79
2026-06-02 18:00:00,beam-1a,Beam 1A,120.455,20.74
2026-06-02 18:00:00,beam-1b,Beam 1B,120.312,20.74
2026-06-02 18:00:00,beam-2a,Beam 2A,122.8982,20.74
2026-06-02 18:00:00,beam-2b,Beam 2B,122.689,20.74
2026-06-02 18:00:00,beam-3a,Beam 3A,121.0033,20.74
2026-06-02 18:00:00,beam-3b,Beam 3B,120.1045,20.74
2026-06-02 18:00:00,pier-cap-1,Pier Cap 1,95.9341,20.74
2026-06-02 18:00:00,pier-cap-2,Pier Cap 2,96.7015,20.74
2026-06-02 19:00:00,beam-1a,Beam 1A,119.8411,18.67
2026-06-02 19:00:00,beam-1b,Beam 1B,120.1358,18.67
2026-06-02 19:00:00,beam-2a,Beam 2A,121.9827,18.67
2026-06-02 19:00:00,beam-2b,Beam 2B,122.2353,18.67
2026-06-02 19:00:00,beam-3a,Beam 3A,120.5428,18.67
2026-06-02 19:00:00,beam-3b,Beam 3B,119.755,18.67
2026-06-02 19:00:00,pier-cap-1,Pier Cap 1,96.1739,18.67
2026-06-02 19:00:00,pier-cap-2,Pier Cap 2,96.7036,18.67
2026-06-02 20:00:00,beam-1a,Beam 1A,119.1413,17.65
2026-06-02 20:00:00,beam-1b,Beam 1B,119.2531,17.65
2026-06-02 20:00:00,beam-2a,Beam 2A,121.0305,17.65
2026-06-02 20:00:00,beam-2b,Beam 2B,121.7802,17.65
2026-06-02 20:00:00,beam-3a,Beam 3A,121.0153,17.65
2026-06-02 20:00:00,beam-3b,Beam 3B,119.644,17.65
2026-06-02 20:00:00,pier-cap-1,Pier Cap 1,95.3764,17.65
2026-06-02 20:00:00,pier-cap-2,Pier Cap 2,96.1519,17.65
2026-06-02 21:00:00,beam-1a,Beam 1A,119.0902,15.31
2026-06-02 21:00:00,beam-1b,Beam 1B,118.4125,15.31
2026-06-02 21:00:00,beam-2a,Beam 2A,121.129,15.31
2026-06-02 21:00:00,beam-2b,Beam 2B,121.5146,15.31
2026-06-02 21:00:00,beam-3a,Beam 3A,119.8399,15.31
2026-06-02 21:00:00,beam-3b,Beam 3B,119.3156,15.31
2026-06-02 21:00:00,pier-cap-1,Pier Cap 1,95.1677,15.31
2026-06-02 21:00:00,pier-cap-2,Pier Cap 2,95.8596,15.31
2026-06-02 22:00:00,beam-1a,Beam 1A,119.4102,13.45
2026-06-02 22:00:00,beam-1b,Beam 1B,117.8632,13.45
2026-06-02 22:00:00,beam-2a,Beam 2A,121.1647,13.45
2026-06-02 22:00:00,beam-2b,Beam 2B,120.8752,13.45
2026-06-02 22:00:00,beam-3a,Beam 3A,118.3804,13.45
2026-06-02 22:00:00,beam-3b,Beam 3B,118.4308,13.45
2026-06-02 22:00:00,pier-cap-1,Pier Cap 1,95.3271,13.45
2026-06-02 22:00:00,pier-cap-2,Pier Cap 2,95.8379,13.45
2026-06-02 23:00:00,beam-1a,Beam 1A,117.9953,12.32
2026-06-02 23:00:00,beam-1b,Beam 1B,117.3917,12.32
2026-06-02 23:00:00,beam-2a,Beam 2A,120.9889,12.32
2026-06-02 23:00:00,beam-2b,Beam 2B,120.7855,12.32
2026-06-02 23:00:00,beam-3a,Beam 3A,118.8448,12.32
2026-06-02 23:00:00,beam-3b,Beam 3B,117.9769,12.32
2026-06-02 23:00:00,pier-cap-1,Pier Cap 1,94.8087,12.32
2026-06-02 23:00:00,pier-cap-2,Pier Cap 2,95.4379,12.32
2026-06-03 00:00:00,beam-1a,Beam 1A,117.7336,10.03
2026-06-03 00:00:00,beam-1b,Beam 1B,118.0297,10.03
2026-06-03 00:00:00,beam-2a,Beam 2A,121.179,10.03
2026-06-03 00:00:00,beam-2b,Beam 2B,119.9793,10.03
2026-06-03 00:00:00,beam-3a,Beam 3A,118.2555,10.03
2026-06-03 00:00:00,beam-3b,Beam 3B,118.0848,10.03
2026-06-03 00:00:00,pier-cap-1,Pier Cap 1,94.3756,10.03
2026-06-03 00:00:00,pier-cap-2,Pier Cap 2,95.4892,10.03
2026-06-03 01:00:00,beam-1a,Beam 1A,117.4077,9.01
2026-06-03 01:00:00,beam-1b,Beam 1B,117.0978,9.01
2026-06-03 01:00:00,beam-2a,Beam 2A,120.5359,9.01
2026-06-03 01:00:00,beam-2b,Beam 2B,119.9492,9.01
2026-06-03 01:00:00,beam-3a,Beam 3A,119.3699,9.01
2026-06-03 01:00:00,beam-3b,Beam 3B,117.2512,9.01
2026-06-03 01:00:00,pier-cap-1,Pier Cap 1,94.7742,9.01
2026-06-03 01:00:00,pier-cap-2,Pier Cap 2,94.7263,9.01
2026-06-03 02:00:00,beam-1a,Beam 1A,117.3643,8.21
2026-06-03 02:00:00,beam-1b,Beam 1B,117.8756,8.21
2026-06-03 02:00:00,beam-2a,Beam 2A,120.1744,8.21
2026-06-03 02:00:00,beam-2b,Beam 2B,119.4889,8.21
2026-06-03 02:00:00,beam-3a,Beam 3A,118.8889,8.21
2026-06-03 02:00:00,beam-3b,Beam 3B,117.5965,8.21
2026-06-03 02:00:00,pier-cap-1,Pier Cap 1,94.6657,8.21
2026-06-03 02:00:00,pier-cap-2,Pier Cap 2,94.5405,8.21
2026-06-03 03:00:00,beam-1a,Beam 1A,118.1459,8.1
2026-06-03 03:00:00,beam-1b,Beam 1B,117.6931,8.1
2026-06-03 03:00:00,beam-2a,Beam 2A,120.107,8.1
2026-06-03 03:00:00,beam-2b,Beam 2B,120.2253,8.1
2026-06-03 03:00:00,beam-3a,Beam 3A,119.1306,8.1
2026-06-03 03:00:00,beam-3b,Beam 3B,117.5107,8.1
2026-06-03 03:00:00,pier-cap-1,Pier Cap 1,94.5816,8.1
2026-06-03 03:00:00,pier-cap-2,Pier Cap 2,94.9563,8.1
2026-06-03 04:00:00,beam-1a,Beam 1A,117.5461,8.37
2026-06-03 04:00:00,beam-1b,Beam 1B,116.7724,8.37
2026-06-03 04:00:00,beam-2a,Beam 2A,120.6164,8.37
2026-06-03 04:00:00,beam-2b,Beam 2B,120.3833,8.37
2026-06-03 04:00:00,beam-3a,Beam 3A,118.4363,8.37
2026-06-03 04:00:00,beam-3b,Beam 3B,117.9131,8.37
2026-06-03 04:00:00,pier-cap-1,Pier Cap 1,94.6606,8.37
2026-06-03 04:00:00,pier-cap-2,Pier Cap 2,95.0273,8.37
2026-06-03 05:00:00,beam-1a,Beam 1A,117.7245,8.13
2026-06-03 05:00:00,beam-1b,Beam 1B,117.2573,8.13
2026-06-03 05:00:00,beam-2a,Beam 2A,119.8896,8.13
2026-06-03 05:00:00,beam-2b,Beam 2B,120.2776,8.13
2026-06-03 05:00:00,beam-3a,Beam 3A,117.6443,8.13
2026-06-03 05:00:00,beam-3b,Beam 3B,118.3882,8.13
2026-06-03 05:00:00,pier-cap-1,Pier Cap 1,94.2997,8.13
2026-06-03 05:00:00,pier-cap-2,Pier Cap 2,94.6097,8.13
2026-06-03 06:00:00,beam-1a,Beam 1A,117.8818,10.28
2026-06-03 06:00:00,beam-1b,Beam 1B,117.8033,10.28
2026-06-03 06:00:00,beam-2a,Beam 2A,120.5003,10.28
2026-06-03 06:00:00,beam-2b,Beam 2B,119.9931,10.28
2026-06-03 06:00:00,beam-3a,Beam 3A,118.1938,10.28
2026-06-03 06:00:00,beam-3b,Beam 3B,117.423,10.28
2026-06-03 06:00:00,pier-cap-1,Pier Cap 1,94.6309,10.28
2026-06-03 06:00:00,pier-cap-2,Pier Cap 2,95.5954,10.28
2026-06-03 07:00:00,beam-1a,Beam 1A,118.4636,11.07
2026-06-03 07:00:00,beam-1b,Beam 1B,118.3009,11.07
2026-06-03 07:00:00,beam-2a,Beam 2A,120.2787,11.07
2026-06-03 07:00:00,beam-2b,Beam 2B,119.9329,11.07
2026-06-03 07:00:00,beam-3a,Beam 3A,119.2641,11.07
2026-06-03 07:00:00,beam-3b,Beam 3B,119.0497,11.07
2026-06-03 07:00:00,pier-cap-1,Pier Cap 1,94.6164,11.07
2026-06-03 07:00:00,pier-cap-2,Pier Cap 2,95.8883,11.07
2026-06-03 08:00:00,beam-1a,Beam 1A,118.4988,12.58
2026-06-03 08:00:00,beam-1b,Beam 1B,118.6756,12.58
2026-06-03 08:00:00,beam-2a,Beam 2A,121.5828,12.58
2026-06-03 08:00:00,beam-2b,Beam 2B,121.1261,12.58
2026-06-03 08:00:00,beam-3a,Beam 3A,119.3884,12.58
2026-06-03 08:00:00,beam-3b,Beam 3B,118.4579,12.58
2026-06-03 08:00:00,pier-cap-1,Pier Cap 1,95.0868,12.58
2026-06-03 08:00:00,pier-cap-2,Pier Cap 2,95.3481,12.58
2026-06-03 09:00:00,beam-1a,Beam 1A,119.8617,14.94
2026-06-03 09:00:00,beam-1b,Beam 1B,120.2892,14.94
2026-06-03 09:00:00,beam-2a,Beam 2A,121.6453,14.94
2026-06-03 09:00:00,beam-2b,Beam 2B,121.3059,14.94
2026-06-03 09:00:00,beam-3a,Beam 3A,120.4292,14.94
2026-06-03 09:00:00,beam-3b,Beam 3B,119.1106,14.94
2026-06-03 09:00:00,pier-cap-1,Pier Cap 1,95.2329,14.94
2026-06-03 09:00:00,pier-cap-2,Pier Cap 2,96.3374,14.94
2026-06-03 10:00:00,beam-1a,Beam 1A,121.0559,16.81
2026-06-03 10:00:00,beam-1b,Beam 1B,119.299,16.81
2026-06-03 10:00:00,beam-2a,Beam 2A,121.5791,16.81
2026-06-03 10:00:00,beam-2b,Beam 2B,121.5935,16.81
2026-06-03 10:00:00,beam-3a,Beam 3A,119.6657,16.81
2026-06-03 10:00:00,beam-3b,Beam 3B,118.8488,16.81
2026-06-03 10:00:00,pier-cap-1,Pier Cap 1,95.5416,16.81
2026-06-03 10:00:00,pier-cap-2,Pier Cap 2,95.4569,16.81
2026-06-03 11:00:00,beam-1a,Beam 1A,120.2353,18.19
2026-06-03 11:00:00,beam-1b,Beam 1B,120.0438,18.19
2026-06-03 11:00:00,beam-2a,Beam 2A,122.0917,18.19
2026-06-03 11:00:00,beam-2b,Beam 2B,121.4841,18.19
2026-06-03 11:00:00,beam-3a,Beam 3A,120.2585,18.19
2026-06-03 11:00:00,beam-3b,Beam 3B,119.9545,18.19
2026-06-03 11:00:00,pier-cap-1,Pier Cap 1,96.0581,18.19
2026-06-03 11:00:00,pier-cap-2,Pier Cap 2,96.701,18.19
2026-06-03 12:00:00,beam-1a,Beam 1A,120.1933,20.25
2026-06-03 12:00:00,beam-1b,Beam 1B,120.5924,20.25
2026-06-03 12:00:00,beam-2a,Beam 2A,122.7533,20.25
2026-06-03 12:00:00,beam-2b,Beam 2B,122.3197,20.25
2026-06-03 12:00:00,beam-3a,Beam 3A,120.7022,20.25
2026-06-03 12:00:00,beam-3b,Beam 3B,120.0115,20.25
2026-06-03 12:00:00,pier-cap-1,Pier Cap 1,96.5424,20.25
2026-06-03 12:00:00,pier-cap-2,Pier Cap 2,96.4297,20.25
2026-06-03 13:00:00,beam-1a,Beam 1A,121.0921,20.49
2026-06-03 13:00:00,beam-1b,Beam 1B,120.3766,20.49
2026-06-03 13:00:00,beam-2a,Beam 2A,122.4978,20.49
2026-06-03 13:00:00,beam-2b,Beam 2B,121.764,20.49
2026-06-03 13:00:00,beam-3a,Beam 3A,121.265,20.49
2026-06-03 13:00:00,beam-3b,Beam 3B,120.0216,20.49
2026-06-03 13:00:00,pier-cap-1,Pier Cap 1,96.343,20.49
2026-06-03 13:00:00,pier-cap-2,Pier Cap 2,97.0164,20.49
2026-06-03 14:00:00,beam-1a,Beam 1A,120.6536,21.56
2026-06-03 14:00:00,beam-1b,Beam 1B,120.5466,21.56
2026-06-03 14:00:00,beam-2a,Beam 2A,122.599,21.56
2026-06-03 14:00:00,beam-2b,Beam 2B,122.6664,21.56
2026-06-03 14:00:00,beam-3a,Beam 3A,121.5221,21.56
2026-06-03 14:00:00,beam-3b,Beam 3B,119.569,21.56
2026-06-03 14:00:00,pier-cap-1,Pier Cap 1,96.9229,21.56
2026-06-03 14:00:00,pier-cap-2,Pier Cap 2,96.5962,21.56
2026-06-03 15:00:00,beam-1a,Beam 1A,121.2707,21.73
2026-06-03 15:00:00,beam-1b,Beam 1B,120.0502,21.73
2026-06-03 15:00:00,beam-2a,Beam 2A,122.5845,21.73
2026-06-03 15:00:00,beam-2b,Beam 2B,122.9978,21.73
2026-06-03 15:00:00,beam-3a,Beam 3A,121.4749,21.73
2026-06-03 15:00:00,beam-3b,Beam 3B,120.3047,21.73
2026-06-03 15:00:00,pier-cap-1,Pier Cap 1,96.198,21.73
2026-06-03 15:00:00,pier-cap-2,Pier Cap 2,96.8891,21.73
2026-06-03 16:00:00,beam-1a,Beam 1A,120.5711,21.71
2026-06-03 16:00:00,beam-1b,Beam 1B,120.3071,21.71
2026-06-03 16:00:00,beam-2a,Beam 2A,122.9772,21.71
2026-06-03 16:00:00,beam-2b,Beam 2B,123.094,21.71
2026-06-03 16:00:00,beam-3a,Beam 3A,120.7138,21.71
2026-06-03 16:00:00,beam-3b,Beam 3B,120.5705,21.71
2026-06-03 16:00:00,pier-cap-1,Pier Cap 1,95.8548,21.71
2026-06-03 16:00:00,pier-cap-2,Pier Cap 2,96.6631,21.71
2026-06-03 17:00:00,beam-1a,Beam 1A,120.1725,21.14
2026-06-03 17:00:00,beam-1b,Beam 1B,120.1727,21.14
2026-06-03 17:00:00,beam-2a,Beam 2A,122.5845,21.14
2026-06-03 17:00:00,beam-2b,Beam 2B,122.6112,21.14
2026-06-03 17:00:00,beam-3a,Beam 3A,120.1273,21.14
2026-06-03 17:00:00,beam-3b,Beam 3B,120.0837,21.14
2026-06-03 17:00:00,pier-cap-1,Pier Cap 1,96.5352,21.14
2026-06-03 17:00:00,pier-cap-2,Pier Cap 2,96.7566,21.14
2026-06-03 18:00:00,beam-1a,Beam 1A,119.8776,19.51
2026-06-03 18:00:00,beam-1b,Beam 1B,119.6546,19.51
2026-06-03 18:00:00,beam-2a,Beam 2A,122.2208,19.51
2026-06-03 18:00:00,beam-2b,Beam 2B,121.4495,19.51
2026-06-03 18:00:00,beam-3a,Beam 3A,121.2376,19.51
2026-06-03 18:00:00,beam-3b,Beam 3B,120.2682,19.51
2026-06-03 18:00:00,pier-cap-1,Pier Cap 1,95.8452,19.51
2026-06-03 18:00:00,pier-cap-2,Pier Cap 2,97.1257,19.51
2026-06-03 19:00:00,beam-1a,Beam 1A,119.8852,18.75
2026-06-03 19:00:00,beam-1b,Beam 1B,119.4196,18.75
2026-06-03 19:00:00,beam-2a,Beam 2A,121.7165,18.75
2026-06-03 19:00:00,beam-2b,Beam 2B,121.9299,18.75
2026-06-03 19:00:00,beam-3a,Beam 3A,120.9057,18.75
2026-06-03 19:00:00,beam-3b,Beam 3B,120.1099,18.75
2026-06-03 19:00:00,pier-cap-1,Pier Cap 1,95.8811,18.75
2026-06-03 19:00:00,pier-cap-2,Pier Cap 2,96.4308,18.75
2026-06-03 20:00:00,beam-1a,Beam 1A,119.0297,16.8
2026-06-03 20:00:00,beam-1b,Beam 1B,119.2037,16.8
2026-06-03 20:00:00,beam-2a,Beam 2A,121.8914,16.8
2026-06-03 20:00:00,beam-2b,Beam 2B,122.3163,16.8
2026-06-03 20:00:00,beam-3a,Beam 3A,120.4794,16.8
2026-06-03 20:00:00,beam-3b,Beam 3B,119.118,16.8
2026-06-03 20:00:00,pier-cap-1,Pier Cap 1,95.1394,16.8
2026-06-03 20:00:00,pier-cap-2,Pier Cap 2,96.8034,16.8
2026-06-03 21:00:00,beam-1a,Beam 1A,118.3336,14.21
2026-06-03 21:00:00,beam-1b,Beam 1B,118.4354,14.21
2026-06-03 21:00:00,beam-2a,Beam 2A,121.2692,14.21
2026-06-03 21:00:00,beam-2b,Beam 2B,120.5942,14.21
2026-06-03 21:00:00,beam-3a,Beam 3A,118.6755,14.21
2026-06-03 21:00:00,beam-3b,Beam 3B,119.4079,14.21
2026-06-03 21:00:00,pier-cap-1,Pier Cap 1,95.0115,14.21
2026-06-03 21:00:00,pier-cap-2,Pier Cap 2,95.6655,14.21
2026-06-03 22:00:00,beam-1a,Beam 1A,117.9953,12.37
2026-06-03 22:00:00,beam-1b,Beam 1B,117.6899,12.37
2026-06-03 22:00:00,beam-2a,Beam 2A,120.8453,12.37
2026-06-03 22:00:00,beam-2b,Beam 2B,120.5503,12.37
2026-06-03 22:00:00,beam-3a,Beam 3A,119.0574,12.37
2026-06-03 22:00:00,beam-3b,Beam 3B,118.5161,12.37
2026-06-03 22:00:00,pier-cap-1,Pier Cap 1,94.5548,12.37
2026-06-03 22:00:00,pier-cap-2,Pier Cap 2,95.953,12.37
2026-06-03 23:00:00,beam-1a,Beam 1A,117.4015,11.46
2026-06-03 23:00:00,beam-1b,Beam 1B,117.0365,11.46
2026-06-03 23:00:00,beam-2a,Beam 2A,120.8715,11.46
2026-06-03 23:00:00,beam-2b,Beam 2B,120.9574,11.46
2026-06-03 23:00:00,beam-3a,Beam 3A,118.6987,11.46
2026-06-03 23:00:00,beam-3b,Beam 3B,118.3448,11.46
2026-06-03 23:00:00,pier-cap-1,Pier Cap 1,94.7387,11.46
2026-06-03 23:00:00,pier-cap-2,Pier Cap 2,94.8813,11.46
2026-06-04 00:00:00,beam-1a,Beam 1A,117.8056,10.3
2026-06-04 00:00:00,beam-1b,Beam 1B,117.0567,10.3
2026-06-04 00:00:00,beam-2a,Beam 2A,120.8585,10.3
2026-06-04 00:00:00,beam-2b,Beam 2B,120.4061,10.3
2026-06-04 00:00:00,beam-3a,Beam 3A,118.9613,10.3
2026-06-04 00:00:00,beam-3b,Beam 3B,118.141,10.3
2026-06-04 00:00:00,pier-cap-1,Pier Cap 1,94.5761,10.3
2026-06-04 00:00:00,pier-cap-2,Pier Cap 2,95.1085,10.3
2026-06-04 01:00:00,beam-1a,Beam 1A,116.8773,9.23
2026-06-04 01:00:00,beam-1b,Beam 1B,117.0258,9.23
2026-06-04 01:00:00,beam-2a,Beam 2A,120.6268,9.23
2026-06-04 01:00:00,beam-2b,Beam 2B,120.9383,9.23
2026-06-04 01:00:00,beam-3a,Beam 3A,119.0678,9.23
2026-06-04 01:00:00,beam-3b,Beam 3B,117.9282,9.23
2026-06-04 01:00:00,pier-cap-1,Pier Cap 1,94.5616,9.23
2026-06-04 01:00:00,pier-cap-2,Pier Cap 2,94.8738,9.23
2026-06-04 02:00:00,beam-1a,Beam 1A,117.3142,8.56
2026-06-04 02:00:00,beam-1b,Beam 1B,117.158,8.56
2026-06-04 02:00:00,beam-2a,Beam 2A,120.4335,8.56
2026-06-04 02:00:00,beam-2b,Beam 2B,119.5192,8.56
2026-06-04 02:00:00,beam-3a,Beam 3A,118.882,8.56
2026-06-04 02:00:00,beam-3b,Beam 3B,116.8562,8.56
2026-06-04 02:00:00,pier-cap-1,Pier Cap 1,94.8062,8.56
2026-06-04 02:00:00,pier-cap-2,Pier Cap 2,95.3956,8.56
2026-06-04 03:00:00,beam-1a,Beam 1A,117.8556,8.42
2026-06-04 03:00:00,beam-1b,Beam 1B,117.0224,8.42
2026-06-04 03:00:00,beam-2a,Beam 2A,120.0887,8.42
2026-06-04 03:00:00,beam-2b,Beam 2B,119.3891,8.42
2026-06-04 03:00:00,beam-3a,Beam 3A,118.4451,8.42
2026-06-04 03:00:00,beam-3b,Beam 3B,117.6858,8.42
2026-06-04 03:00:00,pier-cap-1,Pier Cap 1,94.6168,8.42
2026-06-04 03:00:00,pier-cap-2,Pier Cap 2,94.9693,8.42
2026-06-04 04:00:00,beam-1a,Beam 1A,117.9657,8.95
2026-06-04 04:00:00,beam-1b,Beam 1B,117.1321,8.95
2026-06-04 04:00:00,beam-2a,Beam 2A,120.0636,8.95
2026-06-04 04:00:00,beam-2b,Beam 2B,120.3801,8.95
2026-06-04 04:00:00,beam-3a,Beam 3A,118.353,8.95
2026-06-04 04:00:00,beam-3b,Beam 3B,117.3735,8.95
2026-06-04 04:00:00,pier-cap-1,Pier Cap 1,94.0062,8.95
2026-06-04 04:00:00,pier-cap-2,Pier Cap 2,94.3664,8.95
2026-06-04 05:00:00,beam-1a,Beam 1A,118.2183,8.83
2026-06-04 05:00:00,beam-1b,Beam 1B,117.1958,8.83
2026-06-04 05:00:00,beam-2a,Beam 2A,119.848,8.83
2026-06-04 05:00:00,beam-2b,Beam 2B,119.3872,8.83
2026-06-04 05:00:00,beam-3a,Beam 3A,118.3918,8.83
2026-06-04 05:00:00,beam-3b,Beam 3B,118.3965,8.83
2026-06-04 05:00:00,pier-cap-1,Pier Cap 1,94.6566,8.83
2026-06-04 05:00:00,pier-cap-2,Pier Cap 2,94.5812,8.83
2026-06-04 06:00:00,beam-1a,Beam 1A,118.3217,9.92
2026-06-04 06:00:00,beam-1b,Beam 1B,117.3665,9.92
2026-06-04 06:00:00,beam-2a,Beam 2A,120.2459,9.92
2026-06-04 06:00:00,beam-2b,Beam 2B,120.0045,9.92
2026-06-04 06:00:00,beam-3a,Beam 3A,118.7807,9.92
2026-06-04 06:00:00,beam-3b,Beam 3B,118.5892,9.92
2026-06-04 06:00:00,pier-cap-1,Pier Cap 1,94.6709,9.92
2026-06-04 06:00:00,pier-cap-2,Pier Cap 2,94.8336,9.92
2026-06-04 07:00:00,beam-1a,Beam 1A,119.2133,11.4
2026-06-04 07:00:00,beam-1b,Beam 1B,118.3216,11.4
2026-06-04 07:00:00,beam-2a,Beam 2A,120.7873,11.4
2026-06-04 07:00:00,beam-2b,Beam 2B,120.3532,11.4
2026-06-04 07:00:00,beam-3a,Beam 3A,119.9626,11.4
2026-06-04 07:00:00,beam-3b,Beam 3B,118.6137,11.4
2026-06-04 07:00:00,pier-cap-1,Pier Cap 1,94.8302,11.4
2026-06-04 07:00:00,pier-cap-2,Pier Cap 2,95.6398,11.4
2026-06-04 08:00:00,beam-1a,Beam 1A,119.6547,13.64
2026-06-04 08:00:00,beam-1b,Beam 1B,118.4166,13.64
2026-06-04 08:00:00,beam-2a,Beam 2A,120.9132,13.64
2026-06-04 08:00:00,beam-2b,Beam 2B,121.2421,13.64
2026-06-04 08:00:00,beam-3a,Beam 3A,120.0304,13.64
2026-06-04 08:00:00,beam-3b,Beam 3B,118.6578,13.64
2026-06-04 08:00:00,pier-cap-1,Pier Cap 1,95.189,13.64
2026-06-04 08:00:00,pier-cap-2,Pier Cap 2,95.9373,13.64
2026-06-04 09:00:00,beam-1a,Beam 1A,120.0541,15.83
2026-06-04 09:00:00,beam-1b,Beam 1B,119.1478,15.83
2026-06-04 09:00:00,beam-2a,Beam 2A,121.7049,15.83
2026-06-04 09:00:00,beam-2b,Beam 2B,121.5122,15.83
2026-06-04 09:00:00,beam-3a,Beam 3A,119.813,15.83
2026-06-04 09:00:00,beam-3b,Beam 3B,118.8054,15.83
2026-06-04 09:00:00,pier-cap-1,Pier Cap 1,95.5863,15.83
2026-06-04 09:00:00,pier-cap-2,Pier Cap 2,95.9348,15.83
2026-06-04 10:00:00,beam-1a,Beam 1A,120.5391,16.97
2026-06-04 10:00:00,beam-1b,Beam 1B,119.6766,16.97
2026-06-04 10:00:00,beam-2a,Beam 2A,121.5086,16.97
2026-06-04 10:00:00,beam-2b,Beam 2B,121.6776,16.97
2026-06-04 10:00:00,beam-3a,Beam 3A,119.7894,16.97
2026-06-04 10:00:00,beam-3b,Beam 3B,119.1449,16.97
2026-06-04 10:00:00,pier-cap-1,Pier Cap 1,95.4885,16.97
2026-06-04 10:00:00,pier-cap-2,Pier Cap 2,96.0315,16.97
2026-06-04 11:00:00,beam-1a,Beam 1A,120.7176,17.83
2026-06-04 11:00:00,beam-1b,Beam 1B,119.5874,17.83
2026-06-04 11:00:00,beam-2a,Beam 2A,121.4024,17.83
2026-06-04 11:00:00,beam-2b,Beam 2B,121.5058,17.83
2026-06-04 11:00:00,beam-3a,Beam 3A,119.4084,17.83
2026-06-04 11:00:00,beam-3b,Beam 3B,120.2184,17.83
2026-06-04 11:00:00,pier-cap-1,Pier Cap 1,95.7704,17.83
2026-06-04 11:00:00,pier-cap-2,Pier Cap 2,96.54,17.83
2026-06-04 12:00:00,beam-1a,Beam 1A,120.6212,19.6
2026-06-04 12:00:00,beam-1b,Beam 1B,120.5079,19.6
2026-06-04 12:00:00,beam-2a,Beam 2A,122.7483,19.6
2026-06-04 12:00:00,beam-2b,Beam 2B,122.5065,19.6
2026-06-04 12:00:00,beam-3a,Beam 3A,120.791,19.6
2026-06-04 12:00:00,beam-3b,Beam 3B,119.6323,19.6
2026-06-04 12:00:00,pier-cap-1,Pier Cap 1,96.4456,19.6
2026-06-04 12:00:00,pier-cap-2,Pier Cap 2,96.2516,19.6
2026-06-04 13:00:00,beam-1a,Beam 1A,120.5092,21.06
2026-06-04 13:00:00,beam-1b,Beam 1B,120.8386,21.06
2026-06-04 13:00:00,beam-2a,Beam 2A,122.5229,21.06
2026-06-04 13:00:00,beam-2b,Beam 2B,123.923,21.06
2026-06-04 13:00:00,beam-3a,Beam 3A,120.9374,21.06
2026-06-04 13:00:00,beam-3b,Beam 3B,119.3276,21.06
2026-06-04 13:00:00,pier-cap-1,Pier Cap 1,96.0984,21.06
2026-06-04 13:00:00,pier-cap-2,Pier Cap 2,96.9468,21.06
2026-06-04 14:00:00,beam-1a,Beam 1A,121.2056,21.87
2026-06-04 14:00:00,beam-1b,Beam 1B,120.4662,21.87
2026-06-04 14:00:00,beam-2a,Beam 2A,122.5398,21.87
2026-06-04 14:00:00,beam-2b,Beam 2B,122.7511,21.87
2026-06-04 14:00:00,beam-3a,Beam 3A,121.273,21.87
2026-06-04 14:00:00,beam-3b,Beam 3B,120.6664,21.87
2026-06-04 14:00:00,pier-cap-1,Pier Cap 1,96.122,21.87
2026-06-04 14:00:00,pier-cap-2,Pier Cap 2,97.0427,21.87
2026-06-04 15:00:00,beam-1a,Beam 1A,121.1915,22.17
2026-06-04 15:00:00,beam-1b,Beam 1B,120.4474,22.17
2026-06-04 15:00:00,beam-2a,Beam 2A,122.4967,22.17
2026-06-04 15:00:00,beam-2b,Beam 2B,122.5741,22.17
2026-06-04 15:00:00,beam-3a,Beam 3A,120.4947,22.17
2026-06-04 15:00:00,beam-3b,Beam 3B,120.8877,22.17
2026-06-04 15:00:00,pier-cap-1,Pier Cap 1,96.4572,22.17
2026-06-04 15:00:00,pier-cap-2,Pier Cap 2,96.8933,22.17
2026-06-04 16:00:00,beam-1a,Beam 1A,121.2191,22.11
2026-06-04 16:00:00,beam-1b,Beam 1B,120.6256,22.11
2026-06-04 16:00:00,beam-2a,Beam 2A,123.0915,22.11
2026-06-04 16:00:00,beam-2b,Beam 2B,122.0032,22.11
2026-06-04 16:00:00,beam-3a,Beam 3A,120.6397,22.11
2026-06-04 16:00:00,beam-3b,Beam 3B,120.9319,22.11
2026-06-04 16:00:00,pier-cap-1,Pier Cap 1,96.1276,22.11
2026-06-04 16:00:00,pier-cap-2,Pier Cap 2,97.086,22.11
2026-06-04 17:00:00,beam-1a,Beam 1A,120.1973,21.27
2026-06-04 17:00:00,beam-1b,Beam 1B,119.8751,21.27
2026-06-04 17:00:00,beam-2a,Beam 2A,123.3044,21.27
2026-06-04 17:00:00,beam-2b,Beam 2B,122.0994,21.27
2026-06-04 17:00:00,beam-3a,Beam 3A,121.1057,21.27
2026-06-04 17:00:00,beam-3b,Beam 3B,120.5551,21.27
2026-06-04 17:00:00,pier-cap-1,Pier Cap 1,95.824,21.27
2026-06-04 17:00:00,pier-cap-2,Pier Cap 2,96.8714,21.27
2026-06-04 18:00:00,beam-1a,Beam 1A,119.9887,20.7
2026-06-04 18:00:00,beam-1b,Beam 1B,119.632,20.7
2026-06-04 18:00:00,beam-2a,Beam 2A,122.4796,20.7
2026-06-04 18:00:00,beam-2b,Beam 2B,122.1553,20.7
2026-06-04 18:00:00,beam-3a,Beam 3A,120.8853,20.7
2026-06-04 18:00:00,beam-3b,Beam 3B,120.5043,20.7
2026-06-04 18:00:00,pier-cap-1,Pier Cap 1,96.1523,20.7
2026-06-04 18:00:00,pier-cap-2,Pier Cap 2,96.9048,20.7
2026-06-04 19:00:00,beam-1a,Beam 1A,119.9296,18.56
2026-06-04 19:00:00,beam-1b,Beam 1B,119.7874,18.56
2026-06-04 19:00:00,beam-2a,Beam 2A,122.1266,18.56
2026-06-04 19:00:00,beam-2b,Beam 2B,121.599,18.56
2026-06-04 19:00:00,beam-3a,Beam 3A,121.2377,18.56
2026-06-04 19:00:00,beam-3b,Beam 3B,119.6957,18.56
2026-06-04 19:00:00,pier-cap-1,Pier Cap 1,96.3692,18.56
2026-06-04 19:00:00,pier-cap-2,Pier Cap 2,96.0344,18.56
2026-06-04 20:00:00,beam-1a,Beam 1A,119.2942,16.8
2026-06-04 20:00:00,beam-1b,Beam 1B,119.2286,16.8
2026-06-04 20:00:00,beam-2a,Beam 2A,122.2889,16.8
2026-06-04 20:00:00,beam-2b,Beam 2B,121.4538,16.8
2026-06-04 20:00:00,beam-3a,Beam 3A,121.5025,16.8
2026-06-04 20:00:00,beam-3b,Beam 3B,118.6156,16.8
2026-06-04 20:00:00,pier-cap-1,Pier Cap 1,95.6586,16.8
2026-06-04 20:00:00,pier-cap-2,Pier Cap 2,96.3546,16.8
2026-06-04 21:00:00,beam-1a,Beam 1A,118.32,15.53
2026-06-04 21:00:00,beam-1b,Beam 1B,118.7905,15.53
2026-06-04 21:00:00,beam-2a,Beam 2A,120.881,15.53
2026-06-04 21:00:00,beam-2b,Beam 2B,121.9164,15.53
2026-06-04 21:00:00,beam-3a,Beam 3A,120.0876,15.53
2026-06-04 21:00:00,beam-3b,Beam 3B,119.1097,15.53
2026-06-04 21:00:00,pier-cap-1,Pier Cap 1,95.5325,15.53
2026-06-04 21:00:00,pier-cap-2,Pier Cap 2,96.2869,15.53
2026-06-04 22:00:00,beam-1a,Beam 1A,118.5794,12.91
2026-06-04 22:00:00,beam-1b,Beam 1B,118.3721,12.91
2026-06-04 22:00:00,beam-2a,Beam 2A,121.8685,12.91
2026-06-04 22:00:00,beam-2b,Beam 2B,121.1806,12.91
2026-06-04 22:00:00,beam-3a,Beam 3A,118.6895,12.91
2026-06-04 22:00:00,beam-3b,Beam 3B,118.8202,12.91
2026-06-04 22:00:00,pier-cap-1,Pier Cap 1,94.4472,12.91
2026-06-04 22:00:00,pier-cap-2,Pier Cap 2,95.6826,12.91
2026-06-04 23:00:00,beam-1a,Beam 1A,117.5836,11.99
2026-06-04 23:00:00,beam-1b,Beam 1B,117.1399,11.99
2026-06-04 23:00:00,beam-2a,Beam 2A,121.8757,11.99
2026-06-04 23:00:00,beam-2b,Beam 2B,120.4346,11.99
2026-06-04 23:00:00,beam-3a,Beam 3A,118.5641,11.99
2026-06-04 23:00:00,beam-3b,Beam 3B,118.3808,11.99
2026-06-04 23:00:00,pier-cap-1,Pier Cap 1,95.08,11.99
2026-06-04 23:00:00,pier-cap-2,Pier Cap 2,95.6289,11.99
2026-06-05 00:00:00,beam-1a,Beam 1A,117.7004,11.1
2026-06-05 00:00:00,beam-1b,Beam 1B,118.105,11.1
2026-06-05 00:00:00,beam-2a,Beam 2A,119.6381,11.1
2026-06-05 00:00:00,beam-2b,Beam 2B,119.8373,11.1
2026-06-05 00:00:00,beam-3a,Beam 3A,119.1098,11.1
2026-06-05 00:00:00,beam-3b,Beam 3B,118.1963,11.1
2026-06-05 00:00:00,pier-cap-1,Pier Cap 1,94.8435,11.1
2026-06-05 00:00:00,pier-cap-2,Pier Cap 2,95.2825,11.1
2026-06-05 01:00:00,beam-1a,Beam 1A,118.3304,9.89
2026-06-05 01:00:00,beam-1b,Beam 1B,117.5946,9.89
2026-06-05 01:00:00,beam-2a,Beam 2A,120.4392,9.89
2026-06-05 01:00:00,beam-2b,Beam 2B,124.5102,9.89
2026-06-05 01:00:00,beam-3a,Beam 3A,119.1531,9.89
2026-06-05 01:00:00,beam-3b,Beam 3B,117.6918,9.89
2026-06-05 01:00:00,pier-cap-1,Pier Cap 1,94.4341,9.89
2026-06-05 01:00:00,pier-cap-2,Pier Cap 2,95.401,9.89
2026-06-05 02:00:00,beam-1a,Beam 1A,118.6053,9.89
2026-06-05 02:00:00,beam-1b,Beam 1B,117.9204,9.89
2026-06-05 02:00:00,beam-2a,Beam 2A,120.1896,9.89
2026-06-05 02:00:00,beam-2b,Beam 2B,123.9547,9.89
2026-06-05 02:00:00,beam-3a,Beam 3A,119.18,9.89
2026-06-05 02:00:00,beam-3b,Beam 3B,117.6777,9.89
2026-06-05 02:00:00,pier-cap-1,Pier Cap 1,94.6869,9.89
2026-06-05 02:00:00,pier-cap-2,Pier Cap 2,95.1524,9.89
2026-06-05 03:00:00,beam-1a,Beam 1A,117.4538,8.76
2026-06-05 03:00:00,beam-1b,Beam 1B,117.6148,8.76
2026-06-05 03:00:00,beam-2a,Beam 2A,120.1467,8.76
2026-06-05 03:00:00,beam-2b,Beam 2B,119.162,8.76
2026-06-05 03:00:00,beam-3a,Beam 3A,119.0136,8.76
2026-06-05 03:00:00,beam-3b,Beam 3B,118.4583,8.76
2026-06-05 03:00:00,pier-cap-1,Pier Cap 1,94.5155,8.76
2026-06-05 03:00:00,pier-cap-2,Pier Cap 2,94.6201,8.76
2026-06-05 04:00:00,beam-1a,Beam 1A,118.1629,10.07
2026-06-05 04:00:00,beam-1b,Beam 1B,117.8953,10.07
2026-06-05 04:00:00,beam-2a,Beam 2A,120.3476,10.07
2026-06-05 04:00:00,beam-2b,Beam 2B,120.4055,10.07
2026-06-05 04:00:00,beam-3a,Beam 3A,118.783,10.07
2026-06-05 04:00:00,beam-3b,Beam 3B,118.7202,10.07
2026-06-05 04:00:00,pier-cap-1,Pier Cap 1,94.3433,10.07
2026-06-05 04:00:00,pier-cap-2,Pier Cap 2,95.4073,10.07
2026-06-05 05:00:00,beam-1a,Beam 1A,118.4288,9.86
2026-06-05 05:00:00,beam-1b,Beam 1B,117.9175,9.86
2026-06-05 05:00:00,beam-2a,Beam 2A,120.7966,9.86
2026-06-05 05:00:00,beam-2b,Beam 2B,120.4934,9.86
2026-06-05 05:00:00,beam-3a,Beam 3A,117.8074,9.86
2026-06-05 05:00:00,beam-3b,Beam 3B,118.0224,9.86
2026-06-05 05:00:00,pier-cap-1,Pier Cap 1,94.7285,9.86
2026-06-05 05:00:00,pier-cap-2,Pier Cap 2,94.6387,9.86
2026-06-05 06:00:00,beam-1a,Beam 1A,119.39,10.55
2026-06-05 06:00:00,beam-1b,Beam 1B,118.4951,10.55
2026-06-05 06:00:00,beam-2a,Beam 2A,120.5653,10.55
2026-06-05 06:00:00,beam-2b,Beam 2B,119.2566,10.55
2026-06-05 06:00:00,beam-3a,Beam 3A,118.7259,10.55
2026-06-05 06:00:00,beam-3b,Beam 3B,118.2533,10.55
2026-06-05 06:00:00,pier-cap-1,Pier Cap 1,95.0919,10.55
2026-06-05 06:00:00,pier-cap-2,Pier Cap 2,95.3175,10.55
2026-06-05 07:00:00,beam-1a,Beam 1A,119.1628,12.54
2026-06-05 07:00:00,beam-1b,Beam 1B,118.8262,12.54
2026-06-05 07:00:00,beam-2a,Beam 2A,120.6436,12.54
2026-06-05 07:00:00,beam-2b,Beam 2B,120.3004,12.54
2026-06-05 07:00:00,beam-3a,Beam 3A,119.7256,12.54
2026-06-05 07:00:00,beam-3b,Beam 3B,118.1893,12.54
2026-06-05 07:00:00,pier-cap-1,Pier Cap 1,94.9626,12.54
2026-06-05 07:00:00,pier-cap-2,Pier Cap 2,95.4157,12.54
2026-06-05 08:00:00,beam-1a,Beam 1A,119.5839,13.77
2026-06-05 08:00:00,beam-1b,Beam 1B,119.6546,13.77
2026-06-05 08:00:00,beam-2a,Beam 2A,121.1851,13.77
2026-06-05 08:00:00,beam-2b,Beam 2B,120.8374,13.77
2026-06-05 08:00:00,beam-3a,Beam 3A,120.333,13.77
2026-06-05 08:00:00,beam-3b,Beam 3B,118.9912,13.77
2026-06-05 08:00:00,pier-cap-1,Pier Cap 1,94.9552,13.77
2026-06-05 08:00:00,pier-cap-2,Pier Cap 2,95.581,13.77
2026-06-05 09:00:00,beam-1a,Beam 1A,120.81,15.71
2026-06-05 09:00:00,beam-1b,Beam 1B,119.3126,15.71
2026-06-05 09:00:00,beam-2a,Beam 2A,121.8482,15.71
2026-06-05 09:00:00,beam-2b,Beam 2B,121.5691,15.71
2026-06-05 09:00:00,beam-3a,Beam 3A,120.3965,15.71
2026-06-05 09:00:00,beam-3b,Beam 3B,119.751,15.71
2026-06-05 09:00:00,pier-cap-1,Pier Cap 1,95.4534,15.71
2026-06-05 09:00:00,pier-cap-2,Pier Cap 2,96.0583,15.71
2026-06-05 10:00:00,beam-1a,Beam 1A,120.6647,17.98
2026-06-05 10:00:00,beam-1b,Beam 1B,120.2063,17.98
2026-06-05 10:00:00,beam-2a,Beam 2A,121.623,17.98
2026-06-05 10:00:00,beam-2b,Beam 2B,121.5286,17.98
2026-06-05 10:00:00,beam-3a,Beam 3A,120.8769,17.98
2026-06-05 10:00:00,beam-3b,Beam 3B,119.0314,17.98
2026-06-05 10:00:00,pier-cap-1,Pier Cap 1,96.1038,17.98
2026-06-05 10:00:00,pier-cap-2,Pier Cap 2,96.1346,17.98
2026-06-05 11:00:00,beam-1a,Beam 1A,121.4453,19.73
2026-06-05 11:00:00,beam-1b,Beam 1B,121.5083,19.73
2026-06-05 11:00:00,beam-2a,Beam 2A,121.7883,19.73
2026-06-05 11:00:00,beam-2b,Beam 2B,121.7578,19.73
2026-06-05 11:00:00,beam-3a,Beam 3A,120.1019,19.73
2026-06-05 11:00:00,beam-3b,Beam 3B,120.0619,19.73
2026-06-05 11:00:00,pier-cap-1,Pier Cap 1,95.7422,19.73
2026-06-05 11:00:00,pier-cap-2,Pier Cap 2,96.7638,19.73
2026-06-05 12:00:00,beam-1a,Beam 1A,120.859,20.71
2026-06-05 12:00:00,beam-1b,Beam 1B,120.7569,20.71
2026-06-05 12:00:00,beam-2a,Beam 2A,123.4397,20.71
2026-06-05 12:00:00,beam-2b,Beam 2B,122.5825,20.71
2026-06-05 12:00:00,beam-3a,Beam 3A,120.8049,20.71
2026-06-05 12:00:00,beam-3b,Beam 3B,120.2741,20.71
2026-06-05 12:00:00,pier-cap-1,Pier Cap 1,96.4305,20.71
2026-06-05 12:00:00,pier-cap-2,Pier Cap 2,96.774,20.71
2026-06-05 13:00:00,beam-1a,Beam 1A,121.5721,22.47
2026-06-05 13:00:00,beam-1b,Beam 1B,121.1485,22.47
2026-06-05 13:00:00,beam-2a,Beam 2A,122.7369,22.47
2026-06-05 13:00:00,beam-2b,Beam 2B,122.4608,22.47
2026-06-05 13:00:00,beam-3a,Beam 3A,121.9906,22.47
2026-06-05 13:00:00,beam-3b,Beam 3B,120.6038,22.47
2026-06-05 13:00:00,pier-cap-1,Pier Cap 1,96.317,22.47
2026-06-05 13:00:00,pier-cap-2,Pier Cap 2,96.8352,22.47
2026-06-05 14:00:00,beam-1a,Beam 1A,121.1308,23.24
2026-06-05 14:00:00,beam-1b,Beam 1B,121.0027,23.24
2026-06-05 14:00:00,beam-2a,Beam 2A,123.0924,23.24
2026-06-05 14:00:00,beam-2b,Beam 2B,123.0237,23.24
2026-06-05 14:00:00,beam-3a,Beam 3A,121.6933,23.24
2026-06-05 14:00:00,beam-3b,Beam 3B,121.1399,23.24
2026-06-05 14:00:00,pier-cap-1,Pier Cap 1,96.7081,23.24
2026-06-05 14:00:00,pier-cap-2,Pier Cap 2,97.5369,23.24
2026-06-05 15:00:00,beam-1a,Beam 1A,121.3105,23.59
2026-06-05 15:00:00,beam-1b,Beam 1B,121.3975,23.59
2026-06-05 15:00:00,beam-2a,Beam 2A,123.0582,23.59
2026-06-05 15:00:00,beam-2b,Beam 2B,122.4375,23.59
2026-06-05 15:00:00,beam-3a,Beam 3A,121.4508,23.59
2026-06-05 15:00:00,beam-3b,Beam 3B,121.344,23.59
2026-06-05 15:00:00,pier-cap-1,Pier Cap 1,96.5187,23.59
2026-06-05 15:00:00,pier-cap-2,Pier Cap 2,97.2494,23.59
2026-06-05 16:00:00,beam-1a,Beam 1A,121.7568,22.99
2026-06-05 16:00:00,beam-1b,Beam 1B,120.8054,22.99
2026-06-05 16:00:00,beam-2a,Beam 2A,123.3163,22.99
2026-06-05 16:00:00,beam-2b,Beam 2B,122.226,22.99
2026-06-05 16:00:00,beam-3a,Beam 3A,120.7414,22.99
2026-06-05 16:00:00,beam-3b,Beam 3B,120.4355,22.99
2026-06-05 16:00:00,pier-cap-1,Pier Cap 1,96.4277,22.99
2026-06-05 16:00:00,pier-cap-2,Pier Cap 2,97.287,22.99
2026-06-05 17:00:00,beam-1a,Beam 1A,121.2571,22.62
2026-06-05 17:00:00,beam-1b,Beam 1B,120.8097,22.62
2026-06-05 17:00:00,beam-2a,Beam 2A,123.733,22.62
2026-06-05 17:00:00,beam-2b,Beam 2B,123.0011,22.62
2026-06-05 17:00:00,beam-3a,Beam 3A,119.9004,22.62
2026-06-05 17:00:00,beam-3b,Beam 3B,120.6833,22.62
2026-06-05 17:00:00,pier-cap-1,Pier Cap 1,96.9999,22.62
2026-06-05 17:00:00,pier-cap-2,Pier Cap 2,97.4679,22.62
2026-06-05 18:00:00,beam-1a,Beam 1A,120.5969,20.21
2026-06-05 18:00:00,beam-1b,Beam 1B,120.6056,20.21
2026-06-05 18:00:00,beam-2a,Beam 2A,122.7739,20.21
2026-06-05 18:00:00,beam-2b,Beam 2B,122.323,20.21
2026-06-05 18:00:00,beam-3a,Beam 3A,120.9054,20.21
2026-06-05 18:00:00,beam-3b,Beam 3B,120.0193,20.21
2026-06-05 18:00:00,pier-cap-1,Pier Cap 1,95.7587,20.21
2026-06-05 18:00:00,pier-cap-2,Pier Cap 2,97.1015,20.21
2026-06-05 19:00:00,beam-1a,Beam 1A,120.1173,19.38
2026-06-05 19:00:00,beam-1b,Beam 1B,119.7348,19.38
2026-06-05 19:00:00,beam-2a,Beam 2A,121.7696,19.38
2026-06-05 19:00:00,beam-2b,Beam 2B,122.4311,19.38
2026-06-05 19:00:00,beam-3a,Beam 3A,121.1449,19.38
2026-06-05 19:00:00,beam-3b,Beam 3B,119.6119,19.38
2026-06-05 19:00:00,pier-cap-1,Pier Cap 1,96.2033,19.38
2026-06-05 19:00:00,pier-cap-2,Pier Cap 2,96.7317,19.38
2026-06-05 20:00:00,beam-1a,Beam 1A,119.8058,17.48
2026-06-05 20:00:00,beam-1b,Beam 1B,119.7591,17.48
2026-06-05 20:00:00,beam-2a,Beam 2A,121.4417,17.48
2026-06-05 20:00:00,beam-2b,Beam 2B,121.4725,17.48
2026-06-05 20:00:00,beam-3a,Beam 3A,121.2928,17.48
2026-06-05 20:00:00,beam-3b,Beam 3B,119.5654,17.48
2026-06-05 20:00:00,pier-cap-1,Pier Cap 1,96.2909,17.48
2026-06-05 20:00:00,pier-cap-2,Pier Cap 2,96.1807,17.48
2026-06-05 21:00:00,beam-1a,Beam 1A,119.6234,16.06
2026-06-05 21:00:00,beam-1b,Beam 1B,119.4058,16.06
2026-06-05 21:00:00,beam-2a,Beam 2A,121.5523,16.06
2026-06-05 21:00:00,beam-2b,Beam 2B,121.0891,16.06
2026-06-05 21:00:00,beam-3a,Beam 3A,120.0795,16.06
2026-06-05 21:00:00,beam-3b,Beam 3B,119.4364,16.06
2026-06-05 21:00:00,pier-cap-1,Pier Cap 1,95.7646,16.06
2026-06-05 21:00:00,pier-cap-2,Pier Cap 2,95.63,16.06
2026-06-05 22:00:00,beam-1a,Beam 1A,119.4529,13.97
2026-06-05 22:00:00,beam-1b,Beam 1B,119.0781,13.97
2026-06-05 22:00:00,beam-2a,Beam 2A,121.187,13.97
2026-06-05 22:00:00,beam-2b,Beam 2B,121.5387,13.97
2026-06-05 22:00:00,beam-3a,Beam 3A,118.7398,13.97
2026-06-05 22:00:00,beam-3b,Beam 3B,118.8805,13.97
2026-06-05 22:00:00,pier-cap-1,Pier Cap 1,94.8464,13.97
2026-06-05 22:00:00,pier-cap-2,Pier Cap 2,95.8078,13.97
2026-06-05 23:00:00,beam-1a,Beam 1A,117.9036,12.45
2026-06-05 23:00:00,beam-1b,Beam 1B,118.4716,12.45
2026-06-05 23:00:00,beam-2a,Beam 2A,120.3003,12.45
2026-06-05 23:00:00,beam-2b,Beam 2B,120.085,12.45
2026-06-05 23:00:00,beam-3a,Beam 3A,118.7995,12.45
2026-06-05 23:00:00,beam-3b,Beam 3B,118.2062,12.45
2026-06-05 23:00:00,pier-cap-1,Pier Cap 1,94.6324,12.45
2026-06-05 23:00:00,pier-cap-2,Pier Cap 2,95.8452,12.45
2026-06-06 00:00:00,beam-1a,Beam 1A,118.4331,11.75
2026-06-06 00:00:00,beam-1b,Beam 1B,119.4587,11.75
2026-06-06 00:00:00,beam-2a,Beam 2A,121.1771,11.75
2026-06-06 00:00:00,beam-2b,Beam 2B,121.0598,11.75
2026-06-06 00:00:00,beam-3a,Beam 3A,118.53,11.75
2026-06-06 00:00:00,beam-3b,Beam 3B,118.2196,11.75
2026-06-06 00:00:00,pier-cap-1,Pier Cap 1,94.6865,11.75
2026-06-06 00:00:00,pier-cap-2,Pier Cap 2,95.5183,11.75
2026-06-06 01:00:00,beam-1a,Beam 1A,118.477,9.81
2026-06-06 01:00:00,beam-1b,Beam 1B,118.3904,9.81
2026-06-06 01:00:00,beam-2a,Beam 2A,120.0282,9.81
2026-06-06 01:00:00,beam-2b,Beam 2B,120.7057,9.81
2026-06-06 01:00:00,beam-3a,Beam 3A,118.9765,9.81
2026-06-06 01:00:00,beam-3b,Beam 3B,117.855,9.81
2026-06-06 01:00:00,pier-cap-1,Pier Cap 1,94.6694,9.81
2026-06-06 01:00:00,pier-cap-2,Pier Cap 2,94.0887,9.81
2026-06-06 02:00:00,beam-1a,Beam 1A,118.3831,9.35
2026-06-06 02:00:00,beam-1b,Beam 1B,118.1314,9.35
2026-06-06 02:00:00,beam-2a,Beam 2A,120.9668,9.35
2026-06-06 02:00:00,beam-2b,Beam 2B,120.4331,9.35
2026-06-06 02:00:00,beam-3a,Beam 3A,119.5359,9.35
2026-06-06 02:00:00,beam-3b,Beam 3B,117.6312,9.35
2026-06-06 02:00:00,pier-cap-1,Pier Cap 1,94.6199,9.35
2026-06-06 02:00:00,pier-cap-2,Pier Cap 2,95.3132,9.35
2026-06-06 03:00:00,beam-1a,Beam 1A,118.6229,8.85
2026-06-06 03:00:00,beam-1b,Beam 1B,117.7751,8.85
2026-06-06 03:00:00,beam-2a,Beam 2A,120.9984,8.85
2026-06-06 03:00:00,beam-2b,Beam 2B,119.7194,8.85
2026-06-06 03:00:00,beam-3a,Beam 3A,118.6288,8.85
2026-06-06 03:00:00,beam-3b,Beam 3B,117.9414,8.85
2026-06-06 03:00:00,pier-cap-1,Pier Cap 1,94.0961,8.85
2026-06-06 03:00:00,pier-cap-2,Pier Cap 2,95.2571,8.85
2026-06-06 04:00:00,beam-1a,Beam 1A,118.7876,9.21
2026-06-06 04:00:00,beam-1b,Beam 1B,118.26,9.21
2026-06-06 04:00:00,beam-2a,Beam 2A,120.2432,9.21
2026-06-06 04:00:00,beam-2b,Beam 2B,119.745,9.21
2026-06-06 04:00:00,beam-3a,Beam 3A,118.6025,9.21
2026-06-06 04:00:00,beam-3b,Beam 3B,118.0467,9.21
2026-06-06 04:00:00,pier-cap-1,Pier Cap 1,94.27,9.21
2026-06-06 04:00:00,pier-cap-2,Pier Cap 2,94.9415,9.21
2026-06-06 05:00:00,beam-1a,Beam 1A,118.8938,9.88
2026-06-06 05:00:00,beam-1b,Beam 1B,119.0997,9.88
2026-06-06 05:00:00,beam-2a,Beam 2A,120.6524,9.88
2026-06-06 05:00:00,beam-2b,Beam 2B,120.1266,9.88
2026-06-06 05:00:00,beam-3a,Beam 3A,117.7196,9.88
2026-06-06 05:00:00,beam-3b,Beam 3B,118.3708,9.88
2026-06-06 05:00:00,pier-cap-1,Pier Cap 1,94.3891,9.88
2026-06-06 05:00:00,pier-cap-2,Pier Cap 2,95.4291,9.88
2026-06-06 06:00:00,beam-1a,Beam 1A,119.2457,11.17
2026-06-06 06:00:00,beam-1b,Beam 1B,119.6285,11.17
2026-06-06 06:00:00,beam-2a,Beam 2A,120.2419,11.17
2026-06-06 06:00:00,beam-2b,Beam 2B,119.9551,11.17
2026-06-06 06:00:00,beam-3a,Beam 3A,119.0755,11.17
2026-06-06 06:00:00,beam-3b,Beam 3B,117.9727,11.17
2026-06-06 06:00:00,pier-cap-1,Pier Cap 1,94.7718,11.17
2026-06-06 06:00:00,pier-cap-2,Pier Cap 2,95.5144,11.17
2026-06-06 07:00:00,beam-1a,Beam 1A,119.8855,12.91
2026-06-06 07:00:00,beam-1b,Beam 1B,120.0888,12.91
2026-06-06 07:00:00,beam-2a,Beam 2A,121.3314,12.91
2026-06-06 07:00:00,beam-2b,Beam 2B,120.4404,12.91
2026-06-06 07:00:00,beam-3a,Beam 3A,119.8322,12.91
2026-06-06 07:00:00,beam-3b,Beam 3B,118.4007,12.91
2026-06-06 07:00:00,pier-cap-1,Pier Cap 1,95.6819,12.91
2026-06-06 07:00:00,pier-cap-2,Pier Cap 2,95.3808,12.91
2026-06-06 08:00:00,beam-1a,Beam 1A,120.8865,14.79
2026-06-06 08:00:00,beam-1b,Beam 1B,120.3593,14.79
2026-06-06 08:00:00,beam-2a,Beam 2A,121.2589,14.79
2026-06-06 08:00:00,beam-2b,Beam 2B,121.4638,14.79
2026-06-06 08:00:00,beam-3a,Beam 3A,120.6923,14.79
2026-06-06 08:00:00,beam-3b,Beam 3B,119.5044,14.79
2026-06-06 08:00:00,pier-cap-1,Pier Cap 1,95.0887,14.79
2026-06-06 08:00:00,pier-cap-2,Pier Cap 2,96.25,14.79
2026-06-06 09:00:00,beam-1a,Beam 1A,120.5643,16.07
2026-06-06 09:00:00,beam-1b,Beam 1B,119.981,16.07
2026-06-06 09:00:00,beam-2a,Beam 2A,121.2786,16.07
2026-06-06 09:00:00,beam-2b,Beam 2B,121.7256,16.07
2026-06-06 09:00:00,beam-3a,Beam 3A,120.3295,16.07
2026-06-06 09:00:00,beam-3b,Beam 3B,119.1452,16.07
2026-06-06 09:00:00,pier-cap-1,Pier Cap 1,95.267,16.07
2026-06-06 09:00:00,pier-cap-2,Pier Cap 2,95.6799,16.07
2026-06-06 10:00:00,beam-1a,Beam 1A,121.2739,17.99
2026-06-06 10:00:00,beam-1b,Beam 1B,121.0664,17.99
2026-06-06 10:00:00,beam-2a,Beam 2A,121.9825,17.99
2026-06-06 10:00:00,beam-2b,Beam 2B,121.4353,17.99
2026-06-06 10:00:00,beam-3a,Beam 3A,120.1773,17.99
2026-06-06 10:00:00,beam-3b,Beam 3B,119.5789,17.99
2026-06-06 10:00:00,pier-cap-1,Pier Cap 1,95.5087,17.99
2026-06-06 10:00:00,pier-cap-2,Pier Cap 2,96.3315,17.99
2026-06-06 11:00:00,beam-1a,Beam 1A,121.6008,18.98
2026-06-06 11:00:00,beam-1b,Beam 1B,120.7021,18.98
2026-06-06 11:00:00,beam-2a,Beam 2A,122.1104,18.98
2026-06-06 11:00:00,beam-2b,Beam 2B,122.3285,18.98
2026-06-06 11:00:00,beam-3a,Beam 3A,120.6813,18.98
2026-06-06 11:00:00,beam-3b,Beam 3B,119.6955,18.98
2026-06-06 11:00:00,pier-cap-1,Pier Cap 1,96.1882,18.98
2026-06-06 11:00:00,pier-cap-2,Pier Cap 2,96.4504,18.98
2026-06-06 12:00:00,beam-1a,Beam 1A,122.4501,20.86
2026-06-06 12:00:00,beam-1b,Beam 1B,120.9834,20.86
2026-06-06 12:00:00,beam-2a,Beam 2A,122.5416,20.86
2026-06-06 12:00:00,beam-2b,Beam 2B,122.6193,20.86
2026-06-06 12:00:00,beam-3a,Beam 3A,120.8792,20.86
2026-06-06 12:00:00,beam-3b,Beam 3B,120.5096,20.86
2026-06-06 12:00:00,pier-cap-1,Pier Cap 1,96.2663,20.86
2026-06-06 12:00:00,pier-cap-2,Pier Cap 2,96.5311,20.86
2026-06-06 13:00:00,beam-1a,Beam 1A,122.0524,22.38
2026-06-06 13:00:00,beam-1b,Beam 1B,121.8412,22.38
2026-06-06 13:00:00,beam-2a,Beam 2A,123.3563,22.38
2026-06-06 13:00:00,beam-2b,Beam 2B,123.3507,22.38
2026-06-06 13:00:00,beam-3a,Beam 3A,122.2757,22.38
2026-06-06 13:00:00,beam-3b,Beam 3B,120.8127,22.38
2026-06-06 13:00:00,pier-cap-1,Pier Cap 1,96.2384,22.38
2026-06-06 13:00:00,pier-cap-2,Pier Cap 2,97.0984,22.38
2026-06-06 14:00:00,beam-1a,Beam 1A,122.5435,23.05
2026-06-06 14:00:00,beam-1b,Beam 1B,121.991,23.05
2026-06-06 14:00:00,beam-2a,Beam 2A,122.7962,23.05
2026-06-06 14:00:00,beam-2b,Beam 2B,123.1127,23.05
2026-06-06 14:00:00,beam-3a,Beam 3A,121.5719,23.05
2026-06-06 14:00:00,beam-3b,Beam 3B,120.9194,23.05
2026-06-06 14:00:00,pier-cap-1,Pier Cap 1,96.4989,23.05
2026-06-06 14:00:00,pier-cap-2,Pier Cap 2,97.5008,23.05
2026-06-06 15:00:00,beam-1a,Beam 1A,122.5457,23.03
2026-06-06 15:00:00,beam-1b,Beam 1B,122.0307,23.03
2026-06-06 15:00:00,beam-2a,Beam 2A,123.7997,23.03
2026-06-06 15:00:00,beam-2b,Beam 2B,123.3083,23.03
2026-06-06 15:00:00,beam-3a,Beam 3A,121.0458,23.03
2026-06-06 15:00:00,beam-3b,Beam 3B,120.5347,23.03
2026-06-06 15:00:00,pier-cap-1,Pier Cap 1,96.3668,23.03
2026-06-06 15:00:00,pier-cap-2,Pier Cap 2,97.4786,23.03
2026-06-06 16:00:00,beam-1a,Beam 1A,121.9301,23.06
2026-06-06 16:00:00,beam-1b,Beam 1B,121.7264,23.06
2026-06-06 16:00:00,beam-2a,Beam 2A,122.5819,23.06
2026-06-06 16:00:00,beam-2b,Beam 2B,123.0863,23.06
2026-06-06 16:00:00,beam-3a,Beam 3A,121.1838,23.06
2026-06-06 16:00:00,beam-3b,Beam 3B,120.226,23.06
2026-06-06 16:00:00,pier-cap-1,Pier Cap 1,96.6977,23.06
2026-06-06 16:00:00,pier-cap-2,Pier Cap 2,97.326,23.06
2026-06-06 17:00:00,beam-1a,Beam 1A,121.5549,22.2
2026-06-06 17:00:00,beam-1b,Beam 1B,121.4147,22.2
2026-06-06 17:00:00,beam-2a,Beam 2A,123.5866,22.2
2026-06-06 17:00:00,beam-2b,Beam 2B,123.1203,22.2
2026-06-06 17:00:00,beam-3a,Beam 3A,120.2316,22.2
2026-06-06 17:00:00,beam-3b,Beam 3B,121.0422,22.2
2026-06-06 17:00:00,pier-cap-1,Pier Cap 1,97.2856,22.2
2026-06-06 17:00:00,pier-cap-2,Pier Cap 2,96.4715,22.2
2026-06-06 18:00:00,beam-1a,Beam 1A,121.2088,21.37
2026-06-06 18:00:00,beam-1b,Beam 1B,120.5794,21.37
2026-06-06 18:00:00,beam-2a,Beam 2A,122.3681,21.37
2026-06-06 18:00:00,beam-2b,Beam 2B,122.052,21.37
2026-06-06 18:00:00,beam-3a,Beam 3A,121.3139,21.37
2026-06-06 18:00:00,beam-3b,Beam 3B,120.5107,21.37
2026-06-06 18:00:00,pier-cap-1,Pier Cap 1,96.5213,21.37
2026-06-06 18:00:00,pier-cap-2,Pier Cap 2,96.4552,21.37
2026-06-06 19:00:00,beam-1a,Beam 1A,120.7287,19.56
2026-06-06 19:00:00,beam-1b,Beam 1B,120.3815,19.56
2026-06-06 19:00:00,beam-2a,Beam 2A,122.4115,19.56
2026-06-06 19:00:00,beam-2b,Beam 2B,122.1596,19.56
2026-06-06 19:00:00,beam-3a,Beam 3A,121.3177,19.56
2026-06-06 19:00:00,beam-3b,Beam 3B,119.7064,19.56
2026-06-06 19:00:00,pier-cap-1,Pier Cap 1,96.056,19.56
2026-06-06 19:00:00,pier-cap-2,Pier Cap 2,96.6338,19.56
2026-06-06 20:00:00,beam-1a,Beam 1A,120.5823,17.61
2026-06-06 20:00:00,beam-1b,Beam 1B,119.3558,17.61
2026-06-06 20:00:00,beam-2a,Beam 2A,121.8265,17.61
2026-06-06 20:00:00,beam-2b,Beam 2B,121.8077,17.61
2026-06-06 20:00:00,beam-3a,Beam 3A,121.2893,17.61
2026-06-06 20:00:00,beam-3b,Beam 3B,119.9948,17.61
2026-06-06 20:00:00,pier-cap-1,Pier Cap 1,95.5925,17.61
2026-06-06 20:00:00,pier-cap-2,Pier Cap 2,96.2817,17.61
2026-06-06 21:00:00,beam-1a,Beam 1A,119.9745,16.08
2026-06-06 21:00:00,beam-1b,Beam 1B,118.7924,16.08
2026-06-06 21:00:00,beam-2a,Beam 2A,121.5781,16.08
2026-06-06 21:00:00,beam-2b,Beam 2B,121.423,16.08
2026-06-06 21:00:00,beam-3a,Beam 3A,120.0903,16.08
2026-06-06 21:00:00,beam-3b,Beam 3B,119.0173,16.08
2026-06-06 21:00:00,pier-cap-1,Pier Cap 1,95.1587,16.08
2026-06-06 21:00:00,pier-cap-2,Pier Cap 2,95.9123,16.08
2026-06-06 22:00:00,beam-1a,Beam 1A,119.3455,12.96
2026-06-06 22:00:00,beam-1b,Beam 1B,119.1223,12.96
2026-06-06 22:00:00,beam-2a,Beam 2A,121.4125,12.96
2026-06-06 22:00:00,beam-2b,Beam 2B,121.0786,12.96
2026-06-06 22:00:00,beam-3a,Beam 3A,119.0259,12.96
2026-06-06 22:00:00,beam-3b,Beam 3B,119.1061,12.96
2026-06-06 22:00:00,pier-cap-1,Pier Cap 1,95.3141,12.96
2026-06-06 22:00:00,pier-cap-2,Pier Cap 2,96.1655,12.96
2026-06-06 23:00:00,beam-1a,Beam 1A,118.7534,12.6
2026-06-06 23:00:00,beam-1b,Beam 1B,118.4837,12.6
2026-06-06 23:00:00,beam-2a,Beam 2A,121.6193,12.6
2026-06-06 23:00:00,beam-2b,Beam 2B,121.0864,12.6
2026-06-06 23:00:00,beam-3a,Beam 3A,119.1164,12.6
2026-06-06 23:00:00,beam-3b,Beam 3B,119.0608,12.6
2026-06-06 23:00:00,pier-cap-1,Pier Cap 1,95.2433,12.6
2026-06-06 23:00:00,pier-cap-2,Pier Cap 2,95.5713,12.6
2026-06-07 00:00:00,beam-1a,Beam 1A,118.124,9.03
2026-06-07 00:00:00,beam-1b,Beam 1B,118.368,9.03
2026-06-07 00:00:00,beam-2a,Beam 2A,120.7823,9.03
2026-06-07 00:00:00,beam-2b,Beam 2B,120.2804,9.03
2026-06-07 00:00:00,beam-3a,Beam 3A,118.5438,9.03
2026-06-07 00:00:00,beam-3b,Beam 3B,117.5433,9.03
2026-06-07 00:00:00,pier-cap-1,Pier Cap 1,94.3647,9.03
2026-06-07 00:00:00,pier-cap-2,Pier Cap 2,95.1673,9.03
2026-06-07 01:00:00,beam-1a,Beam 1A,119.2088,8.69
2026-06-07 01:00:00,beam-1b,Beam 1B,118.4465,8.69
2026-06-07 01:00:00,beam-2a,Beam 2A,120.0756,8.69
2026-06-07 01:00:00,beam-2b,Beam 2B,119.9883,8.69
2026-06-07 01:00:00,beam-3a,Beam 3A,118.9796,8.69
2026-06-07 01:00:00,beam-3b,Beam 3B,118.0043,8.69
2026-06-07 01:00:00,pier-cap-1,Pier Cap 1,94.8172,8.69
2026-06-07 01:00:00,pier-cap-2,Pier Cap 2,95.2496,8.69
2026-06-07 02:00:00,beam-1a,Beam 1A,118.4821,8.86
2026-06-07 02:00:00,beam-1b,Beam 1B,117.9275,8.86
2026-06-07 02:00:00,beam-2a,Beam 2A,120.3454,8.86
2026-06-07 02:00:00,beam-2b,Beam 2B,119.803,8.86
2026-06-07 02:00:00,beam-3a,Beam 3A,119.427,8.86
2026-06-07 02:00:00,beam-3b,Beam 3B,118.1069,8.86
2026-06-07 02:00:00,pier-cap-1,Pier Cap 1,94.4851,8.86
2026-06-07 02:00:00,pier-cap-2,Pier Cap 2,94.9953,8.86
2026-06-07 03:00:00,beam-1a,Beam 1A,118.3656,8.63
2026-06-07 03:00:00,beam-1b,Beam 1B,118.4434,8.63
2026-06-07 03:00:00,beam-2a,Beam 2A,119.9133,8.63
2026-06-07 03:00:00,beam-2b,Beam 2B,120.4946,8.63
2026-06-07 03:00:00,beam-3a,Beam 3A,118.6933,8.63
2026-06-07 03:00:00,beam-3b,Beam 3B,118.705,8.63
2026-06-07 03:00:00,pier-cap-1,Pier Cap 1,94.677,8.63
2026-06-07 03:00:00,pier-cap-2,Pier Cap 2,95.7219,8.63
2026-06-07 04:00:00,beam-1a,Beam 1A,119.2033,8.21
2026-06-07 04:00:00,beam-1b,Beam 1B,118.071,8.21
2026-06-07 04:00:00,beam-2a,Beam 2A,119.746,8.21
2026-06-07 04:00:00,beam-2b,Beam 2B,120.1161,8.21
2026-06-07 04:00:00,beam-3a,Beam 3A,117.9668,8.21
2026-06-07 04:00:00,beam-3b,Beam 3B,117.4507,8.21
2026-06-07 04:00:00,pier-cap-1,Pier Cap 1,94.4708,8.21
2026-06-07 04:00:00,pier-cap-2,Pier Cap 2,94.5998,8.21
2026-06-07 05:00:00,beam-1a,Beam 1A,119.1154,9.09
2026-06-07 05:00:00,beam-1b,Beam 1B,117.9707,9.09
2026-06-07 05:00:00,beam-2a,Beam 2A,119.86,9.09
2026-06-07 05:00:00,beam-2b,Beam 2B,119.7487,9.09
2026-06-07 05:00:00,beam-3a,Beam 3A,118.2483,9.09
2026-06-07 05:00:00,beam-3b,Beam 3B,118.379,9.09
2026-06-07 05:00:00,pier-cap-1,Pier Cap 1,94.4607,9.09
2026-06-07 05:00:00,pier-cap-2,Pier Cap 2,94.8321,9.09
2026-06-07 06:00:00,beam-1a,Beam 1A,119.7487,11.04
2026-06-07 06:00:00,beam-1b,Beam 1B,119.1895,11.04
2026-06-07 06:00:00,beam-2a,Beam 2A,120.5326,11.04
2026-06-07 06:00:00,beam-2b,Beam 2B,120.4717,11.04
2026-06-07 06:00:00,beam-3a,Beam 3A,119.7228,11.04
2026-06-07 06:00:00,beam-3b,Beam 3B,118.2533,11.04
2026-06-07 06:00:00,pier-cap-1,Pier Cap 1,94.5192,11.04
2026-06-07 06:00:00,pier-cap-2,Pier Cap 2,95.0228,11.04
2026-06-07 07:00:00,beam-1a,Beam 1A,119.8066,11.75
2026-06-07 07:00:00,beam-1b,Beam 1B,119.2901,11.75
2026-06-07 07:00:00,beam-2a,Beam 2A,120.949,11.75
2026-06-07 07:00:00,beam-2b,Beam 2B,119.9974,11.75
2026-06-07 07:00:00,beam-3a,Beam 3A,119.6629,11.75
2026-06-07 07:00:00,beam-3b,Beam 3B,117.9472,11.75
2026-06-07 07:00:00,pier-cap-1,Pier Cap 1,94.8682,11.75
2026-06-07 07:00:00,pier-cap-2,Pier Cap 2,95.8807,11.75
2026-06-07 08:00:00,beam-1a,Beam 1A,120.3999,14.52
2026-06-07 08:00:00,beam-1b,Beam 1B,119.9574,14.52
2026-06-07 08:00:00,beam-2a,Beam 2A,120.6403,14.52
2026-06-07 08:00:00,beam-2b,Beam 2B,121.2686,14.52
2026-06-07 08:00:00,beam-3a,Beam 3A,120.1824,14.52
2026-06-07 08:00:00,beam-3b,Beam 3B,118.8677,14.52
2026-06-07 08:00:00,pier-cap-1,Pier Cap 1,95.5814,14.52
2026-06-07 08:00:00,pier-cap-2,Pier Cap 2,96.0694,14.52
2026-06-07 09:00:00,beam-1a,Beam 1A,120.7705,15.44
2026-06-07 09:00:00,beam-1b,Beam 1B,121.1213,15.44
2026-06-07 09:00:00,beam-2a,Beam 2A,121.5692,15.44
2026-06-07 09:00:00,beam-2b,Beam 2B,121.3617,15.44
2026-06-07 09:00:00,beam-3a,Beam 3A,119.407,15.44
2026-06-07 09:00:00,beam-3b,Beam 3B,119.0842,15.44
2026-06-07 09:00:00,pier-cap-1,Pier Cap 1,95.3134,15.44
2026-06-07 09:00:00,pier-cap-2,Pier Cap 2,95.8026,15.44
2026-06-07 10:00:00,beam-1a,Beam 1A,120.7986,17.41
2026-06-07 10:00:00,beam-1b,Beam 1B,120.3485,17.41
2026-06-07 10:00:00,beam-2a,Beam 2A,122.5893,17.41
2026-06-07 10:00:00,beam-2b,Beam 2B,121.6103,17.41
2026-06-07 10:00:00,beam-3a,Beam 3A,119.8477,17.41
2026-06-07 10:00:00,beam-3b,Beam 3B,119.0881,17.41
2026-06-07 10:00:00,pier-cap-1,Pier Cap 1,95.8941,17.41
2026-06-07 10:00:00,pier-cap-2,Pier Cap 2,96.003,17.41
2026-06-07 11:00:00,beam-1a,Beam 1A,121.7249,19.59
2026-06-07 11:00:00,beam-1b,Beam 1B,121.4897,19.59
2026-06-07 11:00:00,beam-2a,Beam 2A,122.866,19.59
2026-06-07 11:00:00,beam-2b,Beam 2B,122.9121,19.59
2026-06-07 11:00:00,beam-3a,Beam 3A,120.5059,19.59
2026-06-07 11:00:00,beam-3b,Beam 3B,119.9807,19.59
2026-06-07 11:00:00,pier-cap-1,Pier Cap 1,95.7631,19.59
2026-06-07 11:00:00,pier-cap-2,Pier Cap 2,97.0034,19.59
2026-06-07 12:00:00,beam-1a,Beam 1A,122.0341,20.44
2026-06-07 12:00:00,beam-1b,Beam 1B,121.1823,20.44
2026-06-07 12:00:00,beam-2a,Beam 2A,122.3543,20.44
2026-06-07 12:00:00,beam-2b,Beam 2B,121.9906,20.44
2026-06-07 12:00:00,beam-3a,Beam 3A,121.2516,20.44
2026-06-07 12:00:00,beam-3b,Beam 3B,120.3692,20.44
2026-06-07 12:00:00,pier-cap-1,Pier Cap 1,96.4503,20.44
2026-06-07 12:00:00,pier-cap-2,Pier Cap 2,96.8248,20.44
2026-06-07 13:00:00,beam-1a,Beam 1A,122.6497,21.1
2026-06-07 13:00:00,beam-1b,Beam 1B,121.9199,21.1
2026-06-07 13:00:00,beam-2a,Beam 2A,122.1614,21.1
2026-06-07 13:00:00,beam-2b,Beam 2B,122.8713,21.1
2026-06-07 13:00:00,beam-3a,Beam 3A,121.6433,21.1
2026-06-07 13:00:00,beam-3b,Beam 3B,120.2425,21.1
2026-06-07 13:00:00,pier-cap-1,Pier Cap 1,96.409,21.1
2026-06-07 13:00:00,pier-cap-2,Pier Cap 2,97.2382,21.1
2026-06-07 14:00:00,beam-1a,Beam 1A,122.1258,22.16
2026-06-07 14:00:00,beam-1b,Beam 1B,121.8002,22.16
2026-06-07 14:00:00,beam-2a,Beam 2A,123.1154,22.16
2026-06-07 14:00:00,beam-2b,Beam 2B,123.6784,22.16
2026-06-07 14:00:00,beam-3a,Beam 3A,122.1424,22.16
2026-06-07 14:00:00,beam-3b,Beam 3B,120.1702,22.16
2026-06-07 14:00:00,pier-cap-1,Pier Cap 1,96.1129,22.16
2026-06-07 14:00:00,pier-cap-2,Pier Cap 2,96.9555,22.16
2026-06-07 15:00:00,beam-1a,Beam 1A,121.1744,22.43
2026-06-07 15:00:00,beam-1b,Beam 1B,121.7241,22.43
2026-06-07 15:00:00,beam-2a,Beam 2A,122.0581,22.43
2026-06-07 15:00:00,beam-2b,Beam 2B,123.292,22.43
2026-06-07 15:00:00,beam-3a,Beam 3A,121.5955,22.43
2026-06-07 15:00:00,beam-3b,Beam 3B,120.3588,22.43
2026-06-07 15:00:00,pier-cap-1,Pier Cap 1,96.4466,22.43
2026-06-07 15:00:00,pier-cap-2,Pier Cap 2,97.1673,22.43
2026-06-07 16:00:00,beam-1a,Beam 1A,121.6736,21.66
2026-06-07 16:00:00,beam-1b,Beam 1B,120.9758,21.66
2026-06-07 16:00:00,beam-2a,Beam 2A,123.2751,21.66
2026-06-07 16:00:00,beam-2b,Beam 2B,122.6981,21.66
2026-06-07 16:00:00,beam-3a,Beam 3A,121.0627,21.66
2026-06-07 16:00:00,beam-3b,Beam 3B,120.2629,21.66
2026-06-07 16:00:00,pier-cap-1,Pier Cap 1,96.6777,21.66
2026-06-07 16:00:00,pier-cap-2,Pier Cap 2,96.9883,21.66
2026-06-07 17:00:00,beam-1a,Beam 1A,122.438,21.4
2026-06-07 17:00:00,beam-1b,Beam 1B,120.8112,21.4
2026-06-07 17:00:00,beam-2a,Beam 2A,122.6944,21.4
2026-06-07 17:00:00,beam-2b,Beam 2B,122.2096,21.4
2026-06-07 17:00:00,beam-3a,Beam 3A,120.9699,21.4
2026-06-07 17:00:00,beam-3b,Beam 3B,120.2919,21.4
2026-06-07 17:00:00,pier-cap-1,Pier Cap 1,95.9822,21.4
2026-06-07 17:00:00,pier-cap-2,Pier Cap 2,96.6727,21.4
2026-06-07 18:00:00,beam-1a,Beam 1A,121.3151,20.09
2026-06-07 18:00:00,beam-1b,Beam 1B,120.9365,20.09
2026-06-07 18:00:00,beam-2a,Beam 2A,123.251,20.09
2026-06-07 18:00:00,beam-2b,Beam 2B,121.8607,20.09
2026-06-07 18:00:00,beam-3a,Beam 3A,121.4495,20.09
2026-06-07 18:00:00,beam-3b,Beam 3B,120.356,20.09
2026-06-07 18:00:00,pier-cap-1,Pier Cap 1,95.8426,20.09
2026-06-07 18:00:00,pier-cap-2,Pier Cap 2,96.6206,20.09
2026-06-07 19:00:00,beam-1a,Beam 1A,120.394,19.31
2026-06-07 19:00:00,beam-1b,Beam 1B,120.8976,19.31
2026-06-07 19:00:00,beam-2a,Beam 2A,121.6711,19.31
2026-06-07 19:00:00,beam-2b,Beam 2B,122.0879,19.31
2026-06-07 19:00:00,beam-3a,Beam 3A,121.2158,19.31
2026-06-07 19:00:00,beam-3b,Beam 3B,119.9139,19.31
2026-06-07 19:00:00,pier-cap-1,Pier Cap 1,96.0255,19.31
2026-06-07 19:00:00,pier-cap-2,Pier Cap 2,96.1911,19.31
2026-06-07 20:00:00,beam-1a,Beam 1A,120.3306,17.27
2026-06-07 20:00:00,beam-1b,Beam 1B,119.8918,17.27
2026-06-07 20:00:00,beam-2a,Beam 2A,122.3203,17.27
2026-06-07 20:00:00,beam-2b,Beam 2B,121.5725,17.27
2026-06-07 20:00:00,beam-3a,Beam 3A,120.424,17.27
2026-06-07 20:00:00,beam-3b,Beam 3B,118.9394,17.27
2026-06-07 20:00:00,pier-cap-1,Pier Cap 1,96.3798,17.27
2026-06-07 20:00:00,pier-cap-2,Pier Cap 2,96.388,17.27
2026-06-07 21:00:00,beam-1a,Beam 1A,119.4039,15.33
2026-06-07 21:00:00,beam-1b,Beam 1B,118.9495,15.33
2026-06-07 21:00:00,beam-2a,Beam 2A,121.5251,15.33
2026-06-07 21:00:00,beam-2b,Beam 2B,121.1753,15.33
2026-06-07 21:00:00,beam-3a,Beam 3A,120.2306,15.33
2026-06-07 21:00:00,beam-3b,Beam 3B,118.8652,15.33
2026-06-07 21:00:00,pier-cap-1,Pier Cap 1,95.2472,15.33
2026-06-07 21:00:00,pier-cap-2,Pier Cap 2,96.1773,15.33
2026-06-07 22:00:00,beam-1a,Beam 1A,118.7346,13.59
2026-06-07 22:00:00,beam-1b,Beam 1B,118.9271,13.59
2026-06-07 22:00:00,beam-2a,Beam 2A,121.0846,13.59
2026-06-07 22:00:00,beam-2b,Beam 2B,120.9879,13.59
2026-06-07 22:00:00,beam-3a,Beam 3A,119.418,13.59
2026-06-07 22:00:00,beam-3b,Beam 3B,118.7893,13.59
2026-06-07 22:00:00,pier-cap-1,Pier Cap 1,95.3364,13.59
2026-06-07 22:00:00,pier-cap-2,Pier Cap 2,95.9848,13.59
2026-06-07 23:00:00,beam-1a,Beam 1A,118.7118,12.03
2026-06-07 23:00:00,beam-1b,Beam 1B,119.2834,12.03
2026-06-07 23:00:00,beam-2a,Beam 2A,120.3578,12.03
2026-06-07 23:00:00,beam-2b,Beam 2B,120.7697,12.03
2026-06-07 23:00:00,beam-3a,Beam 3A,119.3993,12.03
2026-06-07 23:00:00,beam-3b,Beam 3B,118.8289,12.03
2026-06-07 23:00:00,pier-cap-1,Pier Cap 1,95.0324,12.03
2026-06-07 23:00:00,pier-cap-2,Pier Cap 2,95.6543,12.03
2026-06-08 00:00:00,beam-1a,Beam 1A,118.5467,10.24
2026-06-08 00:00:00,beam-1b,Beam 1B,118.1505,10.24
2026-06-08 00:00:00,beam-2a,Beam 2A,120.7867,10.24
2026-06-08 00:00:00,beam-2b,Beam 2B,120.6508,10.24
2026-06-08 00:00:00,beam-3a,Beam 3A,119.4844,10.24
2026-06-08 00:00:00,beam-3b,Beam 3B,118.5502,10.24
2026-06-08 00:00:00,pier-cap-1,Pier Cap 1,94.5094,10.24
2026-06-08 00:00:00,pier-cap-2,Pier Cap 2,95.1478,10.24
2026-06-08 01:00:00,beam-1a,Beam 1A,117.5972,8.48
2026-06-08 01:00:00,beam-1b,Beam 1B,118.3641,8.48
2026-06-08 01:00:00,beam-2a,Beam 2A,120.467,8.48
2026-06-08 01:00:00,beam-2b,Beam 2B,119.6133,8.48
2026-06-08 01:00:00,beam-3a,Beam 3A,119.9091,8.48
2026-06-08 01:00:00,beam-3b,Beam 3B,118.3829,8.48
2026-06-08 01:00:00,pier-cap-1,Pier Cap 1,94.4708,8.48
2026-06-08 01:00:00,pier-cap-2,Pier Cap 2,95.388,8.48
2026-06-08 02:00:00,beam-1a,Beam 1A,117.7785,7.77
2026-06-08 02:00:00,beam-1b,Beam 1B,117.5216,7.77
2026-06-08 02:00:00,beam-2a,Beam 2A,120.7674,7.77
2026-06-08 02:00:00,beam-2b,Beam 2B,119.6957,7.77
2026-06-08 02:00:00,beam-3a,Beam 3A,119.3108,7.77
2026-06-08 02:00:00,beam-3b,Beam 3B,117.6714,7.77
2026-06-08 02:00:00,pier-cap-1,Pier Cap 1,94.1807,7.77
2026-06-08 02:00:00,pier-cap-2,Pier Cap 2,95.0827,7.77
2026-06-08 03:00:00,beam-1a,Beam 1A,118.3944,8.39
2026-06-08 03:00:00,beam-1b,Beam 1B,117.9761,8.39
2026-06-08 03:00:00,beam-2a,Beam 2A,120.5806,8.39
2026-06-08 03:00:00,beam-2b,Beam 2B,120.0322,8.39
2026-06-08 03:00:00,beam-3a,Beam 3A,118.7673,8.39
2026-06-08 03:00:00,beam-3b,Beam 3B,118.0106,8.39
2026-06-08 03:00:00,pier-cap-1,Pier Cap 1,94.3007,8.39
2026-06-08 03:00:00,pier-cap-2,Pier Cap 2,95.3246,8.39
2026-06-08 04:00:00,beam-1a,Beam 1A,118.3363,8.02
2026-06-08 04:00:00,beam-1b,Beam 1B,118.296,8.02
2026-06-08 04:00:00,beam-2a,Beam 2A,119.8661,8.02
2026-06-08 04:00:00,beam-2b,Beam 2B,119.9476,8.02
2026-06-08 04:00:00,beam-3a,Beam 3A,117.6072,8.02
2026-06-08 04:00:00,beam-3b,Beam 3B,117.1644,8.02
2026-06-08 04:00:00,pier-cap-1,Pier Cap 1,93.8544,8.02
2026-06-08 04:00:00,pier-cap-2,Pier Cap 2,95.2881,8.02
2026-06-08 05:00:00,beam-1a,Beam 1A,118.7874,8.32
2026-06-08 05:00:00,beam-1b,Beam 1B,118.3883,8.32
2026-06-08 05:00:00,beam-2a,Beam 2A,119.7616,8.32
2026-06-08 05:00:00,beam-2b,Beam 2B,120.8232,8.32
2026-06-08 05:00:00,beam-3a,Beam 3A,118.2571,8.32
2026-06-08 05:00:00,beam-3b,Beam 3B,117.8805,8.32
2026-06-08 05:00:00,pier-cap-1,Pier Cap 1,94.3901,8.32
2026-06-08 05:00:00,pier-cap-2,Pier Cap 2,94.8597,8.32
2026-06-08 06:00:00,beam-1a,Beam 1A,118.6932,10.17
2026-06-08 06:00:00,beam-1b,Beam 1B,118.4501,10.17
2026-06-08 06:00:00,beam-2a,Beam 2A,119.9871,10.17
2026-06-08 06:00:00,beam-2b,Beam 2B,120.5563,10.17
2026-06-08 06:00:00,beam-3a,Beam 3A,118.8369,10.17
2026-06-08 06:00:00,beam-3b,Beam 3B,117.7065,10.17
2026-06-08 06:00:00,pier-cap-1,Pier Cap 1,94.9456,10.17
2026-06-08 06:00:00,pier-cap-2,Pier Cap 2,95.2923,10.17
2026-06-08 07:00:00,beam-1a,Beam 1A,119.7938,11.63
2026-06-08 07:00:00,beam-1b,Beam 1B,118.8605,11.63
2026-06-08 07:00:00,beam-2a,Beam 2A,121.4153,11.63
2026-06-08 07:00:00,beam-2b,Beam 2B,120.1128,11.63
2026-06-08 07:00:00,beam-3a,Beam 3A,119.9104,11.63
2026-06-08 07:00:00,beam-3b,Beam 3B,118.3378,11.63
2026-06-08 07:00:00,pier-cap-1,Pier Cap 1,94.9118,11.63
2026-06-08 07:00:00,pier-cap-2,Pier Cap 2,95.6269,11.63
2026-06-08 08:00:00,beam-1a,Beam 1A,119.4741,12.52
2026-06-08 08:00:00,beam-1b,Beam 1B,119.8343,12.52
2026-06-08 08:00:00,beam-2a,Beam 2A,120.6929,12.52
2026-06-08 08:00:00,beam-2b,Beam 2B,121.1069,12.52
2026-06-08 08:00:00,beam-3a,Beam 3A,120.0263,12.52
2026-06-08 08:00:00,beam-3b,Beam 3B,119.5894,12.52
2026-06-08 08:00:00,pier-cap-1,Pier Cap 1,95.3553,12.52
2026-06-08 08:00:00,pier-cap-2,Pier Cap 2,95.1834,12.52
2026-06-08 09:00:00,beam-1a,Beam 1A,121.034,15.04
2026-06-08 09:00:00,beam-1b,Beam 1B,120.476,15.04
2026-06-08 09:00:00,beam-2a,Beam 2A,122.0994,15.04
2026-06-08 09:00:00,beam-2b,Beam 2B,121.6643,15.04
2026-06-08 09:00:00,beam-3a,Beam 3A,120.1233,15.04
2026-06-08 09:00:00,beam-3b,Beam 3B,119.1132,15.04
2026-06-08 09:00:00,pier-cap-1,Pier Cap 1,95.5796,15.04
2026-06-08 09:00:00,pier-cap-2,Pier Cap 2,95.5674,15.04
2026-06-08 10:00:00,beam-1a,Beam 1A,120.3134,17.05
2026-06-08 10:00:00,beam-1b,Beam 1B,121.0431,17.05
2026-06-08 10:00:00,beam-2a,Beam 2A,122.1202,17.05
2026-06-08 10:00:00,beam-2b,Beam 2B,121.8021,17.05
2026-06-08 10:00:00,beam-3a,Beam 3A,119.7789,17.05
2026-06-08 10:00:00,beam-3b,Beam 3B,119.0873,17.05
2026-06-08 10:00:00,pier-cap-1,Pier Cap 1,95.6898,17.05
2026-06-08 10:00:00,pier-cap-2,Pier Cap 2,95.8178,17.05
2026-06-08 11:00:00,beam-1a,Beam 1A,120.8792,18.59
2026-06-08 11:00:00,beam-1b,Beam 1B,121.4929,18.59
2026-06-08 11:00:00,beam-2a,Beam 2A,122.3509,18.59
2026-06-08 11:00:00,beam-2b,Beam 2B,121.6788,18.59
2026-06-08 11:00:00,beam-3a,Beam 3A,120.4344,18.59
2026-06-08 11:00:00,beam-3b,Beam 3B,119.8257,18.59
2026-06-08 11:00:00,pier-cap-1,Pier Cap 1,95.7508,18.59
2026-06-08 11:00:00,pier-cap-2,Pier Cap 2,96.4068,18.59
2026-06-08 12:00:00,beam-1a,Beam 1A,121.7292,20.15
2026-06-08 12:00:00,beam-1b,Beam 1B,121.2303,20.15
2026-06-08 12:00:00,beam-2a,Beam 2A,122.4067,20.15
2026-06-08 12:00:00,beam-2b,Beam 2B,123.1812,20.15
2026-06-08 12:00:00,beam-3a,Beam 3A,119.9799,20.15
2026-06-08 12:00:00,beam-3b,Beam 3B,119.797,20.15
2026-06-08 12:00:00,pier-cap-1,Pier Cap 1,96.0262,20.15
2026-06-08 12:00:00,pier-cap-2,Pier Cap 2,96.5721,20.15
2026-06-08 13:00:00,beam-1a,Beam 1A,122.1595,20.45
2026-06-08 13:00:00,beam-1b,Beam 1B,121.0681,20.45
2026-06-08 13:00:00,beam-2a,Beam 2A,122.8533,20.45
2026-06-08 13:00:00,beam-2b,Beam 2B,122.1128,20.45
2026-06-08 13:00:00,beam-3a,Beam 3A,121.5878,20.45
2026-06-08 13:00:00,beam-3b,Beam 3B,119.6983,20.45
2026-06-08 13:00:00,pier-cap-1,Pier Cap 1,95.7756,20.45
2026-06-08 13:00:00,pier-cap-2,Pier Cap 2,96.2861,20.45
2026-06-08 14:00:00,beam-1a,Beam 1A,121.8439,21.84
2026-06-08 14:00:00,beam-1b,Beam 1B,121.8065,21.84
2026-06-08 14:00:00,beam-2a,Beam 2A,122.8616,21.84
2026-06-08 14:00:00,beam-2b,Beam 2B,123.0869,21.84
2026-06-08 14:00:00,beam-3a,Beam 3A,122.2086,21.84
2026-06-08 14:00:00,beam-3b,Beam 3B,121.0355,21.84
2026-06-08 14:00:00,pier-cap-1,Pier Cap 1,96.3457,21.84
2026-06-08 14:00:00,pier-cap-2,Pier Cap 2,96.9706,21.84
2026-06-08 15:00:00,beam-1a,Beam 1A,121.8302,21.82
2026-06-08 15:00:00,beam-1b,Beam 1B,121.4827,21.82
2026-06-08 15:00:00,beam-2a,Beam 2A,122.7171,21.82
2026-06-08 15:00:00,beam-2b,Beam 2B,122.9028,21.82
2026-06-08 15:00:00,beam-3a,Beam 3A,121.9098,21.82
2026-06-08 15:00:00,beam-3b,Beam 3B,120.6699,21.82
2026-06-08 15:00:00,pier-cap-1,Pier Cap 1,96.4674,21.82
2026-06-08 15:00:00,pier-cap-2,Pier Cap 2,96.8949,21.82
2026-06-08 16:00:00,beam-1a,Beam 1A,121.3866,21.51
2026-06-08 16:00:00,beam-1b,Beam 1B,120.6366,21.51
2026-06-08 16:00:00,beam-2a,Beam 2A,123.081,21.51
2026-06-08 16:00:00,beam-2b,Beam 2B,123.0041,21.51
2026-06-08 16:00:00,beam-3a,Beam 3A,120.922,21.51
2026-06-08 16:00:00,beam-3b,Beam 3B,120.3584,21.51
2026-06-08 16:00:00,pier-cap-1,Pier Cap 1,96.8916,21.51
2026-06-08 16:00:00,pier-cap-2,Pier Cap 2,97.2317,21.51
2026-06-08 17:00:00,beam-1a,Beam 1A,120.8252,21.36
2026-06-08 17:00:00,beam-1b,Beam 1B,120.4227,21.36
2026-06-08 17:00:00,beam-2a,Beam 2A,122.7135,21.36
2026-06-08 17:00:00,beam-2b,Beam 2B,123.418,21.36
2026-06-08 17:00:00,beam-3a,Beam 3A,121.2263,21.36
2026-06-08 17:00:00,beam-3b,Beam 3B,120.0704,21.36
2026-06-08 17:00:00,pier-cap-1,Pier Cap 1,96.5118,21.36
2026-06-08 17:00:00,pier-cap-2,Pier Cap 2,97.4572,21.36
2026-06-08 18:00:00,beam-1a,Beam 1A,120.6379,20.49
2026-06-08 18:00:00,beam-1b,Beam 1B,120.5816,20.49
2026-06-08 18:00:00,beam-2a,Beam 2A,122.2779,20.49
2026-06-08 18:00:00,beam-2b,Beam 2B,122.7892,20.49
2026-06-08 18:00:00,beam-3a,Beam 3A,121.064,20.49
2026-06-08 18:00:00,beam-3b,Beam 3B,119.9336,20.49
2026-06-08 18:00:00,pier-cap-1,Pier Cap 1,95.9635,20.49
2026-06-08 18:00:00,pier-cap-2,Pier Cap 2,96.8599,20.49
2026-06-08 19:00:00,beam-1a,Beam 1A,119.9533,19.16
2026-06-08 19:00:00,beam-1b,Beam 1B,119.9154,19.16
2026-06-08 19:00:00,beam-2a,Beam 2A,122.5724,19.16
2026-06-08 19:00:00,beam-2b,Beam 2B,122.0794,19.16
2026-06-08 19:00:00,beam-3a,Beam 3A,121.2887,19.16
2026-06-08 19:00:00,beam-3b,Beam 3B,120.3308,19.16
2026-06-08 19:00:00,pier-cap-1,Pier Cap 1,95.5926,19.16
2026-06-08 19:00:00,pier-cap-2,Pier Cap 2,96.3154,19.16
2026-06-08 20:00:00,beam-1a,Beam 1A,119.4056,17.28
2026-06-08 20:00:00,beam-1b,Beam 1B,119.4439,17.28
2026-06-08 20:00:00,beam-2a,Beam 2A,121.9309,17.28
2026-06-08 20:00:00,beam-2b,Beam 2B,122.3723,17.28
2026-06-08 20:00:00,beam-3a,Beam 3A,121.1174,17.28
2026-06-08 20:00:00,beam-3b,Beam 3B,119.541,17.28
2026-06-08 20:00:00,pier-cap-1,Pier Cap 1,95.6804,17.28
2026-06-08 20:00:00,pier-cap-2,Pier Cap 2,96.4364,17.28
2026-06-08 21:00:00,beam-1a,Beam 1A,119.3907,14.9
2026-06-08 21:00:00,beam-1b,Beam 1B,119.2255,14.9
2026-06-08 21:00:00,beam-2a,Beam 2A,121.6757,14.9
2026-06-08 21:00:00,beam-2b,Beam 2B,121.2042,14.9
2026-06-08 21:00:00,beam-3a,Beam 3A,119.9463,14.9
2026-06-08 21:00:00,beam-3b,Beam 3B,117.9022,14.9
2026-06-08 21:00:00,pier-cap-1,Pier Cap 1,95.6287,14.9
2026-06-08 21:00:00,pier-cap-2,Pier Cap 2,95.8879,14.9
2026-06-08 22:00:00,beam-1a,Beam 1A,118.4246,13.27
2026-06-08 22:00:00,beam-1b,Beam 1B,118.6834,13.27
2026-06-08 22:00:00,beam-2a,Beam 2A,120.9733,13.27
2026-06-08 22:00:00,beam-2b,Beam 2B,121.1997,13.27
2026-06-08 22:00:00,beam-3a,Beam 3A,118.8314,13.27
2026-06-08 22:00:00,beam-3b,Beam 3B,119.5194,13.27
2026-06-08 22:00:00,pier-cap-1,Pier Cap 1,95.0749,13.27
2026-06-08 22:00:00,pier-cap-2,Pier Cap 2,95.5691,13.27
2026-06-08 23:00:00,beam-1a,Beam 1A,118.5835,11.75
2026-06-08 23:00:00,beam-1b,Beam 1B,118.5372,11.75
2026-06-08 23:00:00,beam-2a,Beam 2A,120.3667,11.75
2026-06-08 23:00:00,beam-2b,Beam 2B,120.3155,11.75
2026-06-08 23:00:00,beam-3a,Beam 3A,118.6364,11.75
2026-06-08 23:00:00,beam-3b,Beam 3B,118.4469,11.75
2026-06-08 23:00:00,pier-cap-1,Pier Cap 1,95.0753,11.75
2026-06-08 23:00:00,pier-cap-2,Pier Cap 2,95.1543,11.75
2026-06-09 00:00:00,beam-1a,Beam 1A,117.7678,10.43
2026-06-09 00:00:00,beam-1b,Beam 1B,117.1474,10.43
2026-06-09 00:00:00,beam-2a,Beam 2A,121.2808,10.43
2026-06-09 00:00:00,beam-2b,Beam 2B,120.1588,10.43
2026-06-09 00:00:00,beam-3a,Beam 3A,118.7132,10.43
2026-06-09 00:00:00,beam-3b,Beam 3B,118.2526,10.43
2026-06-09 00:00:00,pier-cap-1,Pier Cap 1,94.6607,10.43
2026-06-09 00:00:00,pier-cap-2,Pier Cap 2,95.0758,10.43
2026-06-09 01:00:00,beam-1a,Beam 1A,118.1414,9.33
2026-06-09 01:00:00,beam-1b,Beam 1B,117.7264,9.33
2026-06-09 01:00:00,beam-2a,Beam 2A,120.9837,9.33
2026-06-09 01:00:00,beam-2b,Beam 2B,120.3739,9.33
2026-06-09 01:00:00,beam-3a,Beam 3A,119.6136,9.33
2026-06-09 01:00:00,beam-3b,Beam 3B,118.3022,9.33
2026-06-09 01:00:00,pier-cap-1,Pier Cap 1,94.7639,9.33
2026-06-09 01:00:00,pier-cap-2,Pier Cap 2,94.9955,9.33
2026-06-09 02:00:00,beam-1a,Beam 1A,117.8536,8.9
2026-06-09 02:00:00,beam-1b,Beam 1B,117.8678,8.9
2026-06-09 02:00:00,beam-2a,Beam 2A,120.6342,8.9
2026-06-09 02:00:00,beam-2b,Beam 2B,120.4191,8.9
2026-06-09 02:00:00,beam-3a,Beam 3A,119.3542,8.9
2026-06-09 02:00:00,beam-3b,Beam 3B,118.0045,8.9
2026-06-09 02:00:00,pier-cap-1,Pier Cap 1,94.0063,8.9
2026-06-09 02:00:00,pier-cap-2,Pier Cap 2,95.2267,8.9
2026-06-09 03:00:00,beam-1a,Beam 1A,118.5231,8.31
2026-06-09 03:00:00,beam-1b,Beam 1B,117.0964,8.31
2026-06-09 03:00:00,beam-2a,Beam 2A,120.0072,8.31
2026-06-09 03:00:00,beam-2b,Beam 2B,119.4755,8.31
2026-06-09 03:00:00,beam-3a,Beam 3A,118.5768,8.31
2026-06-09 03:00:00,beam-3b,Beam 3B,117.9906,8.31
2026-06-09 03:00:00,pier-cap-1,Pier Cap 1,94.878,8.31
2026-06-09 03:00:00,pier-cap-2,Pier Cap 2,95.05,8.31
2026-06-09 04:00:00,beam-1a,Beam 1A,118.2521,8.28
2026-06-09 04:00:00,beam-1b,Beam 1B,117.5096,8.28
2026-06-09 04:00:00,beam-2a,Beam 2A,120.0363,8.28
2026-06-09 04:00:00,beam-2b,Beam 2B,120.3523,8.28
2026-06-09 04:00:00,beam-3a,Beam 3A,117.9633,8.28
2026-06-09 04:00:00,beam-3b,Beam 3B,117.5753,8.28
2026-06-09 04:00:00,pier-cap-1,Pier Cap 1,94.0586,8.28
2026-06-09 04:00:00,pier-cap-2,Pier Cap 2,95.44,8.28
2026-06-09 05:00:00,beam-1a,Beam 1A,118.8887,9.11
2026-06-09 05:00:00,beam-1b,Beam 1B,117.762,9.11
2026-06-09 05:00:00,beam-2a,Beam 2A,120.8744,9.11
2026-06-09 05:00:00,beam-2b,Beam 2B,119.9935,9.11
2026-06-09 05:00:00,beam-3a,Beam 3A,118.496,9.11
2026-06-09 05:00:00,beam-3b,Beam 3B,117.4499,9.11
2026-06-09 05:00:00,pier-cap-1,Pier Cap 1,94.7542,9.11
2026-06-09 05:00:00,pier-cap-2,Pier Cap 2,95.2184,9.11
2026-06-09 06:00:00,beam-1a,Beam 1A,118.6475,10.64
2026-06-09 06:00:00,beam-1b,Beam 1B,118.5196,10.64
2026-06-09 06:00:00,beam-2a,Beam 2A,120.4863,10.64
2026-06-09 06:00:00,beam-2b,Beam 2B,121.1424,10.64
2026-06-09 06:00:00,beam-3a,Beam 3A,119.4221,10.64
2026-06-09 06:00:00,beam-3b,Beam 3B,118.2695,10.64
2026-06-09 06:00:00,pier-cap-1,Pier Cap 1,94.6642,10.64
2026-06-09 06:00:00,pier-cap-2,Pier Cap 2,95.3731,10.64
2026-06-09 07:00:00,beam-1a,Beam 1A,119.36,11.84
2026-06-09 07:00:00,beam-1b,Beam 1B,119.5101,11.84
2026-06-09 07:00:00,beam-2a,Beam 2A,120.6143,11.84
2026-06-09 07:00:00,beam-2b,Beam 2B,120.732,11.84
2026-06-09 07:00:00,beam-3a,Beam 3A,119.5202,11.84
2026-06-09 07:00:00,beam-3b,Beam 3B,118.9,11.84
2026-06-09 07:00:00,pier-cap-1,Pier Cap 1,94.8907,11.84
2026-06-09 07:00:00,pier-cap-2,Pier Cap 2,95.3336,11.84
2026-06-09 08:00:00,beam-1a,Beam 1A,119.4634,13.66
2026-06-09 08:00:00,beam-1b,Beam 1B,120.1147,13.66
2026-06-09 08:00:00,beam-2a,Beam 2A,121.9808,13.66
2026-06-09 08:00:00,beam-2b,Beam 2B,120.7908,13.66
2026-06-09 08:00:00,beam-3a,Beam 3A,119.8133,13.66
2026-06-09 08:00:00,beam-3b,Beam 3B,118.5186,13.66
2026-06-09 08:00:00,pier-cap-1,Pier Cap 1,95.1266,13.66
2026-06-09 08:00:00,pier-cap-2,Pier Cap 2,95.3877,13.66
2026-06-09 09:00:00,beam-1a,Beam 1A,120.1223,15.6
2026-06-09 09:00:00,beam-1b,Beam 1B,119.5821,15.6
2026-06-09 09:00:00,beam-2a,Beam 2A,121.6016,15.6
2026-06-09 09:00:00,beam-2b,Beam 2B,121.6621,15.6
2026-06-09 09:00:00,beam-3a,Beam 3A,120.4299,15.6
2026-06-09 09:00:00,beam-3b,Beam 3B,118.8598,15.6
2026-06-09 09:00:00,pier-cap-1,Pier Cap 1,95.5672,15.6
2026-06-09 09:00:00,pier-cap-2,Pier Cap 2,95.8195,15.6
2026-06-09 10:00:00,beam-1a,Beam 1A,120.5256,17.0
2026-06-09 10:00:00,beam-1b,Beam 1B,120.4016,17.0
2026-06-09 10:00:00,beam-2a,Beam 2A,122.6068,17.0
2026-06-09 10:00:00,beam-2b,Beam 2B,121.5468,17.0
2026-06-09 10:00:00,beam-3a,Beam 3A,119.3411,17.0
2026-06-09 10:00:00,beam-3b,Beam 3B,119.8068,17.0
2026-06-09 10:00:00,pier-cap-1,Pier Cap 1,95.8368,17.0
2026-06-09 10:00:00,pier-cap-2,Pier Cap 2,95.9896,17.0
2026-06-09 11:00:00,beam-1a,Beam 1A,120.8063,19.14
2026-06-09 11:00:00,beam-1b,Beam 1B,120.856,19.14
2026-06-09 11:00:00,beam-2a,Beam 2A,121.7682,19.14
2026-06-09 11:00:00,beam-2b,Beam 2B,122.8517,19.14
2026-06-09 11:00:00,beam-3a,Beam 3A,120.4216,19.14
2026-06-09 11:00:00,beam-3b,Beam 3B,119.6261,19.14
2026-06-09 11:00:00,pier-cap-1,Pier Cap 1,96.3382,19.14
2026-06-09 11:00:00,pier-cap-2,Pier Cap 2,95.7524,19.14
2026-06-09 12:00:00,beam-1a,Beam 1A,120.8528,20.44
2026-06-09 12:00:00,beam-1b,Beam 1B,121.0139,20.44
2026-06-09 12:00:00,beam-2a,Beam 2A,122.7946,20.44
2026-06-09 12:00:00,beam-2b,Beam 2B,122.6068,20.44
2026-06-09 12:00:00,beam-3a,Beam 3A,121.5838,20.44
2026-06-09 12:00:00,beam-3b,Beam 3B,119.8892,20.44
2026-06-09 12:00:00,pier-cap-1,Pier Cap 1,96.6379,20.44
2026-06-09 12:00:00,pier-cap-2,Pier Cap 2,96.4129,20.44
2026-06-09 13:00:00,beam-1a,Beam 1A,120.8067,20.9
2026-06-09 13:00:00,beam-1b,Beam 1B,121.0411,20.9
2026-06-09 13:00:00,beam-2a,Beam 2A,123.5091,20.9
2026-06-09 13:00:00,beam-2b,Beam 2B,122.642,20.9
2026-06-09 13:00:00,beam-3a,Beam 3A,122.2155,20.9
2026-06-09 13:00:00,beam-3b,Beam 3B,119.9911,20.9
2026-06-09 13:00:00,pier-cap-1,Pier Cap 1,96.3851,20.9
2026-06-09 13:00:00,pier-cap-2,Pier Cap 2,97.2662,20.9
2026-06-09 14:00:00,beam-1a,Beam 1A,120.714,22.67
2026-06-09 14:00:00,beam-1b,Beam 1B,121.2392,22.67
2026-06-09 14:00:00,beam-2a,Beam 2A,123.0466,22.67
2026-06-09 14:00:00,beam-2b,Beam 2B,123.2962,22.67
2026-06-09 14:00:00,beam-3a,Beam 3A,122.245,22.67
2026-06-09 14:00:00,beam-3b,Beam 3B,120.4352,22.67
2026-06-09 14:00:00,pier-cap-1,Pier Cap 1,97.0651,22.67
2026-06-09 14:00:00,pier-cap-2,Pier Cap 2,97.1616,22.67
2026-06-09 15:00:00,beam-1a,Beam 1A,120.912,22.13
2026-06-09 15:00:00,beam-1b,Beam 1B,121.4724,22.13
2026-06-09 15:00:00,beam-2a,Beam 2A,122.8214,22.13
2026-06-09 15:00:00,beam-2b,Beam 2B,122.5524,22.13
2026-06-09 15:00:00,beam-3a,Beam 3A,121.5925,22.13
2026-06-09 15:00:00,beam-3b,Beam 3B,119.8049,22.13
2026-06-09 15:00:00,pier-cap-1,Pier Cap 1,96.4981,22.13
2026-06-09 15:00:00,pier-cap-2,Pier Cap 2,96.8573,22.13
2026-06-09 16:00:00,beam-1a,Beam 1A,121.1979,21.43
2026-06-09 16:00:00,beam-1b,Beam 1B,120.9641,21.43
2026-06-09 16:00:00,beam-2a,Beam 2A,122.3198,21.43
2026-06-09 16:00:00,beam-2b,Beam 2B,122.3013,21.43
2026-06-09 16:00:00,beam-3a,Beam 3A,121.4586,21.43
2026-06-09 16:00:00,beam-3b,Beam 3B,120.0338,21.43
2026-06-09 16:00:00,pier-cap-1,Pier Cap 1,96.6884,21.43
2026-06-09 16:00:00,pier-cap-2,Pier Cap 2,96.9847,21.43
2026-06-09 17:00:00,beam-1a,Beam 1A,120.1482,20.98
2026-06-09 17:00:00,beam-1b,Beam 1B,119.9366,20.98
2026-06-09 17:00:00,beam-2a,Beam 2A,123.1288,20.98
2026-06-09 17:00:00,beam-2b,Beam 2B,122.8919,20.98
2026-06-09 17:00:00,beam-3a,Beam 3A,119.7677,20.98
2026-06-09 17:00:00,beam-3b,Beam 3B,120.2167,20.98
2026-06-09 17:00:00,pier-cap-1,Pier Cap 1,96.4255,20.98
2026-06-09 17:00:00,pier-cap-2,Pier Cap 2,96.2109,20.98
2026-06-09 18:00:00,beam-1a,Beam 1A,119.8504,19.88
2026-06-09 18:00:00,beam-1b,Beam 1B,120.2078,19.88
2026-06-09 18:00:00,beam-2a,Beam 2A,122.1673,19.88
2026-06-09 18:00:00,beam-2b,Beam 2B,122.0707,19.88
2026-06-09 18:00:00,beam-3a,Beam 3A,120.7565,19.88
2026-06-09 18:00:00,beam-3b,Beam 3B,120.0047,19.88
2026-06-09 18:00:00,pier-cap-1,Pier Cap 1,95.9667,19.88
2026-06-09 18:00:00,pier-cap-2,Pier Cap 2,96.7161,19.88
2026-06-09 19:00:00,beam-1a,Beam 1A,120.5635,18.86
2026-06-09 19:00:00,beam-1b,Beam 1B,119.849,18.86
2026-06-09 19:00:00,beam-2a,Beam 2A,122.2333,18.86
2026-06-09 19:00:00,beam-2b,Beam 2B,121.8691,18.86
2026-06-09 19:00:00,beam-3a,Beam 3A,121.5668,18.86
2026-06-09 19:00:00,beam-3b,Beam 3B,120.1379,18.86
2026-06-09 19:00:00,pier-cap-1,Pier Cap 1,96.0328,18.86
2026-06-09 19:00:00,pier-cap-2,Pier Cap 2,96.8617,18.86
2026-06-09 20:00:00,beam-1a,Beam 1A,119.1682,17.04
2026-06-09 20:00:00,beam-1b,Beam 1B,119.1012,17.04
2026-06-09 20:00:00,beam-2a,Beam 2A,121.4137,17.04
2026-06-09 20:00:00,beam-2b,Beam 2B,122.2826,17.04
2026-06-09 20:00:00,beam-3a,Beam 3A,120.8079,17.04
2026-06-09 20:00:00,beam-3b,Beam 3B,120.0309,17.04
2026-06-09 20:00:00,pier-cap-1,Pier Cap 1,95.8566,17.04
2026-06-09 20:00:00,pier-cap-2,Pier Cap 2,96.1693,17.04
2026-06-09 21:00:00,beam-1a,Beam 1A,118.9793,15.2
2026-06-09 21:00:00,beam-1b,Beam 1B,118.8629,15.2
2026-06-09 21:00:00,beam-2a,Beam 2A,122.1628,15.2
2026-06-09 21:00:00,beam-2b,Beam 2B,121.7931,15.2
2026-06-09 21:00:00,beam-3a,Beam 3A,120.4683,15.2
2026-06-09 21:00:00,beam-3b,Beam 3B,119.5675,15.2
2026-06-09 21:00:00,pier-cap-1,Pier Cap 1,95.4204,15.2
2026-06-09 21:00:00,pier-cap-2,Pier Cap 2,95.3985,15.2
2026-06-09 22:00:00,beam-1a,Beam 1A,118.6902,13.77
2026-06-09 22:00:00,beam-1b,Beam 1B,118.1312,13.77
2026-06-09 22:00:00,beam-2a,Beam 2A,121.7162,13.77
2026-06-09 22:00:00,beam-2b,Beam 2B,120.7983,13.77
2026-06-09 22:00:00,beam-3a,Beam 3A,119.2055,13.77
2026-06-09 22:00:00,beam-3b,Beam 3B,119.0867,13.77
2026-06-09 22:00:00,pier-cap-1,Pier Cap 1,95.3396,13.77
2026-06-09 22:00:00,pier-cap-2,Pier Cap 2,95.5915,13.77
2026-06-09 23:00:00,beam-1a,Beam 1A,118.2709,11.97
2026-06-09 23:00:00,beam-1b,Beam 1B,117.7092,11.97
2026-06-09 23:00:00,beam-2a,Beam 2A,120.8816,11.97
2026-06-09 23:00:00,beam-2b,Beam 2B,120.6946,11.97
2026-06-09 23:00:00,beam-3a,Beam 3A,118.9242,11.97
2026-06-09 23:00:00,beam-3b,Beam 3B,118.3725,11.97
2026-06-09 23:00:00,pier-cap-1,Pier Cap 1,95.2053,11.97
2026-06-09 23:00:00,pier-cap-2,Pier Cap 2,95.8294,11.97
2026-06-10 00:00:00,beam-1a,Beam 1A,117.2917,10.96
2026-06-10 00:00:00,beam-1b,Beam 1B,117.4669,10.96
2026-06-10 00:00:00,beam-2a,Beam 2A,120.2299,10.96
2026-06-10 00:00:00,beam-2b,Beam 2B,120.3806,10.96
2026-06-10 00:00:00,beam-3a,Beam 3A,119.1358,10.96
2026-06-10 00:00:00,beam-3b,Beam 3B,118.0139,10.96
2026-06-10 00:00:00,pier-cap-1,Pier Cap 1,94.7867,10.96
2026-06-10 00:00:00,pier-cap-2,Pier Cap 2,95.3713,10.96
2026-06-10 01:00:00,beam-1a,Beam 1A,117.5454,9.88
2026-06-10 01:00:00,beam-1b,Beam 1B,116.5236,9.88
2026-06-10 01:00:00,beam-2a,Beam 2A,121.0909,9.88
2026-06-10 01:00:00,beam-2b,Beam 2B,121.2402,9.88
2026-06-10 01:00:00,beam-3a,Beam 3A,119.3921,9.88
2026-06-10 01:00:00,beam-3b,Beam 3B,118.034,9.88
2026-06-10 01:00:00,pier-cap-1,Pier Cap 1,93.7493,9.88
2026-06-10 01:00:00,pier-cap-2,Pier Cap 2,94.7069,9.88
2026-06-10 02:00:00,beam-1a,Beam 1A,116.9995,9.27
2026-06-10 02:00:00,beam-1b,Beam 1B,117.1452,9.27
2026-06-10 02:00:00,beam-2a,Beam 2A,120.2068,9.27
2026-06-10 02:00:00,beam-2b,Beam 2B,120.7711,9.27
2026-06-10 02:00:00,beam-3a,Beam 3A,119.268,9.27
2026-06-10 02:00:00,beam-3b,Beam 3B,118.1155,9.27
2026-06-10 02:00:00,pier-cap-1,Pier Cap 1,95.0434,9.27
2026-06-10 02:00:00,pier-cap-2,Pier Cap 2,95.7502,9.27
2026-06-10 03:00:00,beam-1a,Beam 1A,118.2725,7.94
2026-06-10 03:00:00,beam-1b,Beam 1B,116.7936,7.94
2026-06-10 03:00:00,beam-2a,Beam 2A,119.6455,7.94
2026-06-10 03:00:00,beam-2b,Beam 2B,119.9772,7.94
2026-06-10 03:00:00,beam-3a,Beam 3A,118.7569,7.94
2026-06-10 03:00:00,beam-3b,Beam 3B,117.9459,7.94
2026-06-10 03:00:00,pier-cap-1,Pier Cap 1,94.2514,7.94
2026-06-10 03:00:00,pier-cap-2,Pier Cap 2,94.4645,7.94
2026-06-10 04:00:00,beam-1a,Beam 1A,117.1549,8.87
2026-06-10 04:00:00,beam-1b,Beam 1B,116.9128,8.87
2026-06-10 04:00:00,beam-2a,Beam 2A,119.5699,8.87
2026-06-10 04:00:00,beam-2b,Beam 2B,120.5657,8.87
2026-06-10 04:00:00,beam-3a,Beam 3A,118.0226,8.87
2026-06-10 04:00:00,beam-3b,Beam 3B,118.0541,8.87
2026-06-10 04:00:00,pier-cap-1,Pier Cap 1,94.2341,8.87
2026-06-10 04:00:00,pier-cap-2,Pier Cap 2,94.9082,8.87
2026-06-10 05:00:00,beam-1a,Beam 1A,117.5269,8.85
2026-06-10 05:00:00,beam-1b,Beam 1B,118.0143,8.85
2026-06-10 05:00:00,beam-2a,Beam 2A,120.011,8.85
2026-06-10 05:00:00,beam-2b,Beam 2B,119.7897,8.85
2026-06-10 05:00:00,beam-3a,Beam 3A,118.623,8.85
2026-06-10 05:00:00,beam-3b,Beam 3B,117.7885,8.85
2026-06-10 05:00:00,pier-cap-1,Pier Cap 1,94.1398,8.85
2026-06-10 05:00:00,pier-cap-2,Pier Cap 2,94.6658,8.85
2026-06-10 06:00:00,beam-1a,Beam 1A,118.0717,10.85
2026-06-10 06:00:00,beam-1b,Beam 1B,118.2349,10.85
2026-06-10 06:00:00,beam-2a,Beam 2A,120.0873,10.85
2026-06-10 06:00:00,beam-2b,Beam 2B,120.4653,10.85
2026-06-10 06:00:00,beam-3a,Beam 3A,119.4468,10.85
2026-06-10 06:00:00,beam-3b,Beam 3B,118.4861,10.85
2026-06-10 06:00:00,pier-cap-1,Pier Cap 1,94.6759,10.85
2026-06-10 06:00:00,pier-cap-2,Pier Cap 2,94.9661,10.85
2026-06-10 07:00:00,beam-1a,Beam 1A,118.3373,12.28
2026-06-10 07:00:00,beam-1b,Beam 1B,118.477,12.28
2026-06-10 07:00:00,beam-2a,Beam 2A,120.7067,12.28
2026-06-10 07:00:00,beam-2b,Beam 2B,121.0654,12.28
2026-06-10 07:00:00,beam-3a,Beam 3A,120.4252,12.28
2026-06-10 07:00:00,beam-3b,Beam 3B,118.9244,12.28
2026-06-10 07:00:00,pier-cap-1,Pier Cap 1,94.8231,12.28
2026-06-10 07:00:00,pier-cap-2,Pier Cap 2,95.3562,12.28
2026-06-10 08:00:00,beam-1a,Beam 1A,119.8573,14.39
2026-06-10 08:00:00,beam-1b,Beam 1B,118.8162,14.39
2026-06-10 08:00:00,beam-2a,Beam 2A,121.6753,14.39
2026-06-10 08:00:00,beam-2b,Beam 2B,121.6284,14.39
2026-06-10 08:00:00,beam-3a,Beam 3A,120.0476,14.39
2026-06-10 08:00:00,beam-3b,Beam 3B,119.1917,14.39
2026-06-10 08:00:00,pier-cap-1,Pier Cap 1,95.087,14.39
2026-06-10 08:00:00,pier-cap-2,Pier Cap 2,95.999,14.39
2026-06-10 09:00:00,beam-1a,Beam 1A,120.6862,16.26
2026-06-10 09:00:00,beam-1b,Beam 1B,119.5757,16.26
2026-06-10 09:00:00,beam-2a,Beam 2A,121.6011,16.26
2026-06-10 09:00:00,beam-2b,Beam 2B,121.7846,16.26
2026-06-10 09:00:00,beam-3a,Beam 3A,119.6551,16.26
2026-06-10 09:00:00,beam-3b,Beam 3B,119.2275,16.26
2026-06-10 09:00:00,pier-cap-1,Pier Cap 1,95.3838,16.26
2026-06-10 09:00:00,pier-cap-2,Pier Cap 2,96.4756,16.26
2026-06-10 10:00:00,beam-1a,Beam 1A,120.0252,17.67
2026-06-10 10:00:00,beam-1b,Beam 1B,120.1762,17.67
2026-06-10 10:00:00,beam-2a,Beam 2A,122.1771,17.67
2026-06-10 10:00:00,beam-2b,Beam 2B,122.2087,17.67
2026-06-10 10:00:00,beam-3a,Beam 3A,119.9692,17.67
2026-06-10 10:00:00,beam-3b,Beam 3B,119.2162,17.67
2026-06-10 10:00:00,pier-cap-1,Pier Cap 1,95.96,17.67
2026-06-10 10:00:00,pier-cap-2,Pier Cap 2,96.1852,17.67
2026-06-10 11:00:00,beam-1a,Beam 1A,120.0442,19.08
2026-06-10 11:00:00,beam-1b,Beam 1B,119.8581,19.08
2026-06-10 11:00:00,beam-2a,Beam 2A,122.0269,19.08
2026-06-10 11:00:00,beam-2b,Beam 2B,122.4245,19.08
2026-06-10 11:00:00,beam-3a,Beam 3A,121.2534,19.08
2026-06-10 11:00:00,beam-3b,Beam 3B,119.4752,19.08
2026-06-10 11:00:00,pier-cap-1,Pier Cap 1,96.6213,19.08
2026-06-10 11:00:00,pier-cap-2,Pier Cap 2,96.2091,19.08
2026-06-10 12:00:00,beam-1a,Beam 1A,120.0407,20.92
2026-06-10 12:00:00,beam-1b,Beam 1B,120.4669,20.92
2026-06-10 12:00:00,beam-2a,Beam 2A,122.7111,20.92
2026-06-10 12:00:00,beam-2b,Beam 2B,122.6989,20.92
2026-06-10 12:00:00,beam-3a,Beam 3A,121.5839,20.92
2026-06-10 12:00:00,beam-3b,Beam 3B,119.8873,20.92
2026-06-10 12:00:00,pier-cap-1,Pier Cap 1,96.5349,20.92
2026-06-10 12:00:00,pier-cap-2,Pier Cap 2,96.9323,20.92
2026-06-10 13:00:00,beam-1a,Beam 1A,120.8227,21.63
2026-06-10 13:00:00,beam-1b,Beam 1B,120.8607,21.63
2026-06-10 13:00:00,beam-2a,Beam 2A,123.5948,21.63
2026-06-10 13:00:00,beam-2b,Beam 2B,122.7896,21.63
2026-06-10 13:00:00,beam-3a,Beam 3A,121.6335,21.63
2026-06-10 13:00:00,beam-3b,Beam 3B,120.3501,21.63
2026-06-10 13:00:00,pier-cap-1,Pier Cap 1,96.7316,21.63
2026-06-10 13:00:00,pier-cap-2,Pier Cap 2,97.0472,21.63
2026-06-10 14:00:00,beam-1a,Beam 1A,120.8324,22.54
2026-06-10 14:00:00,beam-1b,Beam 1B,119.918,22.54
2026-06-10 14:00:00,beam-2a,Beam 2A,122.869,22.54
2026-06-10 14:00:00,beam-2b,Beam 2B,122.9218,22.54
2026-06-10 14:00:00,beam-3a,Beam 3A,122.1507,22.54
2026-06-10 14:00:00,beam-3b,Beam 3B,120.6149,22.54
2026-06-10 14:00:00,pier-cap-1,Pier Cap 1,96.4181,22.54
2026-06-10 14:00:00,pier-cap-2,Pier Cap 2,97.1034,22.54
2026-06-10 15:00:00,beam-1a,Beam 1A,120.706,23.18
2026-06-10 15:00:00,beam-1b,Beam 1B,120.57,23.18
2026-06-10 15:00:00,beam-2a,Beam 2A,123.2889,23.18
2026-06-10 15:00:00,beam-2b,Beam 2B,123.314,23.18
2026-06-10 15:00:00,beam-3a,Beam 3A,121.8268,23.18
2026-06-10 15:00:00,beam-3b,Beam 3B,120.0583,23.18
2026-06-10 15:00:00,pier-cap-1,Pier Cap 1,96.6577,23.18
2026-06-10 15:00:00,pier-cap-2,Pier Cap 2,97.2091,23.18
2026-06-10 16:00:00,beam-1a,Beam 1A,120.7141,22.32
2026-06-10 16:00:00,beam-1b,Beam 1B,120.1463,22.32
2026-06-10 16:00:00,beam-2a,Beam 2A,122.3377,22.32
2026-06-10 16:00:00,beam-2b,Beam 2B,123.2166,22.32
2026-06-10 16:00:00,beam-3a,Beam 3A,120.3792,22.32
2026-06-10 16:00:00,beam-3b,Beam 3B,120.2143,22.32
2026-06-10 16:00:00,pier-cap-1,Pier Cap 1,96.6259,22.32
2026-06-10 16:00:00,pier-cap-2,Pier Cap 2,96.9642,22.32
2026-06-10 17:00:00,beam-1a,Beam 1A,120.5623,22.17
2026-06-10 17:00:00,beam-1b,Beam 1B,120.0409,22.17
2026-06-10 17:00:00,beam-2a,Beam 2A,123.5412,22.17
2026-06-10 17:00:00,beam-2b,Beam 2B,123.103,22.17
2026-06-10 17:00:00,beam-3a,Beam 3A,121.3091,22.17
2026-06-10 17:00:00,beam-3b,Beam 3B,120.4466,22.17
2026-06-10 17:00:00,pier-cap-1,Pier Cap 1,96.277,22.17
2026-06-10 17:00:00,pier-cap-2,Pier Cap 2,97.0043,22.17
2026-06-10 18:00:00,beam-1a,Beam 1A,120.1757,21.0
2026-06-10 18:00:00,beam-1b,Beam 1B,119.5546,21.0
2026-06-10 18:00:00,beam-2a,Beam 2A,122.5095,21.0
2026-06-10 18:00:00,beam-2b,Beam 2B,122.3217,21.0
2026-06-10 18:00:00,beam-3a,Beam 3A,121.1043,21.0
2026-06-10 18:00:00,beam-3b,Beam 3B,119.8255,21.0
2026-06-10 18:00:00,pier-cap-1,Pier Cap 1,96.1726,21.0
2026-06-10 18:00:00,pier-cap-2,Pier Cap 2,96.7458,21.0
2026-06-10 19:00:00,beam-1a,Beam 1A,119.3711,18.9
2026-06-10 19:00:00,beam-1b,Beam 1B,119.2012,18.9
2026-06-10 19:00:00,beam-2a,Beam 2A,122.7001,18.9
2026-06-10 19:00:00,beam-2b,Beam 2B,121.9753,18.9
2026-06-10 19:00:00,beam-3a,Beam 3A,121.2867,18.9
2026-06-10 19:00:00,beam-3b,Beam 3B,119.8927,18.9
2026-06-10 19:00:00,pier-cap-1,Pier Cap 1,96.2412,18.9
2026-06-10 19:00:00,pier-cap-2,Pier Cap 2,96.806,18.9
2026-06-10 20:00:00,beam-1a,Beam 1A,118.7664,17.98
2026-06-10 20:00:00,beam-1b,Beam 1B,119.5002,17.98
2026-06-10 20:00:00,beam-2a,Beam 2A,122.0472,17.98
2026-06-10 20:00:00,beam-2b,Beam 2B,122.3532,17.98
2026-06-10 20:00:00,beam-3a,Beam 3A,121.1542,17.98
2026-06-10 20:00:00,beam-3b,Beam 3B,119.4591,17.98
2026-06-10 20:00:00,pier-cap-1,Pier Cap 1,96.1745,17.98
2026-06-10 20:00:00,pier-cap-2,Pier Cap 2,97.0159,17.98
2026-06-10 21:00:00,beam-1a,Beam 1A,118.8961,16.06
2026-06-10 21:00:00,beam-1b,Beam 1B,118.2284,16.06
2026-06-10 21:00:00,beam-2a,Beam 2A,121.9567,16.06
2026-06-10 21:00:00,beam-2b,Beam 2B,122.4001,16.06
2026-06-10 21:00:00,beam-3a,Beam 3A,120.6283,16.06
2026-06-10 21:00:00,beam-3b,Beam 3B,118.9483,16.06
2026-06-10 21:00:00,pier-cap-1,Pier Cap 1,95.5793,16.06
2026-06-10 21:00:00,pier-cap-2,Pier Cap 2,96.113,16.06
2026-06-10 22:00:00,beam-1a,Beam 1A,118.1904,14.01
2026-06-10 22:00:00,beam-1b,Beam 1B,117.9706,14.01
2026-06-10 22:00:00,beam-2a,Beam 2A,121.5704,14.01
2026-06-10 22:00:00,beam-2b,Beam 2B,121.4645,14.01
2026-06-10 22:00:00,beam-3a,Beam 3A,119.02,14.01
2026-06-10 22:00:00,beam-3b,Beam 3B,118.8306,14.01
2026-06-10 22:00:00,pier-cap-1,Pier Cap 1,94.893,14.01
2026-06-10 22:00:00,pier-cap-2,Pier Cap 2,95.7496,14.01
2026-06-10 23:00:00,beam-1a,Beam 1A,118.066,11.98
2026-06-10 23:00:00,beam-1b,Beam 1B,118.1394,11.98
2026-06-10 23:00:00,beam-2a,Beam 2A,120.7143,11.98
2026-06-10 23:00:00,beam-2b,Beam 2B,120.8342,11.98
2026-06-10 23:00:00,beam-3a,Beam 3A,118.3012,11.98
2026-06-10 23:00:00,beam-3b,Beam 3B,118.5628,11.98
2026-06-10 23:00:00,pier-cap-1,Pier Cap 1,94.8578,11.98
2026-06-10 23:00:00,pier-cap-2,Pier Cap 2,95.5232,11.98
2026-06-11 00:00:00,beam-1a,Beam 1A,117.8092,10.81
2026-06-11 00:00:00,beam-1b,Beam 1B,117.0302,10.81
2026-06-11 00:00:00,beam-2a,Beam 2A,121.0995,10.81
2026-06-11 00:00:00,beam-2b,Beam 2B,120.8582,10.81
2026-06-11 00:00:00,beam-3a,Beam 3A,119.3476,10.81
2026-06-11 00:00:00,beam-3b,Beam 3B,117.9076,10.81
2026-06-11 00:00:00,pier-cap-1,Pier Cap 1,94.3396,10.81
2026-06-11 00:00:00,pier-cap-2,Pier Cap 2,95.0747,10.81
2026-06-11 01:00:00,beam-1a,Beam 1A,116.9081,9.83
2026-06-11 01:00:00,beam-1b,Beam 1B,117.7346,9.83
2026-06-11 01:00:00,beam-2a,Beam 2A,120.1624,9.83
2026-06-11 01:00:00,beam-2b,Beam 2B,120.1191,9.83
2026-06-11 01:00:00,beam-3a,Beam 3A,118.89,9.83
2026-06-11 01:00:00,beam-3b,Beam 3B,117.9327,9.83
2026-06-11 01:00:00,pier-cap-1,Pier Cap 1,94.647,9.83
2026-06-11 01:00:00,pier-cap-2,Pier Cap 2,95.354,9.83
2026-06-11 02:00:00,beam-1a,Beam 1A,116.9623,9.56
2026-06-11 02:00:00,beam-1b,Beam 1B,117.1636,9.56
2026-06-11 02:00:00,beam-2a,Beam 2A,120.7237,9.56
2026-06-11 02:00:00,beam-2b,Beam 2B,121.046,9.56
2026-06-11 02:00:00,beam-3a,Beam 3A,119.4509,9.56
2026-06-11 02:00:00,beam-3b,Beam 3B,118.1306,9.56
2026-06-11 02:00:00,pier-cap-1,Pier Cap 1,94.661,9.56
2026-06-11 02:00:00,pier-cap-2,Pier Cap 2,95.2167,9.56
2026-06-11 03:00:00,beam-1a,Beam 1A,117.1687,8.72
2026-06-11 03:00:00,beam-1b,Beam 1B,117.758,8.72
2026-06-11 03:00:00,beam-2a,Beam 2A,120.0889,8.72
2026-06-11 03:00:00,beam-2b,Beam 2B,120.4316,8.72
2026-06-11 03:00:00,beam-3a,Beam 3A,119.2569,8.72
2026-06-11 03:00:00,beam-3b,Beam 3B,117.541,8.72
2026-06-11 03:00:00,pier-cap-1,Pier Cap 1,94.3775,8.72
2026-06-11 03:00:00,pier-cap-2,Pier Cap 2,94.8326,8.72
2026-06-11 04:00:00,beam-1a,Beam 1A,117.375,9.52
2026-06-11 04:00:00,beam-1b,Beam 1B,117.7123,9.52
2026-06-11 04:00:00,beam-2a,Beam 2A,120.5439,9.52
2026-06-11 04:00:00,beam-2b,Beam 2B,120.2504,9.52
2026-06-11 04:00:00,beam-3a,Beam 3A,118.6389,9.52
2026-06-11 04:00:00,beam-3b,Beam 3B,117.3787,9.52
2026-06-11 04:00:00,pier-cap-1,Pier Cap 1,94.6506,9.52
2026-06-11 04:00:00,pier-cap-2,Pier Cap 2,95.3487,9.52
2026-06-11 05:00:00,beam-1a,Beam 1A,118.1742,9.55
2026-06-11 05:00:00,beam-1b,Beam 1B,117.7261,9.55
2026-06-11 05:00:00,beam-2a,Beam 2A,120.2248,9.55
2026-06-11 05:00:00,beam-2b,Beam 2B,120.459,9.55
2026-06-11 05:00:00,beam-3a,Beam 3A,118.8071,9.55
2026-06-11 05:00:00,beam-3b,Beam 3B,117.4263,9.55
2026-06-11 05:00:00,pier-cap-1,Pier Cap 1,94.7073,9.55
2026-06-11 05:00:00,pier-cap-2,Pier Cap 2,95.0879,9.55
2026-06-11 06:00:00,beam-1a,Beam 1A,118.5076,11.08
2026-06-11 06:00:00,beam-1b,Beam 1B,118.0742,11.08
2026-06-11 06:00:00,beam-2a,Beam 2A,120.7351,11.08
2026-06-11 06:00:00,beam-2b,Beam 2B,120.6225,11.08
2026-06-11 06:00:00,beam-3a,Beam 3A,119.509,11.08
2026-06-11 06:00:00,beam-3b,Beam 3B,118.1081,11.08
2026-06-11 06:00:00,pier-cap-1,Pier Cap 1,94.8884,11.08
2026-06-11 06:00:00,pier-cap-2,Pier Cap 2,95.0203,11.08
2026-06-11 07:00:00,beam-1a,Beam 1A,119.2201,12.65
2026-06-11 07:00:00,beam-1b,Beam 1B,118.3333,12.65
2026-06-11 07:00:00,beam-2a,Beam 2A,120.6003,12.65
2026-06-11 07:00:00,beam-2b,Beam 2B,121.675,12.65
2026-06-11 07:00:00,beam-3a,Beam 3A,120.9951,12.65
2026-06-11 07:00:00,beam-3b,Beam 3B,118.0922,12.65
2026-06-11 07:00:00,pier-cap-1,Pier Cap 1,94.6872,12.65
2026-06-11 07:00:00,pier-cap-2,Pier Cap 2,95.6531,12.65
2026-06-11 08:00:00,beam-1a,Beam 1A,119.6362,15.27
2026-06-11 08:00:00,beam-1b,Beam 1B,119.244,15.27
2026-06-11 08:00:00,beam-2a,Beam 2A,121.6537,15.27
2026-06-11 08:00:00,beam-2b,Beam 2B,121.596,15.27
2026-06-11 08:00:00,beam-3a,Beam 3A,120.4455,15.27
2026-06-11 08:00:00,beam-3b,Beam 3B,118.9302,15.27
2026-06-11 08:00:00,pier-cap-1,Pier Cap 1,95.365,15.27
2026-06-11 08:00:00,pier-cap-2,Pier Cap 2,96.0121,15.27
2026-06-11 09:00:00,beam-1a,Beam 1A,119.8082,15.56
2026-06-11 09:00:00,beam-1b,Beam 1B,119.773,15.56
2026-06-11 09:00:00,beam-2a,Beam 2A,121.6289,15.56
2026-06-11 09:00:00,beam-2b,Beam 2B,121.7975,15.56
2026-06-11 09:00:00,beam-3a,Beam 3A,120.2863,15.56
2026-06-11 09:00:00,beam-3b,Beam 3B,119.6884,15.56
2026-06-11 09:00:00,pier-cap-1,Pier Cap 1,95.6064,15.56
2026-06-11 09:00:00,pier-cap-2,Pier Cap 2,96.2715,15.56
2026-06-11 10:00:00,beam-1a,Beam 1A,120.7915,18.51
2026-06-11 10:00:00,beam-1b,Beam 1B,120.0946,18.51
2026-06-11 10:00:00,beam-2a,Beam 2A,121.9855,18.51
2026-06-11 10:00:00,beam-2b,Beam 2B,122.5572,18.51
2026-06-11 10:00:00,beam-3a,Beam 3A,119.9953,18.51
2026-06-11 10:00:00,beam-3b,Beam 3B,119.1839,18.51
2026-06-11 10:00:00,pier-cap-1,Pier Cap 1,96.3997,18.51
2026-06-11 10:00:00,pier-cap-2,Pier Cap 2,96.6756,18.51
2026-06-11 11:00:00,beam-1a,Beam 1A,120.7666,19.67
2026-06-11 11:00:00,beam-1b,Beam 1B,120.2226,19.67
2026-06-11 11:00:00,beam-2a,Beam 2A,122.4114,19.67
2026-06-11 11:00:00,beam-2b,Beam 2B,122.2652,19.67
2026-06-11 11:00:00,beam-3a,Beam 3A,120.7046,19.67
2026-06-11 11:00:00,beam-3b,Beam 3B,119.7878,19.67
2026-06-11 11:00:00,pier-cap-1,Pier Cap 1,96.0185,19.67
2026-06-11 11:00:00,pier-cap-2,Pier Cap 2,96.5673,19.67
2026-06-11 12:00:00,beam-1a,Beam 1A,120.9145,21.22
2026-06-11 12:00:00,beam-1b,Beam 1B,120.5379,21.22
2026-06-11 12:00:00,beam-2a,Beam 2A,122.7978,21.22
2026-06-11 12:00:00,beam-2b,Beam 2B,122.9518,21.22
2026-06-11 12:00:00,beam-3a,Beam 3A,121.2055,21.22
2026-06-11 12:00:00,beam-3b,Beam 3B,120.9283,21.22
2026-06-11 12:00:00,pier-cap-1,Pier Cap 1,96.4984,21.22
2026-06-11 12:00:00,pier-cap-2,Pier Cap 2,96.6916,21.22
2026-06-11 13:00:00,beam-1a,Beam 1A,121.5853,22.22
2026-06-11 13:00:00,beam-1b,Beam 1B,121.1532,22.22
2026-06-11 13:00:00,beam-2a,Beam 2A,122.6968,22.22
2026-06-11 13:00:00,beam-2b,Beam 2B,123.1851,22.22
2026-06-11 13:00:00,beam-3a,Beam 3A,122.5806,22.22
2026-06-11 13:00:00,beam-3b,Beam 3B,120.514,22.22
2026-06-11 13:00:00,pier-cap-1,Pier Cap 1,96.7459,22.22
2026-06-11 13:00:00,pier-cap-2,Pier Cap 2,96.983,22.22
2026-06-11 14:00:00,beam-1a,Beam 1A,121.1959,23.05
2026-06-11 14:00:00,beam-1b,Beam 1B,121.3269,23.05
2026-06-11 14:00:00,beam-2a,Beam 2A,123.0578,23.05
2026-06-11 14:00:00,beam-2b,Beam 2B,122.6216,23.05
2026-06-11 14:00:00,beam-3a,Beam 3A,121.9526,23.05
2026-06-11 14:00:00,beam-3b,Beam 3B,120.4001,23.05
2026-06-11 14:00:00,pier-cap-1,Pier Cap 1,96.548,23.05
2026-06-11 14:00:00,pier-cap-2,Pier Cap 2,97.216,23.05
2026-06-11 15:00:00,beam-1a,Beam 1A,120.9427,23.05
2026-06-11 15:00:00,beam-1b,Beam 1B,120.562,23.05
2026-06-11 15:00:00,beam-2a,Beam 2A,122.7069,23.05
2026-06-11 15:00:00,beam-2b,Beam 2B,123.346,23.05
2026-06-11 15:00:00,beam-3a,Beam 3A,122.0699,23.05
2026-06-11 15:00:00,beam-3b,Beam 3B,120.4737,23.05
2026-06-11 15:00:00,pier-cap-1,Pier Cap 1,96.9514,23.05
2026-06-11 15:00:00,pier-cap-2,Pier Cap 2,97.252,23.05
2026-06-11 16:00:00,beam-1a,Beam 1A,120.7067,23.45
2026-06-11 16:00:00,beam-1b,Beam 1B,120.5159,23.45
2026-06-11 16:00:00,beam-2a,Beam 2A,124.1283,23.45
2026-06-11 16:00:00,beam-2b,Beam 2B,123.3095,23.45
2026-06-11 16:00:00,beam-3a,Beam 3A,121.3002,23.45
2026-06-11 16:00:00,beam-3b,Beam 3B,120.7558,23.45
2026-06-11 16:00:00,pier-cap-1,Pier Cap 1,97.0282,23.45
2026-06-11 16:00:00,pier-cap-2,Pier Cap 2,97.2579,23.45
2026-06-11 17:00:00,beam-1a,Beam 1A,120.8292,21.99
2026-06-11 17:00:00,beam-1b,Beam 1B,120.4696,21.99
2026-06-11 17:00:00,beam-2a,Beam 2A,123.321,21.99
2026-06-11 17:00:00,beam-2b,Beam 2B,123.0889,21.99
2026-06-11 17:00:00,beam-3a,Beam 3A,120.804,21.99
2026-06-11 17:00:00,beam-3b,Beam 3B,120.921,21.99
2026-06-11 17:00:00,pier-cap-1,Pier Cap 1,96.8621,21.99
2026-06-11 17:00:00,pier-cap-2,Pier Cap 2,96.9208,21.99
2026-06-11 18:00:00,beam-1a,Beam 1A,120.7824,21.51
2026-06-11 18:00:00,beam-1b,Beam 1B,120.6416,21.51
2026-06-11 18:00:00,beam-2a,Beam 2A,122.9112,21.51
2026-06-11 18:00:00,beam-2b,Beam 2B,122.9577,21.51
2026-06-11 18:00:00,beam-3a,Beam 3A,121.4792,21.51
2026-06-11 18:00:00,beam-3b,Beam 3B,120.051,21.51
2026-06-11 18:00:00,pier-cap-1,Pier Cap 1,96.514,21.51
2026-06-11 18:00:00,pier-cap-2,Pier Cap 2,97.1755,21.51
2026-06-11 19:00:00,beam-1a,Beam 1A,119.7925,19.35
2026-06-11 19:00:00,beam-1b,Beam 1B,119.9726,19.35
2026-06-11 19:00:00,beam-2a,Beam 2A,122.8387,19.35
2026-06-11 19:00:00,beam-2b,Beam 2B,122.6169,19.35
2026-06-11 19:00:00,beam-3a,Beam 3A,121.5358,19.35
2026-06-11 19:00:00,beam-3b,Beam 3B,119.5612,19.35
2026-06-11 19:00:00,pier-cap-1,Pier Cap 1,96.7604,19.35
2026-06-11 19:00:00,pier-cap-2,Pier Cap 2,96.3501,19.35
2026-06-11 20:00:00,beam-1a,Beam 1A,119.8834,17.89
2026-06-11 20:00:00,beam-1b,Beam 1B,118.7524,17.89
2026-06-11 20:00:00,beam-2a,Beam 2A,121.2872,17.89
2026-06-11 20:00:00,beam-2b,Beam 2B,122.7591,17.89
2026-06-11 20:00:00,beam-3a,Beam 3A,121.2942,17.89
2026-06-11 20:00:00,beam-3b,Beam 3B,119.0674,17.89
2026-06-11 20:00:00,pier-cap-1,Pier Cap 1,95.6496,17.89
2026-06-11 20:00:00,pier-cap-2,Pier Cap 2,97.078,17.89
2026-06-11 21:00:00,beam-1a,Beam 1A,118.2178,15.68
2026-06-11 21:00:00,beam-1b,Beam 1B,118.5837,15.68
2026-06-11 21:00:00,beam-2a,Beam 2A,120.6126,15.68
2026-06-11 21:00:00,beam-2b,Beam 2B,121.3109,15.68
2026-06-11 21:00:00,beam-3a,Beam 3A,120.1127,15.68
2026-06-11 21:00:00,beam-3b,Beam 3B,119.1649,15.68
2026-06-11 21:00:00,pier-cap-1,Pier Cap 1,96.139,15.68
2026-06-11 21:00:00,pier-cap-2,Pier Cap 2,96.2307,15.68
2026-06-11 22:00:00,beam-1a,Beam 1A,118.5996,14.48
2026-06-11 22:00:00,beam-1b,Beam 1B,118.0658,14.48
2026-06-11 22:00:00,beam-2a,Beam 2A,121.2357,14.48
2026-06-11 22:00:00,beam-2b,Beam 2B,121.4075,14.48
2026-06-11 22:00:00,beam-3a,Beam 3A,119.1471,14.48
2026-06-11 22:00:00,beam-3b,Beam 3B,118.4087,14.48
2026-06-11 22:00:00,pier-cap-1,Pier Cap 1,95.5521,14.48
2026-06-11 22:00:00,pier-cap-2,Pier Cap 2,95.4833,14.48
2026-06-11 23:00:00,beam-1a,Beam 1A,118.3191,13.19
2026-06-11 23:00:00,beam-1b,Beam 1B,118.0157,13.19
2026-06-11 23:00:00,beam-2a,Beam 2A,120.5856,13.19
2026-06-11 23:00:00,beam-2b,Beam 2B,121.5543,13.19
2026-06-11 23:00:00,beam-3a,Beam 3A,119.0307,13.19
2026-06-11 23:00:00,beam-3b,Beam 3B,118.4928,13.19
2026-06-11 23:00:00,pier-cap-1,Pier Cap 1,95.5299,13.19
2026-06-11 23:00:00,pier-cap-2,Pier Cap 2,95.6833,13.19
2026-06-12 00:00:00,beam-1a,Beam 1A,117.6242,10.73
2026-06-12 00:00:00,beam-1b,Beam 1B,118.2202,10.73
2026-06-12 00:00:00,beam-2a,Beam 2A,120.5508,10.73
2026-06-12 00:00:00,beam-2b,Beam 2B,120.9902,10.73
2026-06-12 00:00:00,beam-3a,Beam 3A,118.659,10.73
2026-06-12 00:00:00,beam-3b,Beam 3B,117.8701,10.73
2026-06-12 00:00:00,pier-cap-1,Pier Cap 1,94.663,10.73
2026-06-12 00:00:00,pier-cap-2,Pier Cap 2,95.4909,10.73
2026-06-12 01:00:00,beam-1a,Beam 1A,118.5865,9.57
2026-06-12 01:00:00,beam-1b,Beam 1B,117.038,9.57
2026-06-12 01:00:00,beam-2a,Beam 2A,120.4956,9.57
2026-06-12 01:00:00,beam-2b,Beam 2B,120.7514,9.57
2026-06-12 01:00:00,beam-3a,Beam 3A,119.8904,9.57
2026-06-12 01:00:00,beam-3b,Beam 3B,118.3436,9.57
2026-06-12 01:00:00,pier-cap-1,Pier Cap 1,94.8384,9.57
2026-06-12 01:00:00,pier-cap-2,Pier Cap 2,94.9802,9.57
2026-06-12 02:00:00,beam-1a,Beam 1A,117.6353,8.5
2026-06-12 02:00:00,beam-1b,Beam 1B,116.8793,8.5
2026-06-12 02:00:00,beam-2a,Beam 2A,120.5682,8.5
2026-06-12 02:00:00,beam-2b,Beam 2B,121.4575,8.5
2026-06-12 02:00:00,beam-3a,Beam 3A,118.9625,8.5
2026-06-12 02:00:00,beam-3b,Beam 3B,117.5871,8.5
2026-06-12 02:00:00,pier-cap-1,Pier Cap 1,94.8532,8.5
2026-06-12 02:00:00,pier-cap-2,Pier Cap 2,94.4765,8.5
2026-06-12 03:00:00,beam-1a,Beam 1A,117.6869,8.62
2026-06-12 03:00:00,beam-1b,Beam 1B,117.3308,8.62
2026-06-12 03:00:00,beam-2a,Beam 2A,119.7679,8.62
2026-06-12 03:00:00,beam-2b,Beam 2B,120.6266,8.62
2026-06-12 03:00:00,beam-3a,Beam 3A,118.7746,8.62
2026-06-12 03:00:00,beam-3b,Beam 3B,117.926,8.62
2026-06-12 03:00:00,pier-cap-1,Pier Cap 1,94.1162,8.62
2026-06-12 03:00:00,pier-cap-2,Pier Cap 2,94.6307,8.62
2026-06-12 04:00:00,beam-1a,Beam 1A,117.9522,8.31
2026-06-12 04:00:00,beam-1b,Beam 1B,117.8387,8.31
2026-06-12 04:00:00,beam-2a,Beam 2A,120.3217,8.31
2026-06-12 04:00:00,beam-2b,Beam 2B,120.7737,8.31
2026-06-12 04:00:00,beam-3a,Beam 3A,118.4524,8.31
2026-06-12 04:00:00,beam-3b,Beam 3B,117.1673,8.31
2026-06-12 04:00:00,pier-cap-1,Pier Cap 1,94.3474,8.31
2026-06-12 04:00:00,pier-cap-2,Pier Cap 2,95.059,8.31
2026-06-12 05:00:00,beam-1a,Beam 1A,117.5934,9.28
2026-06-12 05:00:00,beam-1b,Beam 1B,118.3104,9.28
2026-06-12 05:00:00,beam-2a,Beam 2A,120.3618,9.28
2026-06-12 05:00:00,beam-2b,Beam 2B,120.3945,9.28
2026-06-12 05:00:00,beam-3a,Beam 3A,118.7048,9.28
2026-06-12 05:00:00,beam-3b,Beam 3B,117.9593,9.28
2026-06-12 05:00:00,pier-cap-1,Pier Cap 1,93.8997,9.28
2026-06-12 05:00:00,pier-cap-2,Pier Cap 2,94.5157,9.28
2026-06-12 06:00:00,beam-1a,Beam 1A,118.5091,10.85
2026-06-12 06:00:00,beam-1b,Beam 1B,118.7307,10.85
2026-06-12 06:00:00,beam-2a,Beam 2A,120.8087,10.85
2026-06-12 06:00:00,beam-2b,Beam 2B,120.4355,10.85
2026-06-12 06:00:00,beam-3a,Beam 3A,118.6576,10.85
2026-06-12 06:00:00,beam-3b,Beam 3B,117.7901,10.85
2026-06-12 06:00:00,pier-cap-1,Pier Cap 1,94.7238,10.85
2026-06-12 06:00:00,pier-cap-2,Pier Cap 2,94.8425,10.85
2026-06-12 07:00:00,beam-1a,Beam 1A,119.6833,12.74
2026-06-12 07:00:00,beam-1b,Beam 1B,119.5569,12.74
2026-06-12 07:00:00,beam-2a,Beam 2A,120.8392,12.74
2026-06-12 07:00:00,beam-2b,Beam 2B,121.086,12.74
2026-06-12 07:00:00,beam-3a,Beam 3A,120.1757,12.74
2026-06-12 07:00:00,beam-3b,Beam 3B,118.4207,12.74
2026-06-12 07:00:00,pier-cap-1,Pier Cap 1,94.8155,12.74
2026-06-12 07:00:00,pier-cap-2,Pier Cap 2,95.7213,12.74
2026-06-12 08:00:00,beam-1a,Beam 1A,119.7224,15.02
2026-06-12 08:00:00,beam-1b,Beam 1B,119.1355,15.02
2026-06-12 08:00:00,beam-2a,Beam 2A,122.0572,15.02
2026-06-12 08:00:00,beam-2b,Beam 2B,121.9551,15.02
2026-06-12 08:00:00,beam-3a,Beam 3A,120.8045,15.02
2026-06-12 08:00:00,beam-3b,Beam 3B,119.7777,15.02
2026-06-12 08:00:00,pier-cap-1,Pier Cap 1,95.3376,15.02
2026-06-12 08:00:00,pier-cap-2,Pier Cap 2,95.8362,15.02
2026-06-12 09:00:00,beam-1a,Beam 1A,119.8551,15.47
2026-06-12 09:00:00,beam-1b,Beam 1B,120.3748,15.47
2026-06-12 09:00:00,beam-2a,Beam 2A,121.5532,15.47
2026-06-12 09:00:00,beam-2b,Beam 2B,121.9254,15.47
2026-06-12 09:00:00,beam-3a,Beam 3A,120.1793,15.47
2026-06-12 09:00:00,beam-3b,Beam 3B,119.4161,15.47
2026-06-12 09:00:00,pier-cap-1,Pier Cap 1,96.3481,15.47
2026-06-12 09:00:00,pier-cap-2,Pier Cap 2,95.7622,15.47
2026-06-12 10:00:00,beam-1a,Beam 1A,121.1907,18.09
2026-06-12 10:00:00,beam-1b,Beam 1B,120.4407,18.09
2026-06-12 10:00:00,beam-2a,Beam 2A,122.8284,18.09
2026-06-12 10:00:00,beam-2b,Beam 2B,122.4497,18.09
2026-06-12 10:00:00,beam-3a,Beam 3A,120.56,18.09
2026-06-12 10:00:00,beam-3b,Beam 3B,119.5428,18.09
2026-06-12 10:00:00,pier-cap-1,Pier Cap 1,96.3794,18.09
2026-06-12 10:00:00,pier-cap-2,Pier Cap 2,96.2156,18.09
2026-06-12 11:00:00,beam-1a,Beam 1A,121.5327,19.31
2026-06-12 11:00:00,beam-1b,Beam 1B,121.1409,19.31
2026-06-12 11:00:00,beam-2a,Beam 2A,122.0449,19.31
2026-06-12 11:00:00,beam-2b,Beam 2B,122.4467,19.31
2026-06-12 11:00:00,beam-3a,Beam 3A,120.033,19.31
2026-06-12 11:00:00,beam-3b,Beam 3B,120.9376,19.31
2026-06-12 11:00:00,pier-cap-1,Pier Cap 1,95.6139,19.31
2026-06-12 11:00:00,pier-cap-2,Pier Cap 2,96.1045,19.31
2026-06-12 12:00:00,beam-1a,Beam 1A,121.5038,20.6
2026-06-12 12:00:00,beam-1b,Beam 1B,120.6847,20.6
2026-06-12 12:00:00,beam-2a,Beam 2A,122.9165,20.6
2026-06-12 12:00:00,beam-2b,Beam 2B,122.6429,20.6
2026-06-12 12:00:00,beam-3a,Beam 3A,120.4213,20.6
2026-06-12 12:00:00,beam-3b,Beam 3B,119.7431,20.6
2026-06-12 12:00:00,pier-cap-1,Pier Cap 1,96.4063,20.6
2026-06-12 12:00:00,pier-cap-2,Pier Cap 2,96.8849,20.6
2026-06-12 13:00:00,beam-1a,Beam 1A,121.3534,21.94
2026-06-12 13:00:00,beam-1b,Beam 1B,121.3432,21.94
2026-06-12 13:00:00,beam-2a,Beam 2A,122.8647,21.94
2026-06-12 13:00:00,beam-2b,Beam 2B,122.9913,21.94
2026-06-12 13:00:00,beam-3a,Beam 3A,122.251,21.94
2026-06-12 13:00:00,beam-3b,Beam 3B,120.727,21.94
2026-06-12 13:00:00,pier-cap-1,Pier Cap 1,96.6811,21.94
2026-06-12 13:00:00,pier-cap-2,Pier Cap 2,96.6995,21.94
2026-06-12 14:00:00,beam-1a,Beam 1A,121.5045,22.49
2026-06-12 14:00:00,beam-1b,Beam 1B,121.5035,22.49
2026-06-12 14:00:00,beam-2a,Beam 2A,122.8677,22.49
2026-06-12 14:00:00,beam-2b,Beam 2B,123.4649,22.49
2026-06-12 14:00:00,beam-3a,Beam 3A,121.8858,22.49
2026-06-12 14:00:00,beam-3b,Beam 3B,119.8874,22.49
2026-06-12 14:00:00,pier-cap-1,Pier Cap 1,96.4227,22.49
2026-06-12 14:00:00,pier-cap-2,Pier Cap 2,96.8634,22.49
2026-06-12 15:00:00,beam-1a,Beam 1A,121.2657,22.75
2026-06-12 15:00:00,beam-1b,Beam 1B,121.7879,22.75
2026-06-12 15:00:00,beam-2a,Beam 2A,123.3033,22.75
2026-06-12 15:00:00,beam-2b,Beam 2B,123.5646,22.75
2026-06-12 15:00:00,beam-3a,Beam 3A,120.9361,22.75
2026-06-12 15:00:00,beam-3b,Beam 3B,120.3875,22.75
2026-06-12 15:00:00,pier-cap-1,Pier Cap 1,96.6163,22.75
2026-06-12 15:00:00,pier-cap-2,Pier Cap 2,97.1668,22.75
2026-06-12 16:00:00,beam-1a,Beam 1A,120.9845,22.31
2026-06-12 16:00:00,beam-1b,Beam 1B,120.6178,22.31
2026-06-12 16:00:00,beam-2a,Beam 2A,122.8415,22.31
2026-06-12 16:00:00,beam-2b,Beam 2B,122.7382,22.31
2026-06-12 16:00:00,beam-3a,Beam 3A,120.8393,22.31
2026-06-12 16:00:00,beam-3b,Beam 3B,119.9164,22.31
2026-06-12 16:00:00,pier-cap-1,Pier Cap 1,96.5787,22.31
2026-06-12 16:00:00,pier-cap-2,Pier Cap 2,96.9189,22.31
2026-06-12 17:00:00,beam-1a,Beam 1A,120.6085,21.21
2026-06-12 17:00:00,beam-1b,Beam 1B,120.8285,21.21
2026-06-12 17:00:00,beam-2a,Beam 2A,121.6773,21.21
2026-06-12 17:00:00,beam-2b,Beam 2B,123.2282,21.21
2026-06-12 17:00:00,beam-3a,Beam 3A,121.1182,21.21
2026-06-12 17:00:00,beam-3b,Beam 3B,120.2701,21.21
2026-06-12 17:00:00,pier-cap-1,Pier Cap 1,95.9276,21.21
2026-06-12 17:00:00,pier-cap-2,Pier Cap 2,96.6202,21.21
2026-06-12 18:00:00,beam-1a,Beam 1A,120.405,20.04
2026-06-12 18:00:00,beam-1b,Beam 1B,120.089,20.04
2026-06-12 18:00:00,beam-2a,Beam 2A,121.2829,20.04
2026-06-12 18:00:00,beam-2b,Beam 2B,122.4304,20.04
2026-06-12 18:00:00,beam-3a,Beam 3A,120.598,20.04
2026-06-12 18:00:00,beam-3b,Beam 3B,119.9772,20.04
2026-06-12 18:00:00,pier-cap-1,Pier Cap 1,95.8466,20.04
2026-06-12 18:00:00,pier-cap-2,Pier Cap 2,96.0592,20.04
2026-06-12 19:00:00,beam-1a,Beam 1A,119.9847,19.47
2026-06-12 19:00:00,beam-1b,Beam 1B,120.375,19.47
2026-06-12 19:00:00,beam-2a,Beam 2A,122.9028,19.47
2026-06-12 19:00:00,beam-2b,Beam 2B,122.7657,19.47
2026-06-12 19:00:00,beam-3a,Beam 3A,122.3251,19.47
2026-06-12 19:00:00,beam-3b,Beam 3B,119.7414,19.47
2026-06-12 19:00:00,pier-cap-1,Pier Cap 1,96.122,19.47
2026-06-12 19:00:00,pier-cap-2,Pier Cap 2,96.6806,19.47
2026-06-12 20:00:00,beam-1a,Beam 1A,119.3059,17.41
2026-06-12 20:00:00,beam-1b,Beam 1B,119.9802,17.41
2026-06-12 20:00:00,beam-2a,Beam 2A,122.4739,17.41
2026-06-12 20:00:00,beam-2b,Beam 2B,122.0908,17.41
2026-06-12 20:00:00,beam-3a,Beam 3A,120.8244,17.41
2026-06-12 20:00:00,beam-3b,Beam 3B,119.8399,17.41
2026-06-12 20:00:00,pier-cap-1,Pier Cap 1,95.7911,17.41
2026-06-12 20:00:00,pier-cap-2,Pier Cap 2,96.285,17.41
2026-06-12 21:00:00,beam-1a,Beam 1A,119.4721,15.47
2026-06-12 21:00:00,beam-1b,Beam 1B,119.7046,15.47
2026-06-12 21:00:00,beam-2a,Beam 2A,122.3488,15.47
2026-06-12 21:00:00,beam-2b,Beam 2B,122.4076,15.47
2026-06-12 21:00:00,beam-3a,Beam 3A,120.2059,15.47
2026-06-12 21:00:00,beam-3b,Beam 3B,118.8907,15.47
2026-06-12 21:00:00,pier-cap-1,Pier Cap 1,95.2578,15.47
2026-06-12 21:00:00,pier-cap-2,Pier Cap 2,95.8152,15.47
2026-06-12 22:00:00,beam-1a,Beam 1A,119.1158,13.9
2026-06-12 22:00:00,beam-1b,Beam 1B,118.7089,13.9
2026-06-12 22:00:00,beam-2a,Beam 2A,121.2729,13.9
2026-06-12 22:00:00,beam-2b,Beam 2B,121.3016,13.9
2026-06-12 22:00:00,beam-3a,Beam 3A,118.8758,13.9
2026-06-12 22:00:00,beam-3b,Beam 3B,118.9053,13.9
2026-06-12 22:00:00,pier-cap-1,Pier Cap 1,94.9966,13.9
2026-06-12 22:00:00,pier-cap-2,Pier Cap 2,95.4237,13.9
2026-06-12 23:00:00,beam-1a,Beam 1A,119.3433,12.53
2026-06-12 23:00:00,beam-1b,Beam 1B,118.9388,12.53
2026-06-12 23:00:00,beam-2a,Beam 2A,120.4881,12.53
2026-06-12 23:00:00,beam-2b,Beam 2B,121.2671,12.53
2026-06-12 23:00:00,beam-3a,Beam 3A,119.0569,12.53
2026-06-12 23:00:00,beam-3b,Beam 3B,118.8171,12.53
2026-06-12 23:00:00,pier-cap-1,Pier Cap 1,95.0019,12.53
2026-06-12 23:00:00,pier-cap-2,Pier Cap 2,95.5327,12.53
2026-06-13 00:00:00,beam-1a,Beam 1A,118.2357,10.97
2026-06-13 00:00:00,beam-1b,Beam 1B,118.8159,10.97
2026-06-13 00:00:00,beam-2a,Beam 2A,120.526,10.97
2026-06-13 00:00:00,beam-2b,Beam 2B,121.1285,10.97
2026-06-13 00:00:00,beam-3a,Beam 3A,119.2774,10.97
2026-06-13 00:00:00,beam-3b,Beam 3B,117.7151,10.97
2026-06-13 00:00:00,pier-cap-1,Pier Cap 1,95.0613,10.97
2026-06-13 00:00:00,pier-cap-2,Pier Cap 2,95.4396,10.97
2026-06-13 01:00:00,beam-1a,Beam 1A,118.3865,9.52
2026-06-13 01:00:00,beam-1b,Beam 1B,117.5815,9.52
2026-06-13 01:00:00,beam-2a,Beam 2A,120.4091,9.52
2026-06-13 01:00:00,beam-2b,Beam 2B,120.2484,9.52
2026-06-13 01:00:00,beam-3a,Beam 3A,119.1064,9.52
2026-06-13 01:00:00,beam-3b,Beam 3B,117.6973,9.52
2026-06-13 01:00:00,pier-cap-1,Pier Cap 1,94.5554,9.52
2026-06-13 01:00:00,pier-cap-2,Pier Cap 2,95.1077,9.52
2026-06-13 02:00:00,beam-1a,Beam 1A,118.4826,9.58
2026-06-13 02:00:00,beam-1b,Beam 1B,118.465,9.58
2026-06-13 02:00:00,beam-2a,Beam 2A,120.0124,9.58
2026-06-13 02:00:00,beam-2b,Beam 2B,120.5811,9.58
2026-06-13 02:00:00,beam-3a,Beam 3A,120.6286,9.58
2026-06-13 02:00:00,beam-3b,Beam 3B,117.9883,9.58
2026-06-13 02:00:00,pier-cap-1,Pier Cap 1,95.0732,9.58
2026-06-13 02:00:00,pier-cap-2,Pier Cap 2,95.5778,9.58
2026-06-13 03:00:00,beam-1a,Beam 1A,118.372,9.48
2026-06-13 03:00:00,beam-1b,Beam 1B,118.6776,9.48
2026-06-13 03:00:00,beam-2a,Beam 2A,121.0552,9.48
2026-06-13 03:00:00,beam-2b,Beam 2B,120.4856,9.48
2026-06-13 03:00:00,beam-3a,Beam 3A,118.8713,9.48
2026-06-13 03:00:00,beam-3b,Beam 3B,118.1715,9.48
2026-06-13 03:00:00,pier-cap-1,Pier Cap 1,94.3631,9.48
2026-06-13 03:00:00,pier-cap-2,Pier Cap 2,95.2832,9.48
2026-06-13 04:00:00,beam-1a,Beam 1A,118.8677,9.28
2026-06-13 04:00:00,beam-1b,Beam 1B,118.4016,9.28
2026-06-13 04:00:00,beam-2a,Beam 2A,121.2525,9.28
2026-06-13 04:00:00,beam-2b,Beam 2B,120.3491,9.28
2026-06-13 04:00:00,beam-3a,Beam 3A,118.2573,9.28
2026-06-13 04:00:00,beam-3b,Beam 3B,118.4113,9.28
2026-06-13 04:00:00,pier-cap-1,Pier Cap 1,94.6004,9.28
2026-06-13 04:00:00,pier-cap-2,Pier Cap 2,95.0103,9.28
2026-06-13 05:00:00,beam-1a,Beam 1A,119.2419,10.17
2026-06-13 05:00:00,beam-1b,Beam 1B,118.4356,10.17
2026-06-13 05:00:00,beam-2a,Beam 2A,120.7262,10.17
2026-06-13 05:00:00,beam-2b,Beam 2B,120.5584,10.17
2026-06-13 05:00:00,beam-3a,Beam 3A,118.9396,10.17
2026-06-13 05:00:00,beam-3b,Beam 3B,118.0076,10.17
2026-06-13 05:00:00,pier-cap-1,Pier Cap 1,94.5699,10.17
2026-06-13 05:00:00,pier-cap-2,Pier Cap 2,95.3976,10.17
2026-06-13 06:00:00,beam-1a,Beam 1A,119.5142,11.39
2026-06-13 06:00:00,beam-1b,Beam 1B,119.6221,11.39
2026-06-13 06:00:00,beam-2a,Beam 2A,120.7745,11.39
2026-06-13 06:00:00,beam-2b,Beam 2B,121.4245,11.39
2026-06-13 06:00:00,beam-3a,Beam 3A,120.0474,11.39
2026-06-13 06:00:00,beam-3b,Beam 3B,118.2041,11.39
2026-06-13 06:00:00,pier-cap-1,Pier Cap 1,95.0355,11.39
2026-06-13 06:00:00,pier-cap-2,Pier Cap 2,95.3737,11.39
2026-06-13 07:00:00,beam-1a,Beam 1A,119.768,12.8
2026-06-13 07:00:00,beam-1b,Beam 1B,119.3339,12.8
2026-06-13 07:00:00,beam-2a,Beam 2A,120.5418,12.8
2026-06-13 07:00:00,beam-2b,Beam 2B,121.0227,12.8
2026-06-13 07:00:00,beam-3a,Beam 3A,120.6546,12.8
2026-06-13 07:00:00,beam-3b,Beam 3B,118.2764,12.8
2026-06-13 07:00:00,pier-cap-1,Pier Cap 1,94.8354,12.8
2026-06-13 07:00:00,pier-cap-2,Pier Cap 2,95.5834,12.8
2026-06-13 08:00:00,beam-1a,Beam 1A,120.1742,14.28
2026-06-13 08:00:00,beam-1b,Beam 1B,120.1369,14.28
2026-06-13 08:00:00,beam-2a,Beam 2A,121.9748,14.28
2026-06-13 08:00:00,beam-2b,Beam 2B,121.7865,14.28
2026-06-13 08:00:00,beam-3a,Beam 3A,120.1232,14.28
2026-06-13 08:00:00,beam-3b,Beam 3B,118.9789,14.28
2026-06-13 08:00:00,pier-cap-1,Pier Cap 1,95.8704,14.28
2026-06-13 08:00:00,pier-cap-2,Pier Cap 2,96.181,14.28
2026-06-13 09:00:00,beam-1a,Beam 1A,120.3164,16.09
2026-06-13 09:00:00,beam-1b,Beam 1B,120.6848,16.09
2026-06-13 09:00:00,beam-2a,Beam 2A,121.7478,16.09
2026-06-13 09:00:00,beam-2b,Beam 2B,122.0483,16.09
2026-06-13 09:00:00,beam-3a,Beam 3A,120.3825,16.09
2026-06-13 09:00:00,beam-3b,Beam 3B,119.1024,16.09
2026-06-13 09:00:00,pier-cap-1,Pier Cap 1,95.0558,16.09
2026-06-13 09:00:00,pier-cap-2,Pier Cap 2,95.7935,16.09
2026-06-13 10:00:00,beam-1a,Beam 1A,120.9516,17.87
2026-06-13 10:00:00,beam-1b,Beam 1B,121.3916,17.87
2026-06-13 10:00:00,beam-2a,Beam 2A,121.9577,17.87
2026-06-13 10:00:00,beam-2b,Beam 2B,121.7211,17.87
2026-06-13 10:00:00,beam-3a,Beam 3A,119.4076,17.87
2026-06-13 10:00:00,beam-3b,Beam 3B,119.4487,17.87
2026-06-13 10:00:00,pier-cap-1,Pier Cap 1,96.3446,17.87
2026-06-13 10:00:00,pier-cap-2,Pier Cap 2,96.337,17.87
2026-06-13 11:00:00,beam-1a,Beam 1A,121.2698,18.91
2026-06-13 11:00:00,beam-1b,Beam 1B,121.1795,18.91
2026-06-13 11:00:00,beam-2a,Beam 2A,122.4741,18.91
2026-06-13 11:00:00,beam-2b,Beam 2B,122.6973,18.91
2026-06-13 11:00:00,beam-3a,Beam 3A,120.5803,18.91
2026-06-13 11:00:00,beam-3b,Beam 3B,119.7097,18.91
2026-06-13 11:00:00,pier-cap-1,Pier Cap 1,96.0132,18.91
2026-06-13 11:00:00,pier-cap-2,Pier Cap 2,96.8431,18.91
2026-06-13 12:00:00,beam-1a,Beam 1A,121.5073,21.08
2026-06-13 12:00:00,beam-1b,Beam 1B,121.5761,21.08
2026-06-13 12:00:00,beam-2a,Beam 2A,122.4811,21.08
2026-06-13 12:00:00,beam-2b,Beam 2B,122.3594,21.08
2026-06-13 12:00:00,beam-3a,Beam 3A,120.6873,21.08
2026-06-13 12:00:00,beam-3b,Beam 3B,120.3477,21.08
2026-06-13 12:00:00,pier-cap-1,Pier Cap 1,96.4773,21.08
2026-06-13 12:00:00,pier-cap-2,Pier Cap 2,96.9043,21.08
2026-06-13 13:00:00,beam-1a,Beam 1A,122.1283,21.37
2026-06-13 13:00:00,beam-1b,Beam 1B,121.9277,21.37
2026-06-13 13:00:00,beam-2a,Beam 2A,122.8321,21.37
2026-06-13 13:00:00,beam-2b,Beam 2B,123.2354,21.37
2026-06-13 13:00:00,beam-3a,Beam 3A,121.6172,21.37
2026-06-13 13:00:00,beam-3b,Beam 3B,120.0124,21.37
2026-06-13 13:00:00,pier-cap-1,Pier Cap 1,96.7554,21.37
2026-06-13 13:00:00,pier-cap-2,Pier Cap 2,96.7443,21.37
2026-06-13 14:00:00,beam-1a,Beam 1A,122.46,22.29
2026-06-13 14:00:00,beam-1b,Beam 1B,122.3159,22.29
2026-06-13 14:00:00,beam-2a,Beam 2A,122.3811,22.29
2026-06-13 14:00:00,beam-2b,Beam 2B,122.9674,22.29
2026-06-13 14:00:00,beam-3a,Beam 3A,122.0744,22.29
2026-06-13 14:00:00,beam-3b,Beam 3B,120.115,22.29
2026-06-13 14:00:00,pier-cap-1,Pier Cap 1,96.7509,22.29
2026-06-13 14:00:00,pier-cap-2,Pier Cap 2,96.4818,22.29
2026-06-13 15:00:00,beam-1a,Beam 1A,121.8224,23.37
2026-06-13 15:00:00,beam-1b,Beam 1B,122.8671,23.37
2026-06-13 15:00:00,beam-2a,Beam 2A,123.6085,23.37
2026-06-13 15:00:00,beam-2b,Beam 2B,123.3906,23.37
2026-06-13 15:00:00,beam-3a,Beam 3A,121.8545,23.37
2026-06-13 15:00:00,beam-3b,Beam 3B,120.7411,23.37
2026-06-13 15:00:00,pier-cap-1,Pier Cap 1,96.4363,23.37
2026-06-13 15:00:00,pier-cap-2,Pier Cap 2,96.4742,23.37
2026-06-13 16:00:00,beam-1a,Beam 1A,121.9924,22.94
2026-06-13 16:00:00,beam-1b,Beam 1B,121.2956,22.94
2026-06-13 16:00:00,beam-2a,Beam 2A,123.0472,22.94
2026-06-13 16:00:00,beam-2b,Beam 2B,122.7861,22.94
2026-06-13 16:00:00,beam-3a,Beam 3A,120.9444,22.94
2026-06-13 16:00:00,beam-3b,Beam 3B,119.4505,22.94
2026-06-13 16:00:00,pier-cap-1,Pier Cap 1,96.7717,22.94
2026-06-13 16:00:00,pier-cap-2,Pier Cap 2,97.7145,22.94
2026-06-13 17:00:00,beam-1a,Beam 1A,121.2908,22.5
2026-06-13 17:00:00,beam-1b,Beam 1B,121.6969,22.5
2026-06-13 17:00:00,beam-2a,Beam 2A,123.4644,22.5
2026-06-13 17:00:00,beam-2b,Beam 2B,123.2661,22.5
2026-06-13 17:00:00,beam-3a,Beam 3A,121.4846,22.5
2026-06-13 17:00:00,beam-3b,Beam 3B,120.2145,22.5
2026-06-13 17:00:00,pier-cap-1,Pier Cap 1,97.0859,22.5
2026-06-13 17:00:00,pier-cap-2,Pier Cap 2,97.1182,22.5
2026-06-13 18:00:00,beam-1a,Beam 1A,121.0413,20.69
2026-06-13 18:00:00,beam-1b,Beam 1B,120.7052,20.69
2026-06-13 18:00:00,beam-2a,Beam 2A,122.5572,20.69
2026-06-13 18:00:00,beam-2b,Beam 2B,123.226,20.69
2026-06-13 18:00:00,beam-3a,Beam 3A,121.4464,20.69
2026-06-13 18:00:00,beam-3b,Beam 3B,119.6778,20.69
2026-06-13 18:00:00,pier-cap-1,Pier Cap 1,95.987,20.69
2026-06-13 18:00:00,pier-cap-2,Pier Cap 2,96.578,20.69
2026-06-13 19:00:00,beam-1a,Beam 1A,120.3734,18.89
2026-06-13 19:00:00,beam-1b,Beam 1B,120.9129,18.89
2026-06-13 19:00:00,beam-2a,Beam 2A,122.2227,18.89
2026-06-13 19:00:00,beam-2b,Beam 2B,122.1734,18.89
2026-06-13 19:00:00,beam-3a,Beam 3A,121.6628,18.89
2026-06-13 19:00:00,beam-3b,Beam 3B,120.1595,18.89
2026-06-13 19:00:00,pier-cap-1,Pier Cap 1,96.6184,18.89
2026-06-13 19:00:00,pier-cap-2,Pier Cap 2,96.5878,18.89
2026-06-13 20:00:00,beam-1a,Beam 1A,120.4428,17.56
2026-06-13 20:00:00,beam-1b,Beam 1B,119.8487,17.56
2026-06-13 20:00:00,beam-2a,Beam 2A,121.5276,17.56
2026-06-13 20:00:00,beam-2b,Beam 2B,121.9899,17.56
2026-06-13 20:00:00,beam-3a,Beam 3A,120.757,17.56
2026-06-13 20:00:00,beam-3b,Beam 3B,119.3326,17.56
2026-06-13 20:00:00,pier-cap-1,Pier Cap 1,95.9001,17.56
2026-06-13 20:00:00,pier-cap-2,Pier Cap 2,96.0001,17.56
2026-06-13 21:00:00,beam-1a,Beam 1A,119.5588,15.89
2026-06-13 21:00:00,beam-1b,Beam 1B,119.509,15.89
2026-06-13 21:00:00,beam-2a,Beam 2A,121.9815,15.89
2026-06-13 21:00:00,beam-2b,Beam 2B,122.081,15.89
2026-06-13 21:00:00,beam-3a,Beam 3A,120.8797,15.89
2026-06-13 21:00:00,beam-3b,Beam 3B,118.9724,15.89
2026-06-13 21:00:00,pier-cap-1,Pier Cap 1,95.4032,15.89
2026-06-13 21:00:00,pier-cap-2,Pier Cap 2,95.9338,15.89
2026-06-13 22:00:00,beam-1a,Beam 1A,119.689,14.07
2026-06-13 22:00:00,beam-1b,Beam 1B,119.0811,14.07
2026-06-13 22:00:00,beam-2a,Beam 2A,120.963,14.07
2026-06-13 22:00:00,beam-2b,Beam 2B,121.7281,14.07
2026-06-13 22:00:00,beam-3a,Beam 3A,119.0728,14.07
2026-06-13 22:00:00,beam-3b,Beam 3B,118.8057,14.07
2026-06-13 22:00:00,pier-cap-1,Pier Cap 1,94.992,14.07
2026-06-13 22:00:00,pier-cap-2,Pier Cap 2,95.4777,14.07
2026-06-13 23:00:00,beam-1a,Beam 1A,118.9881,12.8
2026-06-13 23:00:00,beam-1b,Beam 1B,119.0037,12.8
2026-06-13 23:00:00,beam-2a,Beam 2A,120.8655,12.8
2026-06-13 23:00:00,beam-2b,Beam 2B,120.3106,12.8
2026-06-13 23:00:00,beam-3a,Beam 3A,119.7223,12.8
2026-06-13 23:00:00,beam-3b,Beam 3B,118.3737,12.8
2026-06-13 23:00:00,pier-cap-1,Pier Cap 1,95.0031,12.8
2026-06-13 23:00:00,pier-cap-2,Pier Cap 2,95.1461,12.8
2026-06-14 00:00:00,beam-1a,Beam 1A,118.5159,10.82
2026-06-14 00:00:00,beam-1b,Beam 1B,118.8164,10.82
2026-06-14 00:00:00,beam-2a,Beam 2A,120.665,10.82
2026-06-14 00:00:00,beam-2b,Beam 2B,121.6962,10.82
2026-06-14 00:00:00,beam-3a,Beam 3A,120.0341,10.82
2026-06-14 00:00:00,beam-3b,Beam 3B,118.0654,10.82
2026-06-14 00:00:00,pier-cap-1,Pier Cap 1,94.1868,10.82
2026-06-14 00:00:00,pier-cap-2,Pier Cap 2,94.6419,10.82
2026-06-14 01:00:00,beam-1a,Beam 1A,118.2291,10.0
2026-06-14 01:00:00,beam-1b,Beam 1B,118.8008,10.0
2026-06-14 01:00:00,beam-2a,Beam 2A,120.5476,10.0
2026-06-14 01:00:00,beam-2b,Beam 2B,120.9373,10.0
2026-06-14 01:00:00,beam-3a,Beam 3A,119.9375,10.0
2026-06-14 01:00:00,beam-3b,Beam 3B,118.0832,10.0
2026-06-14 01:00:00,pier-cap-1,Pier Cap 1,94.5248,10.0
2026-06-14 01:00:00,pier-cap-2,Pier Cap 2,94.6701,10.0
2026-06-14 02:00:00,beam-1a,Beam 1A,118.6293,8.76
2026-06-14 02:00:00,beam-1b,Beam 1B,118.5062,8.76
2026-06-14 02:00:00,beam-2a,Beam 2A,119.5696,8.76
2026-06-14 02:00:00,beam-2b,Beam 2B,120.7588,8.76
2026-06-14 02:00:00,beam-3a,Beam 3A,119.8862,8.76
2026-06-14 02:00:00,beam-3b,Beam 3B,117.6667,8.76
2026-06-14 02:00:00,pier-cap-1,Pier Cap 1,94.3851,8.76
2026-06-14 02:00:00,pier-cap-2,Pier Cap 2,95.2704,8.76
2026-06-14 03:00:00,beam-1a,Beam 1A,119.043,9.1
2026-06-14 03:00:00,beam-1b,Beam 1B,118.2355,9.1
2026-06-14 03:00:00,beam-2a,Beam 2A,120.2271,9.1
2026-06-14 03:00:00,beam-2b,Beam 2B,120.4913,9.1
2026-06-14 03:00:00,beam-3a,Beam 3A,117.9232,9.1
2026-06-14 03:00:00,beam-3b,Beam 3B,117.7282,9.1
2026-06-14 03:00:00,pier-cap-1,Pier Cap 1,94.1922,9.1
2026-06-14 03:00:00,pier-cap-2,Pier Cap 2,94.7185,9.1
2026-06-14 04:00:00,beam-1a,Beam 1A,119.0212,9.16
2026-06-14 04:00:00,beam-1b,Beam 1B,119.1552,9.16
2026-06-14 04:00:00,beam-2a,Beam 2A,120.6494,9.16
2026-06-14 04:00:00,beam-2b,Beam 2B,119.8197,9.16
2026-06-14 04:00:00,beam-3a,Beam 3A,118.3576,9.16
2026-06-14 04:00:00,beam-3b,Beam 3B,117.5362,9.16
2026-06-14 04:00:00,pier-cap-1,Pier Cap 1,94.7479,9.16
2026-06-14 04:00:00,pier-cap-2,Pier Cap 2,95.184,9.16
2026-06-14 05:00:00,beam-1a,Beam 1A,119.9936,9.55
2026-06-14 05:00:00,beam-1b,Beam 1B,119.1703,9.55
2026-06-14 05:00:00,beam-2a,Beam 2A,120.2596,9.55
2026-06-14 05:00:00,beam-2b,Beam 2B,120.9126,9.55
2026-06-14 05:00:00,beam-3a,Beam 3A,118.8881,9.55
2026-06-14 05:00:00,beam-3b,Beam 3B,117.5616,9.55
2026-06-14 05:00:00,pier-cap-1,Pier Cap 1,94.5176,9.55
2026-06-14 05:00:00,pier-cap-2,Pier Cap 2,95.3702,9.55
2026-06-14 06:00:00,beam-1a,Beam 1A,120.1586,10.87
2026-06-14 06:00:00,beam-1b,Beam 1B,120.0473,10.87
2026-06-14 06:00:00,beam-2a,Beam 2A,120.5847,10.87
2026-06-14 06:00:00,beam-2b,Beam 2B,120.6815,10.87
2026-06-14 06:00:00,beam-3a,Beam 3A,119.6669,10.87
2026-06-14 06:00:00,beam-3b,Beam 3B,118.2371,10.87
2026-06-14 06:00:00,pier-cap-1,Pier Cap 1,94.5902,10.87
2026-06-14 06:00:00,pier-cap-2,Pier Cap 2,95.2859,10.87
2026-06-14 07:00:00,beam-1a,Beam 1A,119.9812,12.34
2026-06-14 07:00:00,beam-1b,Beam 1B,119.8274,12.34
2026-06-14 07:00:00,beam-2a,Beam 2A,121.0336,12.34
2026-06-14 07:00:00,beam-2b,Beam 2B,121.4205,12.34
2026-06-14 07:00:00,beam-3a,Beam 3A,119.7873,12.34
2026-06-14 07:00:00,beam-3b,Beam 3B,118.6025,12.34
2026-06-14 07:00:00,pier-cap-1,Pier Cap 1,94.9039,12.34
2026-06-14 07:00:00,pier-cap-2,Pier Cap 2,95.4119,12.34
2026-06-14 08:00:00,beam-1a,Beam 1A,120.4484,14.0
2026-06-14 08:00:00,beam-1b,Beam 1B,119.9889,14.0
2026-06-14 08:00:00,beam-2a,Beam 2A,121.2491,14.0
2026-06-14 08:00:00,beam-2b,Beam 2B,121.4474,14.0
2026-06-14 08:00:00,beam-3a,Beam 3A,120.4273,14.0
2026-06-14 08:00:00,beam-3b,Beam 3B,118.3096,14.0
2026-06-14 08:00:00,pier-cap-1,Pier Cap 1,95.3561,14.0
2026-06-14 08:00:00,pier-cap-2,Pier Cap 2,95.7895,14.0
2026-06-14 09:00:00,beam-1a,Beam 1A,121.3483,16.63
2026-06-14 09:00:00,beam-1b,Beam 1B,121.1657,16.63
2026-06-14 09:00:00,beam-2a,Beam 2A,121.4129,16.63
2026-06-14 09:00:00,beam-2b,Beam 2B,122.157,16.63
2026-06-14 09:00:00,beam-3a,Beam 3A,119.5524,16.63
2026-06-14 09:00:00,beam-3b,Beam 3B,119.5748,16.63
2026-06-14 09:00:00,pier-cap-1,Pier Cap 1,95.6658,16.63
2026-06-14 09:00:00,pier-cap-2,Pier Cap 2,96.0188,16.63
2026-06-14 10:00:00,beam-1a,Beam 1A,121.1518,17.69
2026-06-14 10:00:00,beam-1b,Beam 1B,121.8962,17.69
2026-06-14 10:00:00,beam-2a,Beam 2A,122.0233,17.69
2026-06-14 10:00:00,beam-2b,Beam 2B,121.9657,17.69
2026-06-14 10:00:00,beam-3a,Beam 3A,120.1965,17.69
2026-06-14 10:00:00,beam-3b,Beam 3B,119.7784,17.69
2026-06-14 10:00:00,pier-cap-1,Pier Cap 1,95.5931,17.69
2026-06-14 10:00:00,pier-cap-2,Pier Cap 2,96.6646,17.69
2026-06-14 11:00:00,beam-1a,Beam 1A,122.2187,19.32
2026-06-14 11:00:00,beam-1b,Beam 1B,121.8681,19.32
2026-06-14 11:00:00,beam-2a,Beam 2A,122.7615,19.32
2026-06-14 11:00:00,beam-2b,Beam 2B,122.9487,19.32
2026-06-14 11:00:00,beam-3a,Beam 3A,119.7034,19.32
2026-06-14 11:00:00,beam-3b,Beam 3B,120.1618,19.32
2026-06-14 11:00:00,pier-cap-1,Pier Cap 1,96.0856,19.32
2026-06-14 11:00:00,pier-cap-2,Pier Cap 2,97.1109,19.32
2026-06-14 12:00:00,beam-1a,Beam 1A,122.1252,20.03
2026-06-14 12:00:00,beam-1b,Beam 1B,121.9337,20.03
2026-06-14 12:00:00,beam-2a,Beam 2A,122.0851,20.03
2026-06-14 12:00:00,beam-2b,Beam 2B,122.2704,20.03
2026-06-14 12:00:00,beam-3a,Beam 3A,121.4859,20.03
2026-06-14 12:00:00,beam-3b,Beam 3B,120.0602,20.03
2026-06-14 12:00:00,pier-cap-1,Pier Cap 1,96.139,20.03
2026-06-14 12:00:00,pier-cap-2,Pier Cap 2,97.0891,20.03
2026-06-14 13:00:00,beam-1a,Beam 1A,122.3549,21.62
2026-06-14 13:00:00,beam-1b,Beam 1B,121.9693,21.62
2026-06-14 13:00:00,beam-2a,Beam 2A,122.6745,21.62
2026-06-14 13:00:00,beam-2b,Beam 2B,123.9639,21.62
2026-06-14 13:00:00,beam-3a,Beam 3A,122.4011,21.62
2026-06-14 13:00:00,beam-3b,Beam 3B,120.4811,21.62
2026-06-14 13:00:00,pier-cap-1,Pier Cap 1,96.0514,21.62
2026-06-14 13:00:00,pier-cap-2,Pier Cap 2,96.2478,21.62
2026-06-14 14:00:00,beam-1a,Beam 1A,122.6273,22.57
2026-06-14 14:00:00,beam-1b,Beam 1B,123.0146,22.57
2026-06-14 14:00:00,beam-2a,Beam 2A,122.462,22.57
2026-06-14 14:00:00,beam-2b,Beam 2B,124.1524,22.57
2026-06-14 14:00:00,beam-3a,Beam 3A,122.0036,22.57
2026-06-14 14:00:00,beam-3b,Beam 3B,121.2037,22.57
2026-06-14 14:00:00,pier-cap-1,Pier Cap 1,96.4494,22.57
2026-06-14 14:00:00,pier-cap-2,Pier Cap 2,96.9049,22.57
2026-06-14 15:00:00,beam-1a,Beam 1A,122.8863,22.64
2026-06-14 15:00:00,beam-1b,Beam 1B,121.9392,22.64
2026-06-14 15:00:00,beam-2a,Beam 2A,123.4051,22.64
2026-06-14 15:00:00,beam-2b,Beam 2B,123.9253,22.64
2026-06-14 15:00:00,beam-3a,Beam 3A,121.7733,22.64
2026-06-14 15:00:00,beam-3b,Beam 3B,120.3466,22.64
2026-06-14 15:00:00,pier-cap-1,Pier Cap 1,96.7202,22.64
2026-06-14 15:00:00,pier-cap-2,Pier Cap 2,97.0477,22.64
2026-06-14 16:00:00,beam-1a,Beam 1A,122.2956,23.23
2026-06-14 16:00:00,beam-1b,Beam 1B,122.0018,23.23
2026-06-14 16:00:00,beam-2a,Beam 2A,123.1093,23.23
2026-06-14 16:00:00,beam-2b,Beam 2B,123.9013,23.23
2026-06-14 16:00:00,beam-3a,Beam 3A,121.0338,23.23
2026-06-14 16:00:00,beam-3b,Beam 3B,120.1979,23.23
2026-06-14 16:00:00,pier-cap-1,Pier Cap 1,96.8063,23.23
2026-06-14 16:00:00,pier-cap-2,Pier Cap 2,97.2736,23.23
2026-06-14 17:00:00,beam-1a,Beam 1A,121.7924,21.91
2026-06-14 17:00:00,beam-1b,Beam 1B,122.0552,21.91
2026-06-14 17:00:00,beam-2a,Beam 2A,122.5426,21.91
2026-06-14 17:00:00,beam-2b,Beam 2B,123.0948,21.91
2026-06-14 17:00:00,beam-3a,Beam 3A,120.9449,21.91
2026-06-14 17:00:00,beam-3b,Beam 3B,119.7766,21.91
2026-06-14 17:00:00,pier-cap-1,Pier Cap 1,96.368,21.91
2026-06-14 17:00:00,pier-cap-2,Pier Cap 2,96.4188,21.91
2026-06-14 18:00:00,beam-1a,Beam 1A,122.0635,21.38
2026-06-14 18:00:00,beam-1b,Beam 1B,120.9134,21.38
2026-06-14 18:00:00,beam-2a,Beam 2A,122.8133,21.38
2026-06-14 18:00:00,beam-2b,Beam 2B,123.4902,21.38
2026-06-14 18:00:00,beam-3a,Beam 3A,120.9536,21.38
2026-06-14 18:00:00,beam-3b,Beam 3B,120.8271,21.38
2026-06-14 18:00:00,pier-cap-1,Pier Cap 1,96.5604,21.38
2026-06-14 18:00:00,pier-cap-2,Pier Cap 2,96.3343,21.38
2026-06-14 19:00:00,beam-1a,Beam 1A,121.3231,19.44
2026-06-14 19:00:00,beam-1b,Beam 1B,121.4618,19.44
2026-06-14 19:00:00,beam-2a,Beam 2A,121.9069,19.44
2026-06-14 19:00:00,beam-2b,Beam 2B,122.5981,19.44
2026-06-14 19:00:00,beam-3a,Beam 3A,121.8009,19.44
2026-06-14 19:00:00,beam-3b,Beam 3B,120.463,19.44
2026-06-14 19:00:00,pier-cap-1,Pier Cap 1,95.7723,19.44
2026-06-14 19:00:00,pier-cap-2,Pier Cap 2,96.9583,19.44
2026-06-14 20:00:00,beam-1a,Beam 1A,120.4236,17.74
2026-06-14 20:00:00,beam-1b,Beam 1B,120.7894,17.74
2026-06-14 20:00:00,beam-2a,Beam 2A,121.6353,17.74
2026-06-14 20:00:00,beam-2b,Beam 2B,121.6767,17.74
2026-06-14 20:00:00,beam-3a,Beam 3A,120.6877,17.74
2026-06-14 20:00:00,beam-3b,Beam 3B,119.1977,17.74
2026-06-14 20:00:00,pier-cap-1,Pier Cap 1,95.5269,17.74
2026-06-14 20:00:00,pier-cap-2,Pier Cap 2,96.1438,17.74
2026-06-14 21:00:00,beam-1a,Beam 1A,120.0874,15.88
2026-06-14 21:00:00,beam-1b,Beam 1B,120.4391,15.88
2026-06-14 21:00:00,beam-2a,Beam 2A,121.0922,15.88
2026-06-14 21:00:00,beam-2b,Beam 2B,122.5281,15.88
2026-06-14 21:00:00,beam-3a,Beam 3A,119.6733,15.88
2026-06-14 21:00:00,beam-3b,Beam 3B,118.9129,15.88
2026-06-14 21:00:00,pier-cap-1,Pier Cap 1,95.4568,15.88
2026-06-14 21:00:00,pier-cap-2,Pier Cap 2,95.586,15.88
2026-06-14 22:00:00,beam-1a,Beam 1A,119.7071,14.11
2026-06-14 22:00:00,beam-1b,Beam 1B,119.8765,14.11
2026-06-14 22:00:00,beam-2a,Beam 2A,120.8947,14.11
2026-06-14 22:00:00,beam-2b,Beam 2B,122.0245,14.11
2026-06-14 22:00:00,beam-3a,Beam 3A,119.3384,14.11
2026-06-14 22:00:00,beam-3b,Beam 3B,118.7169,14.11
2026-06-14 22:00:00,pier-cap-1,Pier Cap 1,95.7153,14.11
2026-06-14 22:00:00,pier-cap-2,Pier Cap 2,95.4349,14.11
2026-06-14 23:00:00,beam-1a,Beam 1A,119.5386,13.1
2026-06-14 23:00:00,beam-1b,Beam 1B,119.4018,13.1
2026-06-14 23:00:00,beam-2a,Beam 2A,121.6638,13.1
2026-06-14 23:00:00,beam-2b,Beam 2B,121.3611,13.1
2026-06-14 23:00:00,beam-3a,Beam 3A,119.1176,13.1
2026-06-14 23:00:00,beam-3b,Beam 3B,119.0684,13.1
2026-06-14 23:00:00,pier-cap-1,Pier Cap 1,95.1647,13.1
2026-06-14 23:00:00,pier-cap-2,Pier Cap 2,95.7328,13.1
2026-06-15 00:00:00,beam-1a,Beam 1A,118.3876,10.17
2026-06-15 00:00:00,beam-1b,Beam 1B,118.5403,10.17
2026-06-15 00:00:00,beam-2a,Beam 2A,120.2409,10.17
2026-06-15 00:00:00,beam-2b,Beam 2B,120.2978,10.17
2026-06-15 00:00:00,beam-3a,Beam 3A,119.3277,10.17
2026-06-15 00:00:00,beam-3b,Beam 3B,117.6319,10.17
2026-06-15 00:00:00,pier-cap-1,Pier Cap 1,94.593,10.17
2026-06-15 00:00:00,pier-cap-2,Pier Cap 2,94.9288,10.17
2026-06-15 01:00:00,beam-1a,Beam 1A,118.1794,9.19
2026-06-15 01:00:00,beam-1b,Beam 1B,118.724,9.19
2026-06-15 01:00:00,beam-2a,Beam 2A,120.5236,9.19
2026-06-15 01:00:00,beam-2b,Beam 2B,120.3575,9.19
2026-06-15 01:00:00,beam-3a,Beam 3A,119.4171,9.19
2026-06-15 01:00:00,beam-3b,Beam 3B,117.2069,9.19
2026-06-15 01:00:00,pier-cap-1,Pier Cap 1,94.9911,9.19
2026-06-15 01:00:00,pier-cap-2,Pier Cap 2,95.1003,9.19
2026-06-15 02:00:00,beam-1a,Beam 1A,118.4689,9.07
2026-06-15 02:00:00,beam-1b,Beam 1B,118.4957,9.07
2026-06-15 02:00:00,beam-2a,Beam 2A,119.9794,9.07
2026-06-15 02:00:00,beam-2b,Beam 2B,119.8414,9.07
2026-06-15 02:00:00,beam-3a,Beam 3A,120.2841,9.07
2026-06-15 02:00:00,beam-3b,Beam 3B,118.6318,9.07
2026-06-15 02:00:00,pier-cap-1,Pier Cap 1,94.4243,9.07
2026-06-15 02:00:00,pier-cap-2,Pier Cap 2,94.7168,9.07
2026-06-15 03:00:00,beam-1a,Beam 1A,118.5702,9.05
2026-06-15 03:00:00,beam-1b,Beam 1B,119.1392,9.05
2026-06-15 03:00:00,beam-2a,Beam 2A,120.6146,9.05
2026-06-15 03:00:00,beam-2b,Beam 2B,120.9459,9.05
2026-06-15 03:00:00,beam-3a,Beam 3A,119.0802,9.05
2026-06-15 03:00:00,beam-3b,Beam 3B,117.9796,9.05
2026-06-15 03:00:00,pier-cap-1,Pier Cap 1,95.1785,9.05
2026-06-15 03:00:00,pier-cap-2,Pier Cap 2,94.4848,9.05
2026-06-15 04:00:00,beam-1a,Beam 1A,118.918,9.56
2026-06-15 04:00:00,beam-1b,Beam 1B,119.4907,9.56
2026-06-15 04:00:00,beam-2a,Beam 2A,120.0021,9.56
2026-06-15 04:00:00,beam-2b,Beam 2B,120.0293,9.56
2026-06-15 04:00:00,beam-3a,Beam 3A,118.6042,9.56
2026-06-15 04:00:00,beam-3b,Beam 3B,118.126,9.56
2026-06-15 04:00:00,pier-cap-1,Pier Cap 1,94.431,9.56
2026-06-15 04:00:00,pier-cap-2,Pier Cap 2,95.5117,9.56
2026-06-15 05:00:00,beam-1a,Beam 1A,119.667,10.18
2026-06-15 05:00:00,beam-1b,Beam 1B,120.0305,10.18
2026-06-15 05:00:00,beam-2a,Beam 2A,120.5508,10.18
2026-06-15 05:00:00,beam-2b,Beam 2B,120.9089,10.18
2026-06-15 05:00:00,beam-3a,Beam 3A,118.7089,10.18
2026-06-15 05:00:00,beam-3b,Beam 3B,118.0115,10.18
2026-06-15 05:00:00,pier-cap-1,Pier Cap 1,94.3728,10.18
2026-06-15 05:00:00,pier-cap-2,Pier Cap 2,95.2958,10.18
2026-06-15 06:00:00,beam-1a,Beam 1A,119.7026,10.94
2026-06-15 06:00:00,beam-1b,Beam 1B,119.9643,10.94
2026-06-15 06:00:00,beam-2a,Beam 2A,120.7101,10.94
2026-06-15 06:00:00,beam-2b,Beam 2B,120.6116,10.94
2026-06-15 06:00:00,beam-3a,Beam 3A,119.738,10.94
2026-06-15 06:00:00,beam-3b,Beam 3B,118.3925,10.94
2026-06-15 06:00:00,pier-cap-1,Pier Cap 1,94.7418,10.94
2026-06-15 06:00:00,pier-cap-2,Pier Cap 2,95.1916,10.94
2026-06-15 07:00:00,beam-1a,Beam 1A,120.3737,12.96
2026-06-15 07:00:00,beam-1b,Beam 1B,120.7048,12.96
2026-06-15 07:00:00,beam-2a,Beam 2A,122.0223,12.96
2026-06-15 07:00:00,beam-2b,Beam 2B,120.7817,12.96
2026-06-15 07:00:00,beam-3a,Beam 3A,120.5726,12.96
2026-06-15 07:00:00,beam-3b,Beam 3B,118.0816,12.96
2026-06-15 07:00:00,pier-cap-1,Pier Cap 1,95.0187,12.96
2026-06-15 07:00:00,pier-cap-2,Pier Cap 2,95.437,12.96
2026-06-15 08:00:00,beam-1a,Beam 1A,120.3177,14.65
2026-06-15 08:00:00,beam-1b,Beam 1B,120.7222,14.65
2026-06-15 08:00:00,beam-2a,Beam 2A,121.6819,14.65
2026-06-15 08:00:00,beam-2b,Beam 2B,121.7873,14.65
2026-06-15 08:00:00,beam-3a,Beam 3A,120.849,14.65
2026-06-15 08:00:00,beam-3b,Beam 3B,118.6389,14.65
2026-06-15 08:00:00,pier-cap-1,Pier Cap 1,95.105,14.65
2026-06-15 08:00:00,pier-cap-2,Pier Cap 2,96.2868,14.65
2026-06-15 09:00:00,beam-1a,Beam 1A,121.0195,16.12
2026-06-15 09:00:00,beam-1b,Beam 1B,121.0974,16.12
2026-06-15 09:00:00,beam-2a,Beam 2A,121.4872,16.12
2026-06-15 09:00:00,beam-2b,Beam 2B,121.8541,16.12
2026-06-15 09:00:00,beam-3a,Beam 3A,120.632,16.12
2026-06-15 09:00:00,beam-3b,Beam 3B,119.25,16.12
2026-06-15 09:00:00,pier-cap-1,Pier Cap 1,96.3489,16.12
2026-06-15 09:00:00,pier-cap-2,Pier Cap 2,96.2457,16.12
2026-06-15 10:00:00,beam-1a,Beam 1A,121.8684,18.25
2026-06-15 10:00:00,beam-1b,Beam 1B,121.9162,18.25
2026-06-15 10:00:00,beam-2a,Beam 2A,122.423,18.25
2026-06-15 10:00:00,beam-2b,Beam 2B,122.7486,18.25
2026-06-15 10:00:00,beam-3a,Beam 3A,119.5386,18.25
2026-06-15 10:00:00,beam-3b,Beam 3B,118.8217,18.25
2026-06-15 10:00:00,pier-cap-1,Pier Cap 1,95.9823,18.25
2026-06-15 10:00:00,pier-cap-2,Pier Cap 2,96.7308,18.25
2026-06-15 11:00:00,beam-1a,Beam 1A,122.1868,19.66
2026-06-15 11:00:00,beam-1b,Beam 1B,121.9345,19.66
2026-06-15 11:00:00,beam-2a,Beam 2A,123.2867,19.66
2026-06-15 11:00:00,beam-2b,Beam 2B,122.1897,19.66
2026-06-15 11:00:00,beam-3a,Beam 3A,119.8209,19.66
2026-06-15 11:00:00,beam-3b,Beam 3B,119.779,19.66
2026-06-15 11:00:00,pier-cap-1,Pier Cap 1,96.2379,19.66
2026-06-15 11:00:00,pier-cap-2,Pier Cap 2,96.4235,19.66
2026-06-15 12:00:00,beam-1a,Beam 1A,121.8936,20.77
2026-06-15 12:00:00,beam-1b,Beam 1B,122.3364,20.77
2026-06-15 12:00:00,beam-2a,Beam 2A,122.0028,20.77
2026-06-15 12:00:00,beam-2b,Beam 2B,122.618,20.77
2026-06-15 12:00:00,beam-3a,Beam 3A,121.2353,20.77
2026-06-15 12:00:00,beam-3b,Beam 3B,119.9695,20.77
2026-06-15 12:00:00,pier-cap-1,Pier Cap 1,96.1274,20.77
2026-06-15 12:00:00,pier-cap-2,Pier Cap 2,96.7812,20.77
2026-06-15 13:00:00,beam-1a,Beam 1A,122.4301,22.39
2026-06-15 13:00:00,beam-1b,Beam 1B,122.1008,22.39
2026-06-15 13:00:00,beam-2a,Beam 2A,122.6409,22.39
2026-06-15 13:00:00,beam-2b,Beam 2B,122.2901,22.39
2026-06-15 13:00:00,beam-3a,Beam 3A,122.1043,22.39
2026-06-15 13:00:00,beam-3b,Beam 3B,120.2981,22.39
2026-06-15 13:00:00,pier-cap-1,Pier Cap 1,96.3351,22.39
2026-06-15 13:00:00,pier-cap-2,Pier Cap 2,97.1291,22.39
2026-06-15 14:00:00,beam-1a,Beam 1A,123.1575,22.85
2026-06-15 14:00:00,beam-1b,Beam 1B,122.1818,22.85
2026-06-15 14:00:00,beam-2a,Beam 2A,122.976,22.85
2026-06-15 14:00:00,beam-2b,Beam 2B,122.4653,22.85
2026-06-15 14:00:00,beam-3a,Beam 3A,122.4663,22.85
2026-06-15 14:00:00,beam-3b,Beam 3B,120.2994,22.85
2026-06-15 14:00:00,pier-cap-1,Pier Cap 1,96.8858,22.85
2026-06-15 14:00:00,pier-cap-2,Pier Cap 2,96.9131,22.85
2026-06-15 15:00:00,beam-1a,Beam 1A,122.2883,23.05
2026-06-15 15:00:00,beam-1b,Beam 1B,122.6231,23.05
2026-06-15 15:00:00,beam-2a,Beam 2A,122.9429,23.05
2026-06-15 15:00:00,beam-2b,Beam 2B,124.0983,23.05
2026-06-15 15:00:00,beam-3a,Beam 3A,121.705,23.05
2026-06-15 15:00:00,beam-3b,Beam 3B,120.1807,23.05
2026-06-15 15:00:00,pier-cap-1,Pier Cap 1,96.1046,23.05
2026-06-15 15:00:00,pier-cap-2,Pier Cap 2,97.0787,23.05
2026-06-15 16:00:00,beam-1a,Beam 1A,121.9103,23.4
2026-06-15 16:00:00,beam-1b,Beam 1B,122.5732,23.4
2026-06-15 16:00:00,beam-2a,Beam 2A,123.0467,23.4
2026-06-15 16:00:00,beam-2b,Beam 2B,124.2834,23.4
2026-06-15 16:00:00,beam-3a,Beam 3A,121.365,23.4
2026-06-15 16:00:00,beam-3b,Beam 3B,119.9581,23.4
2026-06-15 16:00:00,pier-cap-1,Pier Cap 1,96.317,23.4
2026-06-15 16:00:00,pier-cap-2,Pier Cap 2,96.9848,23.4
2026-06-15 17:00:00,beam-1a,Beam 1A,121.5163,21.13
2026-06-15 17:00:00,beam-1b,Beam 1B,121.3459,21.13
2026-06-15 17:00:00,beam-2a,Beam 2A,122.2043,21.13
2026-06-15 17:00:00,beam-2b,Beam 2B,123.0343,21.13
2026-06-15 17:00:00,beam-3a,Beam 3A,120.2951,21.13
2026-06-15 17:00:00,beam-3b,Beam 3B,120.2154,21.13
2026-06-15 17:00:00,pier-cap-1,Pier Cap 1,96.2453,21.13
2026-06-15 17:00:00,pier-cap-2,Pier Cap 2,96.9392,21.13
2026-06-15 18:00:00,beam-1a,Beam 1A,121.2745,20.43
2026-06-15 18:00:00,beam-1b,Beam 1B,121.5944,20.43
2026-06-15 18:00:00,beam-2a,Beam 2A,123.1478,20.43
2026-06-15 18:00:00,beam-2b,Beam 2B,122.5288,20.43
2026-06-15 18:00:00,beam-3a,Beam 3A,121.2006,20.43
2026-06-15 18:00:00,beam-3b,Beam 3B,119.9268,20.43
2026-06-15 18:00:00,pier-cap-1,Pier Cap 1,96.62,20.43
2026-06-15 18:00:00,pier-cap-2,Pier Cap 2,96.3182,20.43
2026-06-15 19:00:00,beam-1a,Beam 1A,120.7774,19.07
2026-06-15 19:00:00,beam-1b,Beam 1B,120.7651,19.07
2026-06-15 19:00:00,beam-2a,Beam 2A,121.7456,19.07
2026-06-15 19:00:00,beam-2b,Beam 2B,122.4684,19.07
2026-06-15 19:00:00,beam-3a,Beam 3A,121.0841,19.07
2026-06-15 19:00:00,beam-3b,Beam 3B,119.2926,19.07
2026-06-15 19:00:00,pier-cap-1,Pier Cap 1,95.8987,19.07
2026-06-15 19:00:00,pier-cap-2,Pier Cap 2,96.6826,19.07
2026-06-15 20:00:00,beam-1a,Beam 1A,120.3919,17.71
2026-06-15 20:00:00,beam-1b,Beam 1B,120.5337,17.71
2026-06-15 20:00:00,beam-2a,Beam 2A,121.9628,17.71
2026-06-15 20:00:00,beam-2b,Beam 2B,122.6664,17.71
2026-06-15 20:00:00,beam-3a,Beam 3A,121.4324,17.71
2026-06-15 20:00:00,beam-3b,Beam 3B,119.5377,17.71
2026-06-15 20:00:00,pier-cap-1,Pier Cap 1,95.932,17.71
2026-06-15 20:00:00,pier-cap-2,Pier Cap 2,96.4004,17.71
2026-06-15 21:00:00,beam-1a,Beam 1A,119.4283,15.95
2026-06-15 21:00:00,beam-1b,Beam 1B,120.5582,15.95
2026-06-15 21:00:00,beam-2a,Beam 2A,122.1076,15.95
2026-06-15 21:00:00,beam-2b,Beam 2B,121.7585,15.95
2026-06-15 21:00:00,beam-3a,Beam 3A,119.6987,15.95
2026-06-15 21:00:00,beam-3b,Beam 3B,119.0766,15.95
2026-06-15 21:00:00,pier-cap-1,Pier Cap 1,95.5503,15.95
2026-06-15 21:00:00,pier-cap-2,Pier Cap 2,95.981,15.95
2026-06-15 22:00:00,beam-1a,Beam 1A,119.084,13.63
2026-06-15 22:00:00,beam-1b,Beam 1B,119.836,13.63
2026-06-15 22:00:00,beam-2a,Beam 2A,121.2146,13.63
2026-06-15 22:00:00,beam-2b,Beam 2B,121.5977,13.63
2026-06-15 22:00:00,beam-3a,Beam 3A,119.4327,13.63
2026-06-15 22:00:00,beam-3b,Beam 3B,118.579,13.63
2026-06-15 22:00:00,pier-cap-1,Pier Cap 1,95.5839,13.63
2026-06-15 22:00:00,pier-cap-2,Pier Cap 2,95.8299,13.63
2026-06-15 23:00:00,beam-1a,Beam 1A,119.0069,12.15
2026-06-15 23:00:00,beam-1b,Beam 1B,119.474,12.15
2026-06-15 23:00:00,beam-2a,Beam 2A,120.5391,12.15
2026-06-15 23:00:00,beam-2b,Beam 2B,121.2026,12.15
2026-06-15 23:00:00,beam-3a,Beam 3A,118.5164,12.15
2026-06-15 23:00:00,beam-3b,Beam 3B,117.7044,12.15
2026-06-15 23:00:00,pier-cap-1,Pier Cap 1,94.4977,12.15
2026-06-15 23:00:00,pier-cap-2,Pier Cap 2,95.3636,12.15
2026-06-16 00:00:00,beam-1a,Beam 1A,118.7926,11.28
2026-06-16 00:00:00,beam-1b,Beam 1B,119.6585,11.28
2026-06-16 00:00:00,beam-2a,Beam 2A,120.2159,11.28
2026-06-16 00:00:00,beam-2b,Beam 2B,120.8056,11.28
2026-06-16 00:00:00,beam-3a,Beam 3A,119.3384,11.28
2026-06-16 00:00:00,beam-3b,Beam 3B,118.5316,11.28
2026-06-16 00:00:00,pier-cap-1,Pier Cap 1,95.0623,11.28
2026-06-16 00:00:00,pier-cap-2,Pier Cap 2,95.1405,11.28
2026-06-16 01:00:00,beam-1a,Beam 1A,118.7034,11.49
2026-06-16 01:00:00,beam-1b,Beam 1B,118.799,11.49
2026-06-16 01:00:00,beam-2a,Beam 2A,120.7064,11.49
2026-06-16 01:00:00,beam-2b,Beam 2B,120.8666,11.49
2026-06-16 01:00:00,beam-3a,Beam 3A,120.4363,11.49
2026-06-16 01:00:00,beam-3b,Beam 3B,117.9019,11.49
2026-06-16 01:00:00,pier-cap-1,Pier Cap 1,94.8141,11.49
2026-06-16 01:00:00,pier-cap-2,Pier Cap 2,95.5369,11.49
2026-06-16 02:00:00,beam-1a,Beam 1A,118.7446,10.53
2026-06-16 02:00:00,beam-1b,Beam 1B,118.609,10.53
2026-06-16 02:00:00,beam-2a,Beam 2A,120.3033,10.53
2026-06-16 02:00:00,beam-2b,Beam 2B,121.003,10.53
2026-06-16 02:00:00,beam-3a,Beam 3A,120.0217,10.53
2026-06-16 02:00:00,beam-3b,Beam 3B,118.1729,10.53
2026-06-16 02:00:00,pier-cap-1,Pier Cap 1,95.007,10.53
2026-06-16 02:00:00,pier-cap-2,Pier Cap 2,95.4057,10.53
2026-06-16 03:00:00,beam-1a,Beam 1A,118.7002,9.41
2026-06-16 03:00:00,beam-1b,Beam 1B,118.5773,9.41
2026-06-16 03:00:00,beam-2a,Beam 2A,120.4634,9.41
2026-06-16 03:00:00,beam-2b,Beam 2B,120.271,9.41
2026-06-16 03:00:00,beam-3a,Beam 3A,118.545,9.41
2026-06-16 03:00:00,beam-3b,Beam 3B,117.6543,9.41
2026-06-16 03:00:00,pier-cap-1,Pier Cap 1,94.3152,9.41
2026-06-16 03:00:00,pier-cap-2,Pier Cap 2,94.9088,9.41
2026-06-16 04:00:00,beam-1a,Beam 1A,119.1359,9.66
2026-06-16 04:00:00,beam-1b,Beam 1B,118.8906,9.66
2026-06-16 04:00:00,beam-2a,Beam 2A,119.8723,9.66
2026-06-16 04:00:00,beam-2b,Beam 2B,120.8949,9.66
2026-06-16 04:00:00,beam-3a,Beam 3A,118.3262,9.66
2026-06-16 04:00:00,beam-3b,Beam 3B,117.8501,9.66
2026-06-16 04:00:00,pier-cap-1,Pier Cap 1,94.6069,9.66
2026-06-16 04:00:00,pier-cap-2,Pier Cap 2,94.9217,9.66
2026-06-16 05:00:00,beam-1a,Beam 1A,119.0298,10.05
2026-06-16 05:00:00,beam-1b,Beam 1B,118.3992,10.05
2026-06-16 05:00:00,beam-2a,Beam 2A,120.8351,10.05
2026-06-16 05:00:00,beam-2b,Beam 2B,120.6035,10.05
2026-06-16 05:00:00,beam-3a,Beam 3A,118.11,10.05
2026-06-16 05:00:00,beam-3b,Beam 3B,118.4627,10.05
2026-06-16 05:00:00,pier-cap-1,Pier Cap 1,94.6266,10.05
2026-06-16 05:00:00,pier-cap-2,Pier Cap 2,95.1025,10.05
2026-06-16 06:00:00,beam-1a,Beam 1A,119.5014,10.86
2026-06-16 06:00:00,beam-1b,Beam 1B,119.4516,10.86
2026-06-16 06:00:00,beam-2a,Beam 2A,120.7178,10.86
2026-06-16 06:00:00,beam-2b,Beam 2B,121.0057,10.86
2026-06-16 06:00:00,beam-3a,Beam 3A,118.8074,10.86
2026-06-16 06:00:00,beam-3b,Beam 3B,118.3991,10.86
2026-06-16 06:00:00,pier-cap-1,Pier Cap 1,94.478,10.86
2026-06-16 06:00:00,pier-cap-2,Pier Cap 2,95.1131,10.86
2026-06-16 07:00:00,beam-1a,Beam 1A,119.715,13.02
2026-06-16 07:00:00,beam-1b,Beam 1B,119.8802,13.02
2026-06-16 07:00:00,beam-2a,Beam 2A,121.1808,13.02
2026-06-16 07:00:00,beam-2b,Beam 2B,121.9425,13.02
2026-06-16 07:00:00,beam-3a,Beam 3A,120.4655,13.02
2026-06-16 07:00:00,beam-3b,Beam 3B,119.0201,13.02
2026-06-16 07:00:00,pier-cap-1,Pier Cap 1,94.7195,13.02
2026-06-16 07:00:00,pier-cap-2,Pier Cap 2,96.0612,13.02
2026-06-16 08:00:00,beam-1a,Beam 1A,120.4539,14.36
2026-06-16 08:00:00,beam-1b,Beam 1B,120.698,14.36
2026-06-16 08:00:00,beam-2a,Beam 2A,121.9485,14.36
2026-06-16 08:00:00,beam-2b,Beam 2B,121.5897,14.36
2026-06-16 08:00:00,beam-3a,Beam 3A,120.876,14.36
2026-06-16 08:00:00,beam-3b,Beam 3B,118.9941,14.36
2026-06-16 08:00:00,pier-cap-1,Pier Cap 1,95.1299,14.36
2026-06-16 08:00:00,pier-cap-2,Pier Cap 2,95.899,14.36
2026-06-16 09:00:00,beam-1a,Beam 1A,120.8831,16.54
2026-06-16 09:00:00,beam-1b,Beam 1B,121.0486,16.54
2026-06-16 09:00:00,beam-2a,Beam 2A,121.6323,16.54
2026-06-16 09:00:00,beam-2b,Beam 2B,122.4611,16.54
2026-06-16 09:00:00,beam-3a,Beam 3A,120.6375,16.54
2026-06-16 09:00:00,beam-3b,Beam 3B,119.4307,16.54
2026-06-16 09:00:00,pier-cap-1,Pier Cap 1,95.6696,16.54
2026-06-16 09:00:00,pier-cap-2,Pier Cap 2,96.135,16.54
2026-06-16 10:00:00,beam-1a,Beam 1A,121.3554,17.74
2026-06-16 10:00:00,beam-1b,Beam 1B,121.0196,17.74
2026-06-16 10:00:00,beam-2a,Beam 2A,121.7582,17.74
2026-06-16 10:00:00,beam-2b,Beam 2B,121.6184,17.74
2026-06-16 10:00:00,beam-3a,Beam 3A,120.3123,17.74
2026-06-16 10:00:00,beam-3b,Beam 3B,118.8977,17.74
2026-06-16 10:00:00,pier-cap-1,Pier Cap 1,95.5843,17.74
2026-06-16 10:00:00,pier-cap-2,Pier Cap 2,96.0316,17.74
2026-06-16 11:00:00,beam-1a,Beam 1A,121.7263,19.77
2026-06-16 11:00:00,beam-1b,Beam 1B,121.8643,19.77
2026-06-16 11:00:00,beam-2a,Beam 2A,122.2342,19.77
2026-06-16 11:00:00,beam-2b,Beam 2B,122.5526,19.77
2026-06-16 11:00:00,beam-3a,Beam 3A,120.4825,19.77
2026-06-16 11:00:00,beam-3b,Beam 3B,119.7945,19.77
2026-06-16 11:00:00,pier-cap-1,Pier Cap 1,96.0159,19.77
2026-06-16 11:00:00,pier-cap-2,Pier Cap 2,96.8366,19.77
2026-06-16 12:00:00,beam-1a,Beam 1A,121.9885,21.58
2026-06-16 12:00:00,beam-1b,Beam 1B,122.2206,21.58
2026-06-16 12:00:00,beam-2a,Beam 2A,122.739,21.58
2026-06-16 12:00:00,beam-2b,Beam 2B,123.1155,21.58
2026-06-16 12:00:00,beam-3a,Beam 3A,121.3496,21.58
2026-06-16 12:00:00,beam-3b,Beam 3B,120.1715,21.58
2026-06-16 12:00:00,pier-cap-1,Pier Cap 1,95.8213,21.58
2026-06-16 12:00:00,pier-cap-2,Pier Cap 2,96.7036,21.58
2026-06-16 13:00:00,beam-1a,Beam 1A,121.9442,22.78
2026-06-16 13:00:00,beam-1b,Beam 1B,121.8984,22.78
2026-06-16 13:00:00,beam-2a,Beam 2A,123.0196,22.78
2026-06-16 13:00:00,beam-2b,Beam 2B,124.1145,22.78
2026-06-16 13:00:00,beam-3a,Beam 3A,121.9124,22.78
2026-06-16 13:00:00,beam-3b,Beam 3B,120.9064,22.78
2026-06-16 13:00:00,pier-cap-1,Pier Cap 1,96.4558,22.78
2026-06-16 13:00:00,pier-cap-2,Pier Cap 2,96.8711,22.78
2026-06-16 14:00:00,beam-1a,Beam 1A,122.0823,23.5
2026-06-16 14:00:00,beam-1b,Beam 1B,122.0165,23.5
2026-06-16 14:00:00,beam-2a,Beam 2A,122.8676,23.5
2026-06-16 14:00:00,beam-2b,Beam 2B,122.706,23.5
2026-06-16 14:00:00,beam-3a,Beam 3A,122.2724,23.5
2026-06-16 14:00:00,beam-3b,Beam 3B,120.4377,23.5
2026-06-16 14:00:00,pier-cap-1,Pier Cap 1,96.982,23.5
2026-06-16 14:00:00,pier-cap-2,Pier Cap 2,97.4067,23.5
2026-06-16 15:00:00,beam-1a,Beam 1A,122.1353,23.04
2026-06-16 15:00:00,beam-1b,Beam 1B,121.1805,23.04
2026-06-16 15:00:00,beam-2a,Beam 2A,122.2993,23.04
2026-06-16 15:00:00,beam-2b,Beam 2B,123.3609,23.04
2026-06-16 15:00:00,beam-3a,Beam 3A,121.2644,23.04
2026-06-16 15:00:00,beam-3b,Beam 3B,120.6209,23.04
2026-06-16 15:00:00,pier-cap-1,Pier Cap 1,96.818,23.04
2026-06-16 15:00:00,pier-cap-2,Pier Cap 2,97.2226,23.04
2026-06-16 16:00:00,beam-1a,Beam 1A,121.5101,23.67
2026-06-16 16:00:00,beam-1b,Beam 1B,121.5566,23.67
2026-06-16 16:00:00,beam-2a,Beam 2A,123.0105,23.67
2026-06-16 16:00:00,beam-2b,Beam 2B,124.1092,23.67
2026-06-16 16:00:00,beam-3a,Beam 3A,120.9375,23.67
2026-06-16 16:00:00,beam-3b,Beam 3B,120.7272,23.67
2026-06-16 16:00:00,pier-cap-1,Pier Cap 1,96.6751,23.67
2026-06-16 16:00:00,pier-cap-2,Pier Cap 2,96.4501,23.67
2026-06-16 17:00:00,beam-1a,Beam 1A,121.0872,22.31
2026-06-16 17:00:00,beam-1b,Beam 1B,121.251,22.31
2026-06-16 17:00:00,beam-2a,Beam 2A,123.1066,22.31
2026-06-16 17:00:00,beam-2b,Beam 2B,122.9411,22.31
2026-06-16 17:00:00,beam-3a,Beam 3A,121.0066,22.31
2026-06-16 17:00:00,beam-3b,Beam 3B,120.7947,22.31
2026-06-16 17:00:00,pier-cap-1,Pier Cap 1,96.5701,22.31
2026-06-16 17:00:00,pier-cap-2,Pier Cap 2,96.9496,22.31
2026-06-16 18:00:00,beam-1a,Beam 1A,121.0627,21.77
2026-06-16 18:00:00,beam-1b,Beam 1B,121.2326,21.77
2026-06-16 18:00:00,beam-2a,Beam 2A,122.9093,21.77
2026-06-16 18:00:00,beam-2b,Beam 2B,123.063,21.77
2026-06-16 18:00:00,beam-3a,Beam 3A,121.4483,21.77
2026-06-16 18:00:00,beam-3b,Beam 3B,120.2402,21.77
2026-06-16 18:00:00,pier-cap-1,Pier Cap 1,96.1676,21.77
2026-06-16 18:00:00,pier-cap-2,Pier Cap 2,96.9538,21.77
2026-06-16 19:00:00,beam-1a,Beam 1A,120.6373,20.07
2026-06-16 19:00:00,beam-1b,Beam 1B,120.3723,20.07
2026-06-16 19:00:00,beam-2a,Beam 2A,122.9932,20.07
2026-06-16 19:00:00,beam-2b,Beam 2B,122.9402,20.07
2026-06-16 19:00:00,beam-3a,Beam 3A,122.8553,20.07
2026-06-16 19:00:00,beam-3b,Beam 3B,120.2524,20.07
2026-06-16 19:00:00,pier-cap-1,Pier Cap 1,96.6474,20.07
2026-06-16 19:00:00,pier-cap-2,Pier Cap 2,96.5581,20.07
2026-06-16 20:00:00,beam-1a,Beam 1A,119.6468,17.83
2026-06-16 20:00:00,beam-1b,Beam 1B,119.9705,17.83
2026-06-16 20:00:00,beam-2a,Beam 2A,122.8486,17.83
2026-06-16 20:00:00,beam-2b,Beam 2B,122.4352,17.83
2026-06-16 20:00:00,beam-3a,Beam 3A,120.8887,17.83
2026-06-16 20:00:00,beam-3b,Beam 3B,118.9414,17.83
2026-06-16 20:00:00,pier-cap-1,Pier Cap 1,96.4452,17.83
2026-06-16 20:00:00,pier-cap-2,Pier Cap 2,96.373,17.83
2026-06-16 21:00:00,beam-1a,Beam 1A,119.5336,16.44
2026-06-16 21:00:00,beam-1b,Beam 1B,119.3496,16.44
2026-06-16 21:00:00,beam-2a,Beam 2A,122.0927,16.44
2026-06-16 21:00:00,beam-2b,Beam 2B,122.7109,16.44
2026-06-16 21:00:00,beam-3a,Beam 3A,120.4369,16.44
2026-06-16 21:00:00,beam-3b,Beam 3B,118.7096,16.44
2026-06-16 21:00:00,pier-cap-1,Pier Cap 1,95.6661,16.44
2026-06-16 21:00:00,pier-cap-2,Pier Cap 2,95.5738,16.44
2026-06-16 22:00:00,beam-1a,Beam 1A,119.1144,14.91
2026-06-16 22:00:00,beam-1b,Beam 1B,119.4297,14.91
2026-06-16 22:00:00,beam-2a,Beam 2A,122.0341,14.91
2026-06-16 22:00:00,beam-2b,Beam 2B,121.957,14.91
2026-06-16 22:00:00,beam-3a,Beam 3A,119.0738,14.91
2026-06-16 22:00:00,beam-3b,Beam 3B,118.1829,14.91
2026-06-16 22:00:00,pier-cap-1,Pier Cap 1,96.163,14.91
2026-06-16 22:00:00,pier-cap-2,Pier Cap 2,95.0365,14.91
2026-06-16 23:00:00,beam-1a,Beam 1A,118.0089,13.32
2026-06-16 23:00:00,beam-1b,Beam 1B,119.1595,13.32
2026-06-16 23:00:00,beam-2a,Beam 2A,121.47,13.32
2026-06-16 23:00:00,beam-2b,Beam 2B,121.9917,13.32
2026-06-16 23:00:00,beam-3a,Beam 3A,119.1352,13.32
2026-06-16 23:00:00,beam-3b,Beam 3B,118.9552,13.32
2026-06-16 23:00:00,pier-cap-1,Pier Cap 1,94.9434,13.32
2026-06-16 23:00:00,pier-cap-2,Pier Cap 2,95.3548,13.32
2026-06-17 00:00:00,beam-1a,Beam 1A,118.3891,11.7
2026-06-17 00:00:00,beam-1b,Beam 1B,118.8368,11.7
2026-06-17 00:00:00,beam-2a,Beam 2A,121.5238,11.7
2026-06-17 00:00:00,beam-2b,Beam 2B,120.9939,11.7
2026-06-17 00:00:00,beam-3a,Beam 3A,119.4613,11.7
2026-06-17 00:00:00,beam-3b,Beam 3B,118.6086,11.7
2026-06-17 00:00:00,pier-cap-1,Pier Cap 1,94.5295,11.7
2026-06-17 00:00:00,pier-cap-2,Pier Cap 2,95.4895,11.7
2026-06-17 01:00:00,beam-1a,Beam 1A,118.3304,11.26
2026-06-17 01:00:00,beam-1b,Beam 1B,118.6235,11.26
2026-06-17 01:00:00,beam-2a,Beam 2A,121.4915,11.26
2026-06-17 01:00:00,beam-2b,Beam 2B,120.7538,11.26
2026-06-17 01:00:00,beam-3a,Beam 3A,120.4143,11.26
2026-06-17 01:00:00,beam-3b,Beam 3B,118.6025,11.26
2026-06-17 01:00:00,pier-cap-1,Pier Cap 1,94.6255,11.26
2026-06-17 01:00:00,pier-cap-2,Pier Cap 2,94.3709,11.26
2026-06-17 02:00:00,beam-1a,Beam 1A,118.2293,10.35
2026-06-17 02:00:00,beam-1b,Beam 1B,117.9835,10.35
2026-06-17 02:00:00,beam-2a,Beam 2A,120.9498,10.35
2026-06-17 02:00:00,beam-2b,Beam 2B,120.7787,10.35
2026-06-17 02:00:00,beam-3a,Beam 3A,119.7902,10.35
2026-06-17 02:00:00,beam-3b,Beam 3B,117.8788,10.35
2026-06-17 02:00:00,pier-cap-1,Pier Cap 1,94.6362,10.35
2026-06-17 02:00:00,pier-cap-2,Pier Cap 2,94.949,10.35
2026-06-17 03:00:00,beam-1a,Beam 1A,118.7521,9.6
2026-06-17 03:00:00,beam-1b,Beam 1B,118.2808,9.6
2026-06-17 03:00:00,beam-2a,Beam 2A,120.7031,9.6
2026-06-17 03:00:00,beam-2b,Beam 2B,120.2573,9.6
2026-06-17 03:00:00,beam-3a,Beam 3A,119.1213,9.6
2026-06-17 03:00:00,beam-3b,Beam 3B,117.7773,9.6
2026-06-17 03:00:00,pier-cap-1,Pier Cap 1,95.284,9.6
2026-06-17 03:00:00,pier-cap-2,Pier Cap 2,94.5136,9.6
2026-06-17 04:00:00,beam-1a,Beam 1A,118.1064,10.24
2026-06-17 04:00:00,beam-1b,Beam 1B,118.6343,10.24
2026-06-17 04:00:00,beam-2a,Beam 2A,120.4667,10.24
2026-06-17 04:00:00,beam-2b,Beam 2B,121.0433,10.24
2026-06-17 04:00:00,beam-3a,Beam 3A,118.5406,10.24
2026-06-17 04:00:00,beam-3b,Beam 3B,118.054,10.24
2026-06-17 04:00:00,pier-cap-1,Pier Cap 1,94.6022,10.24
2026-06-17 04:00:00,pier-cap-2,Pier Cap 2,95.1138,10.24
2026-06-17 05:00:00,beam-1a,Beam 1A,118.6376,11.42
2026-06-17 05:00:00,beam-1b,Beam 1B,119.0338,11.42
2026-06-17 05:00:00,beam-2a,Beam 2A,120.7668,11.42
2026-06-17 05:00:00,beam-2b,Beam 2B,120.9309,11.42
2026-06-17 05:00:00,beam-3a,Beam 3A,118.4245,11.42
2026-06-17 05:00:00,beam-3b,Beam 3B,118.8244,11.42
2026-06-17 05:00:00,pier-cap-1,Pier Cap 1,94.6046,11.42
2026-06-17 05:00:00,pier-cap-2,Pier Cap 2,95.9499,11.42
2026-06-17 06:00:00,beam-1a,Beam 1A,118.3767,12.54
2026-06-17 06:00:00,beam-1b,Beam 1B,119.5697,12.54
2026-06-17 06:00:00,beam-2a,Beam 2A,120.8728,12.54
2026-06-17 06:00:00,beam-2b,Beam 2B,121.0419,12.54
2026-06-17 06:00:00,beam-3a,Beam 3A,119.5218,12.54
2026-06-17 06:00:00,beam-3b,Beam 3B,119.1254,12.54
2026-06-17 06:00:00,pier-cap-1,Pier Cap 1,94.7614,12.54
2026-06-17 06:00:00,pier-cap-2,Pier Cap 2,95.4658,12.54
2026-06-17 07:00:00,beam-1a,Beam 1A,119.3166,12.71
2026-06-17 07:00:00,beam-1b,Beam 1B,120.2401,12.71
2026-06-17 07:00:00,beam-2a,Beam 2A,121.2913,12.71
2026-06-17 07:00:00,beam-2b,Beam 2B,121.5457,12.71
2026-06-17 07:00:00,beam-3a,Beam 3A,120.2721,12.71
2026-06-17 07:00:00,beam-3b,Beam 3B,118.8435,12.71
2026-06-17 07:00:00,pier-cap-1,Pier Cap 1,95.3991,12.71
2026-06-17 07:00:00,pier-cap-2,Pier Cap 2,95.5249,12.71
2026-06-17 08:00:00,beam-1a,Beam 1A,119.8378,14.52
2026-06-17 08:00:00,beam-1b,Beam 1B,120.5205,14.52
2026-06-17 08:00:00,beam-2a,Beam 2A,121.1164,14.52
2026-06-17 08:00:00,beam-2b,Beam 2B,121.2512,14.52
2026-06-17 08:00:00,beam-3a,Beam 3A,120.777,14.52
2026-06-17 08:00:00,beam-3b,Beam 3B,119.0252,14.52
2026-06-17 08:00:00,pier-cap-1,Pier Cap 1,95.6276,14.52
2026-06-17 08:00:00,pier-cap-2,Pier Cap 2,96.0802,14.52
2026-06-17 09:00:00,beam-1a,Beam 1A,120.4126,17.3
2026-06-17 09:00:00,beam-1b,Beam 1B,120.5092,17.3
2026-06-17 09:00:00,beam-2a,Beam 2A,121.8834,17.3
2026-06-17 09:00:00,beam-2b,Beam 2B,122.5729,17.3
2026-06-17 09:00:00,beam-3a,Beam 3A,120.8537,17.3
2026-06-17 09:00:00,beam-3b,Beam 3B,119.9042,17.3
2026-06-17 09:00:00,pier-cap-1,Pier Cap 1,95.5992,17.3
2026-06-17 09:00:00,pier-cap-2,Pier Cap 2,96.2513,17.3
2026-06-17 10:00:00,beam-1a,Beam 1A,121.2252,18.09
2026-06-17 10:00:00,beam-1b,Beam 1B,121.3424,18.09
2026-06-17 10:00:00,beam-2a,Beam 2A,121.1767,18.09
2026-06-17 10:00:00,beam-2b,Beam 2B,122.233,18.09
2026-06-17 10:00:00,beam-3a,Beam 3A,120.1055,18.09
2026-06-17 10:00:00,beam-3b,Beam 3B,119.4983,18.09
2026-06-17 10:00:00,pier-cap-1,Pier Cap 1,95.3013,18.09
2026-06-17 10:00:00,pier-cap-2,Pier Cap 2,96.2996,18.09
2026-06-17 11:00:00,beam-1a,Beam 1A,121.4715,19.68
2026-06-17 11:00:00,beam-1b,Beam 1B,121.6656,19.68
2026-06-17 11:00:00,beam-2a,Beam 2A,123.1245,19.68
2026-06-17 11:00:00,beam-2b,Beam 2B,123.2052,19.68
2026-06-17 11:00:00,beam-3a,Beam 3A,120.4009,19.68
2026-06-17 11:00:00,beam-3b,Beam 3B,119.7517,19.68
2026-06-17 11:00:00,pier-cap-1,Pier Cap 1,95.7629,19.68
2026-06-17 11:00:00,pier-cap-2,Pier Cap 2,96.8794,19.68
2026-06-17 12:00:00,beam-1a,Beam 1A,121.5028,21.46
2026-06-17 12:00:00,beam-1b,Beam 1B,121.4684,21.46
2026-06-17 12:00:00,beam-2a,Beam 2A,122.7039,21.46
2026-06-17 12:00:00,beam-2b,Beam 2B,122.942,21.46
2026-06-17 12:00:00,beam-3a,Beam 3A,120.8502,21.46
2026-06-17 12:00:00,beam-3b,Beam 3B,120.1823,21.46
2026-06-17 12:00:00,pier-cap-1,Pier Cap 1,96.8855,21.46
2026-06-17 12:00:00,pier-cap-2,Pier Cap 2,97.0106,21.46
2026-06-17 13:00:00,beam-1a,Beam 1A,121.5487,22.94
2026-06-17 13:00:00,beam-1b,Beam 1B,122.2542,22.94
2026-06-17 13:00:00,beam-2a,Beam 2A,123.2693,22.94
2026-06-17 13:00:00,beam-2b,Beam 2B,123.6476,22.94
2026-06-17 13:00:00,beam-3a,Beam 3A,122.5469,22.94
2026-06-17 13:00:00,beam-3b,Beam 3B,120.1652,22.94
2026-06-17 13:00:00,pier-cap-1,Pier Cap 1,96.797,22.94
2026-06-17 13:00:00,pier-cap-2,Pier Cap 2,97.1769,22.94
2026-06-17 14:00:00,beam-1a,Beam 1A,122.0666,23.43
2026-06-17 14:00:00,beam-1b,Beam 1B,121.9338,23.43
2026-06-17 14:00:00,beam-2a,Beam 2A,123.7683,23.43
2026-06-17 14:00:00,beam-2b,Beam 2B,123.5654,23.43
2026-06-17 14:00:00,beam-3a,Beam 3A,122.2092,23.43
2026-06-17 14:00:00,beam-3b,Beam 3B,120.5396,23.43
2026-06-17 14:00:00,pier-cap-1,Pier Cap 1,96.6835,23.43
2026-06-17 14:00:00,pier-cap-2,Pier Cap 2,97.1222,23.43
2026-06-17 15:00:00,beam-1a,Beam 1A,121.5734,23.45
2026-06-17 15:00:00,beam-1b,Beam 1B,121.3731,23.45
2026-06-17 15:00:00,beam-2a,Beam 2A,123.3091,23.45
2026-06-17 15:00:00,beam-2b,Beam 2B,123.7957,23.45
2026-06-17 15:00:00,beam-3a,Beam 3A,122.0948,23.45
2026-06-17 15:00:00,beam-3b,Beam 3B,120.2135,23.45
2026-06-17 15:00:00,pier-cap-1,Pier Cap 1,97.2274,23.45
2026-06-17 15:00:00,pier-cap-2,Pier Cap 2,97.0629,23.45
2026-06-17 16:00:00,beam-1a,Beam 1A,121.1236,23.2
2026-06-17 16:00:00,beam-1b,Beam 1B,121.8593,23.2
2026-06-17 16:00:00,beam-2a,Beam 2A,123.7171,23.2
2026-06-17 16:00:00,beam-2b,Beam 2B,123.4932,23.2
2026-06-17 16:00:00,beam-3a,Beam 3A,121.6229,23.2
2026-06-17 16:00:00,beam-3b,Beam 3B,120.9162,23.2
2026-06-17 16:00:00,pier-cap-1,Pier Cap 1,97.2171,23.2
2026-06-17 16:00:00,pier-cap-2,Pier Cap 2,97.4047,23.2
2026-06-17 17:00:00,beam-1a,Beam 1A,120.4912,22.48
2026-06-17 17:00:00,beam-1b,Beam 1B,121.4615,22.48
2026-06-17 17:00:00,beam-2a,Beam 2A,122.4998,22.48
2026-06-17 17:00:00,beam-2b,Beam 2B,122.6417,22.48
2026-06-17 17:00:00,beam-3a,Beam 3A,120.9615,22.48
2026-06-17 17:00:00,beam-3b,Beam 3B,120.612,22.48
2026-06-17 17:00:00,pier-cap-1,Pier Cap 1,96.5116,22.48
2026-06-17 17:00:00,pier-cap-2,Pier Cap 2,96.9214,22.48
2026-06-17 18:00:00,beam-1a,Beam 1A,120.5427,21.3
2026-06-17 18:00:00,beam-1b,Beam 1B,120.915,21.3
2026-06-17 18:00:00,beam-2a,Beam 2A,123.7196,21.3
2026-06-17 18:00:00,beam-2b,Beam 2B,123.4754,21.3
2026-06-17 18:00:00,beam-3a,Beam 3A,121.0719,21.3
2026-06-17 18:00:00,beam-3b,Beam 3B,120.698,21.3
2026-06-17 18:00:00,pier-cap-1,Pier Cap 1,96.3402,21.3
2026-06-17 18:00:00,pier-cap-2,Pier Cap 2,97.2149,21.3
2026-06-17 19:00:00,beam-1a,Beam 1A,120.791,21.12
2026-06-17 19:00:00,beam-1b,Beam 1B,120.815,21.12
2026-06-17 19:00:00,beam-2a,Beam 2A,123.1584,21.12
2026-06-17 19:00:00,beam-2b,Beam 2B,123.0004,21.12
2026-06-17 19:00:00,beam-3a,Beam 3A,122.0169,21.12
2026-06-17 19:00:00,beam-3b,Beam 3B,119.5922,21.12
2026-06-17 19:00:00,pier-cap-1,Pier Cap 1,96.1431,21.12
2026-06-17 19:00:00,pier-cap-2,Pier Cap 2,96.5035,21.12
2026-06-17 20:00:00,beam-1a,Beam 1A,120.6866,18.64
2026-06-17 20:00:00,beam-1b,Beam 1B,119.9431,18.64
2026-06-17 20:00:00,beam-2a,Beam 2A,122.3109,18.64
2026-06-17 20:00:00,beam-2b,Beam 2B,122.8556,18.64
2026-06-17 20:00:00,beam-3a,Beam 3A,121.6749,18.64
2026-06-17 20:00:00,beam-3b,Beam 3B,120.3564,18.64
2026-06-17 20:00:00,pier-cap-1,Pier Cap 1,95.86,18.64
2026-06-17 20:00:00,pier-cap-2,Pier Cap 2,96.8755,18.64
2026-06-17 21:00:00,beam-1a,Beam 1A,119.4475,17.06
2026-06-17 21:00:00,beam-1b,Beam 1B,119.9482,17.06
2026-06-17 21:00:00,beam-2a,Beam 2A,122.482,17.06
2026-06-17 21:00:00,beam-2b,Beam 2B,122.5013,17.06
2026-06-17 21:00:00,beam-3a,Beam 3A,120.5172,17.06
2026-06-17 21:00:00,beam-3b,Beam 3B,118.841,17.06
2026-06-17 21:00:00,pier-cap-1,Pier Cap 1,95.2631,17.06
2026-06-17 21:00:00,pier-cap-2,Pier Cap 2,96.3506,17.06
2026-06-17 22:00:00,beam-1a,Beam 1A,118.6527,14.7
2026-06-17 22:00:00,beam-1b,Beam 1B,119.2179,14.7
2026-06-17 22:00:00,beam-2a,Beam 2A,120.9721,14.7
2026-06-17 22:00:00,beam-2b,Beam 2B,121.4442,14.7
2026-06-17 22:00:00,beam-3a,Beam 3A,119.3548,14.7
2026-06-17 22:00:00,beam-3b,Beam 3B,118.5232,14.7
2026-06-17 22:00:00,pier-cap-1,Pier Cap 1,94.9076,14.7
2026-06-17 22:00:00,pier-cap-2,Pier Cap 2,95.5641,14.7
2026-06-17 23:00:00,beam-1a,Beam 1A,118.1446,13.13
2026-06-17 23:00:00,beam-1b,Beam 1B,118.9339,13.13
2026-06-17 23:00:00,beam-2a,Beam 2A,121.0107,13.13
2026-06-17 23:00:00,beam-2b,Beam 2B,121.0748,13.13
2026-06-17 23:00:00,beam-3a,Beam 3A,119.4526,13.13
2026-06-17 23:00:00,beam-3b,Beam 3B,118.4276,13.13
2026-06-17 23:00:00,pier-cap-1,Pier Cap 1,94.6028,13.13
2026-06-17 23:00:00,pier-cap-2,Pier Cap 2,95.7723,13.13
2026-06-18 00:00:00,beam-1a,Beam 1A,118.5113,11.88
2026-06-18 00:00:00,beam-1b,Beam 1B,118.7631,11.88
2026-06-18 00:00:00,beam-2a,Beam 2A,121.4532,11.88
2026-06-18 00:00:00,beam-2b,Beam 2B,121.4529,11.88
2026-06-18 00:00:00,beam-3a,Beam 3A,119.8209,11.88
2026-06-18 00:00:00,beam-3b,Beam 3B,118.8644,11.88
2026-06-18 00:00:00,pier-cap-1,Pier Cap 1,95.2569,11.88
2026-06-18 00:00:00,pier-cap-2,Pier Cap 2,95.2365,11.88
2026-06-18 01:00:00,beam-1a,Beam 1A,117.3822,9.99
2026-06-18 01:00:00,beam-1b,Beam 1B,117.9194,9.99
2026-06-18 01:00:00,beam-2a,Beam 2A,119.7511,9.99
2026-06-18 01:00:00,beam-2b,Beam 2B,120.6926,9.99
2026-06-18 01:00:00,beam-3a,Beam 3A,119.7973,9.99
2026-06-18 01:00:00,beam-3b,Beam 3B,118.127,9.99
2026-06-18 01:00:00,pier-cap-1,Pier Cap 1,94.18,9.99
2026-06-18 01:00:00,pier-cap-2,Pier Cap 2,95.1585,9.99
2026-06-18 02:00:00,beam-1a,Beam 1A,118.2427,9.8
2026-06-18 02:00:00,beam-1b,Beam 1B,118.0646,9.8
2026-06-18 02:00:00,beam-2a,Beam 2A,120.6842,9.8
2026-06-18 02:00:00,beam-2b,Beam 2B,121.1511,9.8
2026-06-18 02:00:00,beam-3a,Beam 3A,119.3052,9.8
2026-06-18 02:00:00,beam-3b,Beam 3B,117.9266,9.8
2026-06-18 02:00:00,pier-cap-1,Pier Cap 1,95.205,9.8
2026-06-18 02:00:00,pier-cap-2,Pier Cap 2,94.974,9.8
2026-06-18 03:00:00,beam-1a,Beam 1A,118.3629,9.39
2026-06-18 03:00:00,beam-1b,Beam 1B,117.6344,9.39
2026-06-18 03:00:00,beam-2a,Beam 2A,120.5905,9.39
2026-06-18 03:00:00,beam-2b,Beam 2B,120.6236,9.39
2026-06-18 03:00:00,beam-3a,Beam 3A,119.3373,9.39
2026-06-18 03:00:00,beam-3b,Beam 3B,117.6564,9.39
2026-06-18 03:00:00,pier-cap-1,Pier Cap 1,94.3391,9.39
2026-06-18 03:00:00,pier-cap-2,Pier Cap 2,95.0184,9.39
2026-06-18 04:00:00,beam-1a,Beam 1A,118.3891,9.45
2026-06-18 04:00:00,beam-1b,Beam 1B,118.7691,9.45
2026-06-18 04:00:00,beam-2a,Beam 2A,121.1779,9.45
2026-06-18 04:00:00,beam-2b,Beam 2B,121.1175,9.45
2026-06-18 04:00:00,beam-3a,Beam 3A,118.2917,9.45
2026-06-18 04:00:00,beam-3b,Beam 3B,117.4642,9.45
2026-06-18 04:00:00,pier-cap-1,Pier Cap 1,95.0889,9.45
2026-06-18 04:00:00,pier-cap-2,Pier Cap 2,95.3501,9.45
2026-06-18 05:00:00,beam-1a,Beam 1A,118.5445,10.57
2026-06-18 05:00:00,beam-1b,Beam 1B,118.5359,10.57
2026-06-18 05:00:00,beam-2a,Beam 2A,119.9813,10.57
2026-06-18 05:00:00,beam-2b,Beam 2B,121.1023,10.57
2026-06-18 05:00:00,beam-3a,Beam 3A,118.8491,10.57
2026-06-18 05:00:00,beam-3b,Beam 3B,118.5552,10.57
2026-06-18 05:00:00,pier-cap-1,Pier Cap 1,94.6263,10.57
2026-06-18 05:00:00,pier-cap-2,Pier Cap 2,95.3914,10.57
2026-06-18 06:00:00,beam-1a,Beam 1A,119.3652,12.69
2026-06-18 06:00:00,beam-1b,Beam 1B,119.5564,12.69
2026-06-18 06:00:00,beam-2a,Beam 2A,121.6824,12.69
2026-06-18 06:00:00,beam-2b,Beam 2B,121.4729,12.69
2026-06-18 06:00:00,beam-3a,Beam 3A,119.862,12.69
2026-06-18 06:00:00,beam-3b,Beam 3B,118.8412,12.69
2026-06-18 06:00:00,pier-cap-1,Pier Cap 1,94.5841,12.69
2026-06-18 06:00:00,pier-cap-2,Pier Cap 2,95.2163,12.69
2026-06-18 07:00:00,beam-1a,Beam 1A,119.5581,13.59
2026-06-18 07:00:00,beam-1b,Beam 1B,119.9744,13.59
2026-06-18 07:00:00,beam-2a,Beam 2A,120.9952,13.59
2026-06-18 07:00:00,beam-2b,Beam 2B,121.3891,13.59
2026-06-18 07:00:00,beam-3a,Beam 3A,119.9524,13.59
2026-06-18 07:00:00,beam-3b,Beam 3B,119.2064,13.59
2026-06-18 07:00:00,pier-cap-1,Pier Cap 1,95.5744,13.59
2026-06-18 07:00:00,pier-cap-2,Pier Cap 2,95.3688,13.59
2026-06-18 08:00:00,beam-1a,Beam 1A,119.7872,15.82
2026-06-18 08:00:00,beam-1b,Beam 1B,120.6204,15.82
2026-06-18 08:00:00,beam-2a,Beam 2A,121.4846,15.82
2026-06-18 08:00:00,beam-2b,Beam 2B,122.0768,15.82
2026-06-18 08:00:00,beam-3a,Beam 3A,121.0658,15.82
2026-06-18 08:00:00,beam-3b,Beam 3B,119.2941,15.82
2026-06-18 08:00:00,pier-cap-1,Pier Cap 1,95.9431,15.82
2026-06-18 08:00:00,pier-cap-2,Pier Cap 2,96.1038,15.82
2026-06-18 09:00:00,beam-1a,Beam 1A,121.084,17.28
2026-06-18 09:00:00,beam-1b,Beam 1B,120.3687,17.28
2026-06-18 09:00:00,beam-2a,Beam 2A,121.4666,17.28
2026-06-18 09:00:00,beam-2b,Beam 2B,122.7535,17.28
2026-06-18 09:00:00,beam-3a,Beam 3A,120.864,17.28
2026-06-18 09:00:00,beam-3b,Beam 3B,118.5079,17.28
2026-06-18 09:00:00,pier-cap-1,Pier Cap 1,95.4697,17.28
2026-06-18 09:00:00,pier-cap-2,Pier Cap 2,96.3445,17.28
2026-06-18 10:00:00,beam-1a,Beam 1A,120.7653,19.24
2026-06-18 10:00:00,beam-1b,Beam 1B,121.2231,19.24
2026-06-18 10:00:00,beam-2a,Beam 2A,121.9123,19.24
2026-06-18 10:00:00,beam-2b,Beam 2B,122.6474,19.24
2026-06-18 10:00:00,beam-3a,Beam 3A,120.6475,19.24
2026-06-18 10:00:00,beam-3b,Beam 3B,119.3695,19.24
2026-06-18 10:00:00,pier-cap-1,Pier Cap 1,95.9361,19.24
2026-06-18 10:00:00,pier-cap-2,Pier Cap 2,96.3333,19.24
2026-06-18 11:00:00,beam-1a,Beam 1A,121.4107,20.25
2026-06-18 11:00:00,beam-1b,Beam 1B,122.085,20.25
2026-06-18 11:00:00,beam-2a,Beam 2A,122.7119,20.25
2026-06-18 11:00:00,beam-2b,Beam 2B,123.0851,20.25
2026-06-18 11:00:00,beam-3a,Beam 3A,120.6593,20.25
2026-06-18 11:00:00,beam-3b,Beam 3B,120.1606,20.25
2026-06-18 11:00:00,pier-cap-1,Pier Cap 1,95.9161,20.25
2026-06-18 11:00:00,pier-cap-2,Pier Cap 2,97.1652,20.25
2026-06-18 12:00:00,beam-1a,Beam 1A,120.6679,22.27
2026-06-18 12:00:00,beam-1b,Beam 1B,122.4794,22.27
2026-06-18 12:00:00,beam-2a,Beam 2A,122.5095,22.27
2026-06-18 12:00:00,beam-2b,Beam 2B,123.2958,22.27
2026-06-18 12:00:00,beam-3a,Beam 3A,120.9447,22.27
2026-06-18 12:00:00,beam-3b,Beam 3B,120.2523,22.27
2026-06-18 12:00:00,pier-cap-1,Pier Cap 1,96.4546,22.27
2026-06-18 12:00:00,pier-cap-2,Pier Cap 2,97.2348,22.27
2026-06-18 13:00:00,beam-1a,Beam 1A,122.1434,23.47
2026-06-18 13:00:00,beam-1b,Beam 1B,122.4109,23.47
2026-06-18 13:00:00,beam-2a,Beam 2A,123.4894,23.47
2026-06-18 13:00:00,beam-2b,Beam 2B,123.5665,23.47
2026-06-18 13:00:00,beam-3a,Beam 3A,122.9462,23.47
2026-06-18 13:00:00,beam-3b,Beam 3B,120.413,23.47
2026-06-18 13:00:00,pier-cap-1,Pier Cap 1,96.7023,23.47
2026-06-18 13:00:00,pier-cap-2,Pier Cap 2,96.9823,23.47
2026-06-18 14:00:00,beam-1a,Beam 1A,122.1702,23.64
2026-06-18 14:00:00,beam-1b,Beam 1B,122.1468,23.64
2026-06-18 14:00:00,beam-2a,Beam 2A,122.9635,23.64
2026-06-18 14:00:00,beam-2b,Beam 2B,124.2421,23.64
2026-06-18 14:00:00,beam-3a,Beam 3A,122.6784,23.64
2026-06-18 14:00:00,beam-3b,Beam 3B,120.2561,23.64
2026-06-18 14:00:00,pier-cap-1,Pier Cap 1,96.5911,23.64
2026-06-18 14:00:00,pier-cap-2,Pier Cap 2,96.9798,23.64
2026-06-18 15:00:00,beam-1a,Beam 1A,121.667,24.34
2026-06-18 15:00:00,beam-1b,Beam 1B,121.6811,24.34
2026-06-18 15:00:00,beam-2a,Beam 2A,122.8821,24.34
2026-06-18 15:00:00,beam-2b,Beam 2B,124.1726,24.34
2026-06-18 15:00:00,beam-3a,Beam 3A,121.6115,24.34
2026-06-18 15:00:00,beam-3b,Beam 3B,121.1056,24.34
2026-06-18 15:00:00,pier-cap-1,Pier Cap 1,96.2548,24.34
2026-06-18 15:00:00,pier-cap-2,Pier Cap 2,97.2321,24.34
2026-06-18 16:00:00,beam-1a,Beam 1A,121.6812,24.1
2026-06-18 16:00:00,beam-1b,Beam 1B,122.1172,24.1
2026-06-18 16:00:00,beam-2a,Beam 2A,123.109,24.1
2026-06-18 16:00:00,beam-2b,Beam 2B,123.6771,24.1
2026-06-18 16:00:00,beam-3a,Beam 3A,121.0777,24.1
2026-06-18 16:00:00,beam-3b,Beam 3B,120.8888,24.1
2026-06-18 16:00:00,pier-cap-1,Pier Cap 1,96.5908,24.1
2026-06-18 16:00:00,pier-cap-2,Pier Cap 2,97.1655,24.1
2026-06-18 17:00:00,beam-1a,Beam 1A,121.3406,22.95
2026-06-18 17:00:00,beam-1b,Beam 1B,121.4735,22.95
2026-06-18 17:00:00,beam-2a,Beam 2A,123.2257,22.95
2026-06-18 17:00:00,beam-2b,Beam 2B,123.5026,22.95
2026-06-18 17:00:00,beam-3a,Beam 3A,121.2175,22.95
2026-06-18 17:00:00,beam-3b,Beam 3B,120.6869,22.95
2026-06-18 17:00:00,pier-cap-1,Pier Cap 1,96.8043,22.95
2026-06-18 17:00:00,pier-cap-2,Pier Cap 2,97.4701,22.95
2026-06-18 18:00:00,beam-1a,Beam 1A,120.4972,21.61
2026-06-18 18:00:00,beam-1b,Beam 1B,121.3059,21.61
2026-06-18 18:00:00,beam-2a,Beam 2A,122.7117,21.61
2026-06-18 18:00:00,beam-2b,Beam 2B,122.8683,21.61
2026-06-18 18:00:00,beam-3a,Beam 3A,121.7569,21.61
2026-06-18 18:00:00,beam-3b,Beam 3B,120.0348,21.61
2026-06-18 18:00:00,pier-cap-1,Pier Cap 1,96.3293,21.61
2026-06-18 18:00:00,pier-cap-2,Pier Cap 2,97.1873,21.61
2026-06-18 19:00:00,beam-1a,Beam 1A,120.4892,20.14
2026-06-18 19:00:00,beam-1b,Beam 1B,120.4675,20.14
2026-06-18 19:00:00,beam-2a,Beam 2A,122.5415,20.14
2026-06-18 19:00:00,beam-2b,Beam 2B,122.7856,20.14
2026-06-18 19:00:00,beam-3a,Beam 3A,121.7063,20.14
2026-06-18 19:00:00,beam-3b,Beam 3B,120.0381,20.14
2026-06-18 19:00:00,pier-cap-1,Pier Cap 1,96.0726,20.14
2026-06-18 19:00:00,pier-cap-2,Pier Cap 2,96.6814,20.14
2026-06-18 20:00:00,beam-1a,Beam 1A,119.6443,18.96
2026-06-18 20:00:00,beam-1b,Beam 1B,120.2618,18.96
2026-06-18 20:00:00,beam-2a,Beam 2A,122.5703,18.96
2026-06-18 20:00:00,beam-2b,Beam 2B,122.7431,18.96
2026-06-18 20:00:00,beam-3a,Beam 3A,121.9435,18.96
2026-06-18 20:00:00,beam-3b,Beam 3B,119.284,18.96
2026-06-18 20:00:00,pier-cap-1,Pier Cap 1,95.7146,18.96
2026-06-18 20:00:00,pier-cap-2,Pier Cap 2,96.6972,18.96
2026-06-18 21:00:00,beam-1a,Beam 1A,119.2863,17.24
2026-06-18 21:00:00,beam-1b,Beam 1B,119.9555,17.24
2026-06-18 21:00:00,beam-2a,Beam 2A,122.3816,17.24
2026-06-18 21:00:00,beam-2b,Beam 2B,122.617,17.24
2026-06-18 21:00:00,beam-3a,Beam 3A,120.065,17.24
2026-06-18 21:00:00,beam-3b,Beam 3B,119.3808,17.24
2026-06-18 21:00:00,pier-cap-1,Pier Cap 1,95.5535,17.24
2026-06-18 21:00:00,pier-cap-2,Pier Cap 2,96.4834,17.24
2026-06-18 22:00:00,beam-1a,Beam 1A,119.4281,14.98
2026-06-18 22:00:00,beam-1b,Beam 1B,119.5223,14.98
2026-06-18 22:00:00,beam-2a,Beam 2A,121.3727,14.98
2026-06-18 22:00:00,beam-2b,Beam 2B,122.1251,14.98
2026-06-18 22:00:00,beam-3a,Beam 3A,119.2613,14.98
2026-06-18 22:00:00,beam-3b,Beam 3B,118.1122,14.98
2026-06-18 22:00:00,pier-cap-1,Pier Cap 1,95.8203,14.98
2026-06-18 22:00:00,pier-cap-2,Pier Cap 2,95.9151,14.98
2026-06-18 23:00:00,beam-1a,Beam 1A,119.0929,13.62
2026-06-18 23:00:00,beam-1b,Beam 1B,119.3308,13.62
2026-06-18 23:00:00,beam-2a,Beam 2A,120.807,13.62
2026-06-18 23:00:00,beam-2b,Beam 2B,121.1102,13.62
2026-06-18 23:00:00,beam-3a,Beam 3A,118.6459,13.62
2026-06-18 23:00:00,beam-3b,Beam 3B,118.1896,13.62
2026-06-18 23:00:00,pier-cap-1,Pier Cap 1,94.8516,13.62
2026-06-18 23:00:00,pier-cap-2,Pier Cap 2,95.8143,13.62
2026-06-19 00:00:00,beam-1a,Beam 1A,118.2546,12.43
2026-06-19 00:00:00,beam-1b,Beam 1B,118.7091,12.43
2026-06-19 00:00:00,beam-2a,Beam 2A,121.0168,12.43
2026-06-19 00:00:00,beam-2b,Beam 2B,121.7069,12.43
2026-06-19 00:00:00,beam-3a,Beam 3A,119.4679,12.43
2026-06-19 00:00:00,beam-3b,Beam 3B,118.3992,12.43
2026-06-19 00:00:00,pier-cap-1,Pier Cap 1,95.231,12.43
2026-06-19 00:00:00,pier-cap-2,Pier Cap 2,95.693,12.43
2026-06-19 01:00:00,beam-1a,Beam 1A,118.1056,11.34
2026-06-19 01:00:00,beam-1b,Beam 1B,118.3059,11.34
2026-06-19 01:00:00,beam-2a,Beam 2A,120.9559,11.34
2026-06-19 01:00:00,beam-2b,Beam 2B,121.0625,11.34
2026-06-19 01:00:00,beam-3a,Beam 3A,120.7429,11.34
2026-06-19 01:00:00,beam-3b,Beam 3B,119.1356,11.34
2026-06-19 01:00:00,pier-cap-1,Pier Cap 1,94.8649,11.34
2026-06-19 01:00:00,pier-cap-2,Pier Cap 2,95.497,11.34
2026-06-19 02:00:00,beam-1a,Beam 1A,118.1963,11.01
2026-06-19 02:00:00,beam-1b,Beam 1B,119.4084,11.01
2026-06-19 02:00:00,beam-2a,Beam 2A,120.1182,11.01
2026-06-19 02:00:00,beam-2b,Beam 2B,120.6386,11.01
2026-06-19 02:00:00,beam-3a,Beam 3A,120.8751,11.01
2026-06-19 02:00:00,beam-3b,Beam 3B,117.6121,11.01
2026-06-19 02:00:00,pier-cap-1,Pier Cap 1,94.8753,11.01
2026-06-19 02:00:00,pier-cap-2,Pier Cap 2,95.0682,11.01
2026-06-19 03:00:00,beam-1a,Beam 1A,118.7457,10.66
2026-06-19 03:00:00,beam-1b,Beam 1B,119.7818,10.66
2026-06-19 03:00:00,beam-2a,Beam 2A,120.2765,10.66
2026-06-19 03:00:00,beam-2b,Beam 2B,121.4988,10.66
2026-06-19 03:00:00,beam-3a,Beam 3A,119.532,10.66
2026-06-19 03:00:00,beam-3b,Beam 3B,117.7409,10.66
2026-06-19 03:00:00,pier-cap-1,Pier Cap 1,94.5299,10.66
2026-06-19 03:00:00,pier-cap-2,Pier Cap 2,95.0463,10.66
2026-06-19 04:00:00,beam-1a,Beam 1A,118.2045,9.99
2026-06-19 04:00:00,beam-1b,Beam 1B,119.136,9.99
2026-06-19 04:00:00,beam-2a,Beam 2A,120.2106,9.99
2026-06-19 04:00:00,beam-2b,Beam 2B,121.4155,9.99
2026-06-19 04:00:00,beam-3a,Beam 3A,118.459,9.99
2026-06-19 04:00:00,beam-3b,Beam 3B,118.1242,9.99
2026-06-19 04:00:00,pier-cap-1,Pier Cap 1,94.5431,9.99
2026-06-19 04:00:00,pier-cap-2,Pier Cap 2,95.0621,9.99
2026-06-19 05:00:00,beam-1a,Beam 1A,119.1728,11.76
2026-06-19 05:00:00,beam-1b,Beam 1B,119.0133,11.76
2026-06-19 05:00:00,beam-2a,Beam 2A,120.7698,11.76
2026-06-19 05:00:00,beam-2b,Beam 2B,121.2909,11.76
2026-06-19 05:00:00,beam-3a,Beam 3A,118.9426,11.76
2026-06-19 05:00:00,beam-3b,Beam 3B,119.0045,11.76
2026-06-19 05:00:00,pier-cap-1,Pier Cap 1,94.9129,11.76
2026-06-19 05:00:00,pier-cap-2,Pier Cap 2,95.2027,11.76
2026-06-19 06:00:00,beam-1a,Beam 1A,119.5187,11.99
2026-06-19 06:00:00,beam-1b,Beam 1B,119.4191,11.99
2026-06-19 06:00:00,beam-2a,Beam 2A,120.5938,11.99
2026-06-19 06:00:00,beam-2b,Beam 2B,121.5148,11.99
2026-06-19 06:00:00,beam-3a,Beam 3A,119.8715,11.99
2026-06-19 06:00:00,beam-3b,Beam 3B,118.4991,11.99
2026-06-19 06:00:00,pier-cap-1,Pier Cap 1,94.7925,11.99
2026-06-19 06:00:00,pier-cap-2,Pier Cap 2,95.0067,11.99
2026-06-19 07:00:00,beam-1a,Beam 1A,119.7994,14.07
2026-06-19 07:00:00,beam-1b,Beam 1B,120.4447,14.07
2026-06-19 07:00:00,beam-2a,Beam 2A,121.597,14.07
2026-06-19 07:00:00,beam-2b,Beam 2B,121.9548,14.07
2026-06-19 07:00:00,beam-3a,Beam 3A,120.1974,14.07
2026-06-19 07:00:00,beam-3b,Beam 3B,119.0693,14.07
2026-06-19 07:00:00,pier-cap-1,Pier Cap 1,95.3601,14.07
2026-06-19 07:00:00,pier-cap-2,Pier Cap 2,95.9635,14.07
2026-06-19 08:00:00,beam-1a,Beam 1A,120.5633,15.37
2026-06-19 08:00:00,beam-1b,Beam 1B,121.1192,15.37
2026-06-19 08:00:00,beam-2a,Beam 2A,120.9317,15.37
2026-06-19 08:00:00,beam-2b,Beam 2B,122.4662,15.37
2026-06-19 08:00:00,beam-3a,Beam 3A,120.7923,15.37
2026-06-19 08:00:00,beam-3b,Beam 3B,118.9519,15.37
2026-06-19 08:00:00,pier-cap-1,Pier Cap 1,95.5925,15.37
2026-06-19 08:00:00,pier-cap-2,Pier Cap 2,96.0592,15.37
2026-06-19 09:00:00,beam-1a,Beam 1A,120.5452,16.99
2026-06-19 09:00:00,beam-1b,Beam 1B,120.671,16.99
2026-06-19 09:00:00,beam-2a,Beam 2A,121.2658,16.99
2026-06-19 09:00:00,beam-2b,Beam 2B,122.5235,16.99
2026-06-19 09:00:00,beam-3a,Beam 3A,121.1612,16.99
2026-06-19 09:00:00,beam-3b,Beam 3B,119.1991,16.99
2026-06-19 09:00:00,pier-cap-1,Pier Cap 1,96.3501,16.99
2026-06-19 09:00:00,pier-cap-2,Pier Cap 2,95.7964,16.99
2026-06-19 10:00:00,beam-1a,Beam 1A,120.9481,18.24
2026-06-19 10:00:00,beam-1b,Beam 1B,121.4269,18.24
2026-06-19 10:00:00,beam-2a,Beam 2A,122.0148,18.24
2026-06-19 10:00:00,beam-2b,Beam 2B,121.9525,18.24
2026-06-19 10:00:00,beam-3a,Beam 3A,119.889,18.24
2026-06-19 10:00:00,beam-3b,Beam 3B,119.6447,18.24
2026-06-19 10:00:00,pier-cap-1,Pier Cap 1,95.9697,18.24
2026-06-19 10:00:00,pier-cap-2,Pier Cap 2,96.314,18.24
2026-06-19 11:00:00,beam-1a,Beam 1A,121.1419,20.58
2026-06-19 11:00:00,beam-1b,Beam 1B,122.0038,20.58
2026-06-19 11:00:00,beam-2a,Beam 2A,122.5466,20.58
2026-06-19 11:00:00,beam-2b,Beam 2B,123.7565,20.58
2026-06-19 11:00:00,beam-3a,Beam 3A,120.4388,20.58
2026-06-19 11:00:00,beam-3b,Beam 3B,119.8307,20.58
2026-06-19 11:00:00,pier-cap-1,Pier Cap 1,95.664,20.58
2026-06-19 11:00:00,pier-cap-2,Pier Cap 2,96.6824,20.58
2026-06-19 12:00:00,beam-1a,Beam 1A,122.0064,21.48
2026-06-19 12:00:00,beam-1b,Beam 1B,122.408,21.48
2026-06-19 12:00:00,beam-2a,Beam 2A,122.214,21.48
2026-06-19 12:00:00,beam-2b,Beam 2B,123.5583,21.48
2026-06-19 12:00:00,beam-3a,Beam 3A,121.5207,21.48
2026-06-19 12:00:00,beam-3b,Beam 3B,120.4845,21.48
2026-06-19 12:00:00,pier-cap-1,Pier Cap 1,96.7208,21.48
2026-06-19 12:00:00,pier-cap-2,Pier Cap 2,96.9265,21.48
2026-06-19 13:00:00,beam-1a,Beam 1A,121.7272,23.6
2026-06-19 13:00:00,beam-1b,Beam 1B,122.334,23.6
2026-06-19 13:00:00,beam-2a,Beam 2A,122.9777,23.6
2026-06-19 13:00:00,beam-2b,Beam 2B,123.3534,23.6
2026-06-19 13:00:00,beam-3a,Beam 3A,122.6645,23.6
2026-06-19 13:00:00,beam-3b,Beam 3B,120.0722,23.6
2026-06-19 13:00:00,pier-cap-1,Pier Cap 1,96.6292,23.6
2026-06-19 13:00:00,pier-cap-2,Pier Cap 2,96.8658,23.6
2026-06-19 14:00:00,beam-1a,Beam 1A,122.2206,24.52
2026-06-19 14:00:00,beam-1b,Beam 1B,122.0133,24.52
2026-06-19 14:00:00,beam-2a,Beam 2A,123.2439,24.52
2026-06-19 14:00:00,beam-2b,Beam 2B,123.3296,24.52
2026-06-19 14:00:00,beam-3a,Beam 3A,122.523,24.52
2026-06-19 14:00:00,beam-3b,Beam 3B,121.1206,24.52
2026-06-19 14:00:00,pier-cap-1,Pier Cap 1,97.4318,24.52
2026-06-19 14:00:00,pier-cap-2,Pier Cap 2,96.922,24.52
2026-06-19 15:00:00,beam-1a,Beam 1A,121.841,23.83
2026-06-19 15:00:00,beam-1b,Beam 1B,122.5497,23.83
2026-06-19 15:00:00,beam-2a,Beam 2A,123.1096,23.83
2026-06-19 15:00:00,beam-2b,Beam 2B,123.8065,23.83
2026-06-19 15:00:00,beam-3a,Beam 3A,121.9942,23.83
2026-06-19 15:00:00,beam-3b,Beam 3B,120.6923,23.83
2026-06-19 15:00:00,pier-cap-1,Pier Cap 1,97.1664,23.83
2026-06-19 15:00:00,pier-cap-2,Pier Cap 2,97.3811,23.83
2026-06-19 16:00:00,beam-1a,Beam 1A,121.4289,24.04
2026-06-19 16:00:00,beam-1b,Beam 1B,122.6611,24.04
2026-06-19 16:00:00,beam-2a,Beam 2A,123.3678,24.04
2026-06-19 16:00:00,beam-2b,Beam 2B,123.534,24.04
2026-06-19 16:00:00,beam-3a,Beam 3A,121.5735,24.04
2026-06-19 16:00:00,beam-3b,Beam 3B,120.6416,24.04
2026-06-19 16:00:00,pier-cap-1,Pier Cap 1,96.6037,24.04
2026-06-19 16:00:00,pier-cap-2,Pier Cap 2,96.7951,24.04
2026-06-19 17:00:00,beam-1a,Beam 1A,121.2494,22.93
2026-06-19 17:00:00,beam-1b,Beam 1B,121.9074,22.93
2026-06-19 17:00:00,beam-2a,Beam 2A,122.8204,22.93
2026-06-19 17:00:00,beam-2b,Beam 2B,123.5558,22.93
2026-06-19 17:00:00,beam-3a,Beam 3A,121.8371,22.93
2026-06-19 17:00:00,beam-3b,Beam 3B,119.9307,22.93
2026-06-19 17:00:00,pier-cap-1,Pier Cap 1,96.8053,22.93
2026-06-19 17:00:00,pier-cap-2,Pier Cap 2,97.019,22.93
2026-06-19 18:00:00,beam-1a,Beam 1A,121.5995,21.85
2026-06-19 18:00:00,beam-1b,Beam 1B,121.7349,21.85
2026-06-19 18:00:00,beam-2a,Beam 2A,123.4614,21.85
2026-06-19 18:00:00,beam-2b,Beam 2B,123.5069,21.85
2026-06-19 18:00:00,beam-3a,Beam 3A,121.5501,21.85
2026-06-19 18:00:00,beam-3b,Beam 3B,119.9589,21.85
2026-06-19 18:00:00,pier-cap-1,Pier Cap 1,96.2495,21.85
2026-06-19 18:00:00,pier-cap-2,Pier Cap 2,96.8299,21.85
2026-06-19 19:00:00,beam-1a,Beam 1A,120.8683,20.96
2026-06-19 19:00:00,beam-1b,Beam 1B,121.1129,20.96
2026-06-19 19:00:00,beam-2a,Beam 2A,122.8879,20.96
2026-06-19 19:00:00,beam-2b,Beam 2B,122.8057,20.96
2026-06-19 19:00:00,beam-3a,Beam 3A,122.0596,20.96
2026-06-19 19:00:00,beam-3b,Beam 3B,120.5525,20.96
2026-06-19 19:00:00,pier-cap-1,Pier Cap 1,96.2952,20.96
2026-06-19 19:00:00,pier-cap-2,Pier Cap 2,96.7575,20.96
2026-06-19 20:00:00,beam-1a,Beam 1A,119.9441,18.95
2026-06-19 20:00:00,beam-1b,Beam 1B,120.4863,18.95
2026-06-19 20:00:00,beam-2a,Beam 2A,121.967,18.95
2026-06-19 20:00:00,beam-2b,Beam 2B,122.1836,18.95
2026-06-19 20:00:00,beam-3a,Beam 3A,122.2278,18.95
2026-06-19 20:00:00,beam-3b,Beam 3B,119.6774,18.95
2026-06-19 20:00:00,pier-cap-1,Pier Cap 1,96.1952,18.95
2026-06-19 20:00:00,pier-cap-2,Pier Cap 2,96.5682,18.95
2026-06-19 21:00:00,beam-1a,Beam 1A,120.0693,17.85
2026-06-19 21:00:00,beam-1b,Beam 1B,120.8104,17.85
2026-06-19 21:00:00,beam-2a,Beam 2A,122.1076,17.85
2026-06-19 21:00:00,beam-2b,Beam 2B,122.5648,17.85
2026-06-19 21:00:00,beam-3a,Beam 3A,120.6454,17.85
2026-06-19 21:00:00,beam-3b,Beam 3B,119.6388,17.85
2026-06-19 21:00:00,pier-cap-1,Pier Cap 1,96.1613,17.85
2026-06-19 21:00:00,pier-cap-2,Pier Cap 2,96.8069,17.85
2026-06-19 22:00:00,beam-1a,Beam 1A,119.3584,15.15
2026-06-19 22:00:00,beam-1b,Beam 1B,120.0377,15.15
2026-06-19 22:00:00,beam-2a,Beam 2A,121.5793,15.15
2026-06-19 22:00:00,beam-2b,Beam 2B,121.6575,15.15
2026-06-19 22:00:00,beam-3a,Beam 3A,119.2135,15.15
2026-06-19 22:00:00,beam-3b,Beam 3B,118.7204,15.15
2026-06-19 22:00:00,pier-cap-1,Pier Cap 1,95.6908,15.15
2026-06-19 22:00:00,pier-cap-2,Pier Cap 2,95.4424,15.15
2026-06-19 23:00:00,beam-1a,Beam 1A,120.3576,14.05
2026-06-19 23:00:00,beam-1b,Beam 1B,119.8166,14.05
2026-06-19 23:00:00,beam-2a,Beam 2A,121.7965,14.05
2026-06-19 23:00:00,beam-2b,Beam 2B,121.7107,14.05
2026-06-19 23:00:00,beam-3a,Beam 3A,119.5573,14.05
2026-06-19 23:00:00,beam-3b,Beam 3B,118.8099,14.05
2026-06-19 23:00:00,pier-cap-1,Pier Cap 1,95.2804,14.05
2026-06-19 23:00:00,pier-cap-2,Pier Cap 2,96.0209,14.05
2026-06-20 00:00:00,beam-1a,Beam 1A,118.9758,12.42
2026-06-20 00:00:00,beam-1b,Beam 1B,119.9017,12.42
2026-06-20 00:00:00,beam-2a,Beam 2A,120.743,12.42
2026-06-20 00:00:00,beam-2b,Beam 2B,120.7879,12.42
2026-06-20 00:00:00,beam-3a,Beam 3A,120.1857,12.42
2026-06-20 00:00:00,beam-3b,Beam 3B,118.0288,12.42
2026-06-20 00:00:00,pier-cap-1,Pier Cap 1,95.7574,12.42
2026-06-20 00:00:00,pier-cap-2,Pier Cap 2,94.7587,12.42
2026-06-20 01:00:00,beam-1a,Beam 1A,118.6693,11.58
2026-06-20 01:00:00,beam-1b,Beam 1B,118.9371,11.58
2026-06-20 01:00:00,beam-2a,Beam 2A,121.1235,11.58
2026-06-20 01:00:00,beam-2b,Beam 2B,121.0583,11.58
2026-06-20 01:00:00,beam-3a,Beam 3A,120.4283,11.58
2026-06-20 01:00:00,beam-3b,Beam 3B,118.3857,11.58
2026-06-20 01:00:00,pier-cap-1,Pier Cap 1,94.7779,11.58
2026-06-20 01:00:00,pier-cap-2,Pier Cap 2,95.8055,11.58
2026-06-20 02:00:00,beam-1a,Beam 1A,119.1864,10.39
2026-06-20 02:00:00,beam-1b,Beam 1B,119.0037,10.39
2026-06-20 02:00:00,beam-2a,Beam 2A,120.594,10.39
2026-06-20 02:00:00,beam-2b,Beam 2B,121.2063,10.39
2026-06-20 02:00:00,beam-3a,Beam 3A,120.0423,10.39
2026-06-20 02:00:00,beam-3b,Beam 3B,118.2531,10.39
2026-06-20 02:00:00,pier-cap-1,Pier Cap 1,94.2258,10.39
2026-06-20 02:00:00,pier-cap-2,Pier Cap 2,94.5951,10.39
2026-06-20 03:00:00,beam-1a,Beam 1A,118.1648,10.31
2026-06-20 03:00:00,beam-1b,Beam 1B,119.3757,10.31
2026-06-20 03:00:00,beam-2a,Beam 2A,121.158,10.31
2026-06-20 03:00:00,beam-2b,Beam 2B,121.1472,10.31
2026-06-20 03:00:00,beam-3a,Beam 3A,118.9051,10.31
2026-06-20 03:00:00,beam-3b,Beam 3B,118.2205,10.31
2026-06-20 03:00:00,pier-cap-1,Pier Cap 1,94.2716,10.31
2026-06-20 03:00:00,pier-cap-2,Pier Cap 2,95.9269,10.31
2026-06-20 04:00:00,beam-1a,Beam 1A,119.0576,10.52
2026-06-20 04:00:00,beam-1b,Beam 1B,119.3421,10.52
2026-06-20 04:00:00,beam-2a,Beam 2A,121.1201,10.52
2026-06-20 04:00:00,beam-2b,Beam 2B,120.6324,10.52
2026-06-20 04:00:00,beam-3a,Beam 3A,118.7819,10.52
2026-06-20 04:00:00,beam-3b,Beam 3B,117.8323,10.52
2026-06-20 04:00:00,pier-cap-1,Pier Cap 1,95.17,10.52
2026-06-20 04:00:00,pier-cap-2,Pier Cap 2,95.1109,10.52
2026-06-20 05:00:00,beam-1a,Beam 1A,119.9298,10.93
2026-06-20 05:00:00,beam-1b,Beam 1B,120.0246,10.93
2026-06-20 05:00:00,beam-2a,Beam 2A,120.7648,10.93
2026-06-20 05:00:00,beam-2b,Beam 2B,120.5631,10.93
2026-06-20 05:00:00,beam-3a,Beam 3A,119.3129,10.93
2026-06-20 05:00:00,beam-3b,Beam 3B,118.107,10.93
2026-06-20 05:00:00,pier-cap-1,Pier Cap 1,94.7665,10.93
2026-06-20 05:00:00,pier-cap-2,Pier Cap 2,95.6766,10.93
2026-06-20 06:00:00,beam-1a,Beam 1A,119.7051,12.64
2026-06-20 06:00:00,beam-1b,Beam 1B,120.2027,12.64
2026-06-20 06:00:00,beam-2a,Beam 2A,120.9234,12.64
2026-06-20 06:00:00,beam-2b,Beam 2B,121.3795,12.64
2026-06-20 06:00:00,beam-3a,Beam 3A,119.4275,12.64
2026-06-20 06:00:00,beam-3b,Beam 3B,118.7399,12.64
2026-06-20 06:00:00,pier-cap-1,Pier Cap 1,95.094,12.64
2026-06-20 06:00:00,pier-cap-2,Pier Cap 2,95.8715,12.64
2026-06-20 07:00:00,beam-1a,Beam 1A,119.5938,14.09
2026-06-20 07:00:00,beam-1b,Beam 1B,120.3793,14.09
2026-06-20 07:00:00,beam-2a,Beam 2A,121.52,14.09
2026-06-20 07:00:00,beam-2b,Beam 2B,121.8871,14.09
2026-06-20 07:00:00,beam-3a,Beam 3A,120.7021,14.09
2026-06-20 07:00:00,beam-3b,Beam 3B,118.7525,14.09
2026-06-20 07:00:00,pier-cap-1,Pier Cap 1,95.1003,14.09
2026-06-20 07:00:00,pier-cap-2,Pier Cap 2,95.6321,14.09
2026-06-20 08:00:00,beam-1a,Beam 1A,120.5422,15.75
2026-06-20 08:00:00,beam-1b,Beam 1B,121.2338,15.75
2026-06-20 08:00:00,beam-2a,Beam 2A,121.5783,15.75
2026-06-20 08:00:00,beam-2b,Beam 2B,122.1583,15.75
2026-06-20 08:00:00,beam-3a,Beam 3A,120.9703,15.75
2026-06-20 08:00:00,beam-3b,Beam 3B,119.0424,15.75
2026-06-20 08:00:00,pier-cap-1,Pier Cap 1,95.377,15.75
2026-06-20 08:00:00,pier-cap-2,Pier Cap 2,95.9049,15.75
2026-06-20 09:00:00,beam-1a,Beam 1A,121.753,17.94
2026-06-20 09:00:00,beam-1b,Beam 1B,121.8373,17.94
2026-06-20 09:00:00,beam-2a,Beam 2A,122.7604,17.94
2026-06-20 09:00:00,beam-2b,Beam 2B,122.2296,17.94
2026-06-20 09:00:00,beam-3a,Beam 3A,120.6259,17.94
2026-06-20 09:00:00,beam-3b,Beam 3B,120.2251,17.94
2026-06-20 09:00:00,pier-cap-1,Pier Cap 1,95.6051,17.94
2026-06-20 09:00:00,pier-cap-2,Pier Cap 2,96.0901,17.94
2026-06-20 10:00:00,beam-1a,Beam 1A,121.813,19.72
2026-06-20 10:00:00,beam-1b,Beam 1B,122.546,19.72
2026-06-20 10:00:00,beam-2a,Beam 2A,122.475,19.72
2026-06-20 10:00:00,beam-2b,Beam 2B,122.9094,19.72
2026-06-20 10:00:00,beam-3a,Beam 3A,120.6419,19.72
2026-06-20 10:00:00,beam-3b,Beam 3B,119.5636,19.72
2026-06-20 10:00:00,pier-cap-1,Pier Cap 1,96.2491,19.72
2026-06-20 10:00:00,pier-cap-2,Pier Cap 2,96.8439,19.72
2026-06-20 11:00:00,beam-1a,Beam 1A,121.6136,20.68
2026-06-20 11:00:00,beam-1b,Beam 1B,122.586,20.68
2026-06-20 11:00:00,beam-2a,Beam 2A,122.4731,20.68
2026-06-20 11:00:00,beam-2b,Beam 2B,123.5834,20.68
2026-06-20 11:00:00,beam-3a,Beam 3A,120.8932,20.68
2026-06-20 11:00:00,beam-3b,Beam 3B,120.4567,20.68
2026-06-20 11:00:00,pier-cap-1,Pier Cap 1,96.2223,20.68
2026-06-20 11:00:00,pier-cap-2,Pier Cap 2,96.6245,20.68
2026-06-20 12:00:00,beam-1a,Beam 1A,122.0083,22.43
2026-06-20 12:00:00,beam-1b,Beam 1B,122.9546,22.43
2026-06-20 12:00:00,beam-2a,Beam 2A,122.8013,22.43
2026-06-20 12:00:00,beam-2b,Beam 2B,123.4147,22.43
2026-06-20 12:00:00,beam-3a,Beam 3A,121.8774,22.43
2026-06-20 12:00:00,beam-3b,Beam 3B,120.0067,22.43
2026-06-20 12:00:00,pier-cap-1,Pier Cap 1,96.6443,22.43
2026-06-20 12:00:00,pier-cap-2,Pier Cap 2,96.7681,22.43
2026-06-20 13:00:00,beam-1a,Beam 1A,122.1631,23.14
2026-06-20 13:00:00,beam-1b,Beam 1B,123.0199,23.14
2026-06-20 13:00:00,beam-2a,Beam 2A,122.6427,23.14
2026-06-20 13:00:00,beam-2b,Beam 2B,122.8226,23.14
2026-06-20 13:00:00,beam-3a,Beam 3A,122.176,23.14
2026-06-20 13:00:00,beam-3b,Beam 3B,120.7757,23.14
2026-06-20 13:00:00,pier-cap-1,Pier Cap 1,96.7227,23.14
2026-06-20 13:00:00,pier-cap-2,Pier Cap 2,97.2821,23.14
2026-06-20 14:00:00,beam-1a,Beam 1A,122.5955,24.1
2026-06-20 14:00:00,beam-1b,Beam 1B,122.9557,24.1
2026-06-20 14:00:00,beam-2a,Beam 2A,123.5421,24.1
2026-06-20 14:00:00,beam-2b,Beam 2B,123.7492,24.1
2026-06-20 14:00:00,beam-3a,Beam 3A,122.1255,24.1
2026-06-20 14:00:00,beam-3b,Beam 3B,120.9764,24.1
2026-06-20 14:00:00,pier-cap-1,Pier Cap 1,96.6369,24.1
2026-06-20 14:00:00,pier-cap-2,Pier Cap 2,96.9955,24.1
2026-06-20 15:00:00,beam-1a,Beam 1A,122.8338,24.09
2026-06-20 15:00:00,beam-1b,Beam 1B,122.671,24.09
2026-06-20 15:00:00,beam-2a,Beam 2A,122.9893,24.09
2026-06-20 15:00:00,beam-2b,Beam 2B,124.4838,24.09
2026-06-20 15:00:00,beam-3a,Beam 3A,122.1371,24.09
2026-06-20 15:00:00,beam-3b,Beam 3B,120.5478,24.09
2026-06-20 15:00:00,pier-cap-1,Pier Cap 1,96.3254,24.09
2026-06-20 15:00:00,pier-cap-2,Pier Cap 2,97.1643,24.09
2026-06-20 16:00:00,beam-1a,Beam 1A,122.7343,24.74
2026-06-20 16:00:00,beam-1b,Beam 1B,123.027,24.74
2026-06-20 16:00:00,beam-2a,Beam 2A,123.8865,24.74
2026-06-20 16:00:00,beam-2b,Beam 2B,123.2815,24.74
2026-06-20 16:00:00,beam-3a,Beam 3A,121.3363,24.74
2026-06-20 16:00:00,beam-3b,Beam 3B,120.4237,24.74
2026-06-20 16:00:00,pier-cap-1,Pier Cap 1,96.3967,24.74
2026-06-20 16:00:00,pier-cap-2,Pier Cap 2,97.3926,24.74
2026-06-20 17:00:00,beam-1a,Beam 1A,122.1285,23.53
2026-06-20 17:00:00,beam-1b,Beam 1B,122.416,23.53
2026-06-20 17:00:00,beam-2a,Beam 2A,122.6897,23.53
2026-06-20 17:00:00,beam-2b,Beam 2B,123.5684,23.53
2026-06-20 17:00:00,beam-3a,Beam 3A,121.9293,23.53
2026-06-20 17:00:00,beam-3b,Beam 3B,119.9319,23.53
2026-06-20 17:00:00,pier-cap-1,Pier Cap 1,97.5881,23.53
2026-06-20 17:00:00,pier-cap-2,Pier Cap 2,96.9874,23.53
2026-06-20 18:00:00,beam-1a,Beam 1A,121.095,22.19
2026-06-20 18:00:00,beam-1b,Beam 1B,122.72,22.19
2026-06-20 18:00:00,beam-2a,Beam 2A,122.9887,22.19
2026-06-20 18:00:00,beam-2b,Beam 2B,123.1974,22.19
2026-06-20 18:00:00,beam-3a,Beam 3A,122.348,22.19
2026-06-20 18:00:00,beam-3b,Beam 3B,120.1507,22.19
2026-06-20 18:00:00,pier-cap-1,Pier Cap 1,96.9218,22.19
2026-06-20 18:00:00,pier-cap-2,Pier Cap 2,96.8309,22.19
2026-06-20 19:00:00,beam-1a,Beam 1A,120.7959,21.3
2026-06-20 19:00:00,beam-1b,Beam 1B,122.3017,21.3
2026-06-20 19:00:00,beam-2a,Beam 2A,123.2209,21.3
2026-06-20 19:00:00,beam-2b,Beam 2B,123.1497,21.3
2026-06-20 19:00:00,beam-3a,Beam 3A,122.876,21.3
2026-06-20 19:00:00,beam-3b,Beam 3B,120.3819,21.3
2026-06-20 19:00:00,pier-cap-1,Pier Cap 1,96.7477,21.3
2026-06-20 19:00:00,pier-cap-2,Pier Cap 2,97.3061,21.3
2026-06-20 20:00:00,beam-1a,Beam 1A,120.7141,18.27
2026-06-20 20:00:00,beam-1b,Beam 1B,121.3239,18.27
2026-06-20 20:00:00,beam-2a,Beam 2A,121.2931,18.27
2026-06-20 20:00:00,beam-2b,Beam 2B,122.5826,18.27
2026-06-20 20:00:00,beam-3a,Beam 3A,121.2755,18.27
2026-06-20 20:00:00,beam-3b,Beam 3B,119.2442,18.27
2026-06-20 20:00:00,pier-cap-1,Pier Cap 1,95.6881,18.27
2026-06-20 20:00:00,pier-cap-2,Pier Cap 2,96.3292,18.27
2026-06-20 21:00:00,beam-1a,Beam 1A,119.6185,16.52
2026-06-20 21:00:00,beam-1b,Beam 1B,120.8006,16.52
2026-06-20 21:00:00,beam-2a,Beam 2A,122.6115,16.52
2026-06-20 21:00:00,beam-2b,Beam 2B,122.6115,16.52
2026-06-20 21:00:00,beam-3a,Beam 3A,120.8145,16.52
2026-06-20 21:00:00,beam-3b,Beam 3B,119.3229,16.52
2026-06-20 21:00:00,pier-cap-1,Pier Cap 1,95.631,16.52
2026-06-20 21:00:00,pier-cap-2,Pier Cap 2,96.0203,16.52
2026-06-20 22:00:00,beam-1a,Beam 1A,119.7833,15.83
2026-06-20 22:00:00,beam-1b,Beam 1B,120.4139,15.83
2026-06-20 22:00:00,beam-2a,Beam 2A,121.4965,15.83
2026-06-20 22:00:00,beam-2b,Beam 2B,122.0523,15.83
2026-06-20 22:00:00,beam-3a,Beam 3A,120.1316,15.83
2026-06-20 22:00:00,beam-3b,Beam 3B,118.6416,15.83
2026-06-20 22:00:00,pier-cap-1,Pier Cap 1,95.2804,15.83
2026-06-20 22:00:00,pier-cap-2,Pier Cap 2,95.9724,15.83
2026-06-20 23:00:00,beam-1a,Beam 1A,119.5548,13.85
2026-06-20 23:00:00,beam-1b,Beam 1B,119.5932,13.85
2026-06-20 23:00:00,beam-2a,Beam 2A,121.3266,13.85
2026-06-20 23:00:00,beam-2b,Beam 2B,122.1332,13.85
2026-06-20 23:00:00,beam-3a,Beam 3A,119.7163,13.85
2026-06-20 23:00:00,beam-3b,Beam 3B,118.6998,13.85
2026-06-20 23:00:00,pier-cap-1,Pier Cap 1,94.834,13.85
2026-06-20 23:00:00,pier-cap-2,Pier Cap 2,95.864,13.85
2026-06-21 00:00:00,beam-1a,Beam 1A,118.8495,12.86
2026-06-21 00:00:00,beam-1b,Beam 1B,119.762,12.86
2026-06-21 00:00:00,beam-2a,Beam 2A,121.2997,12.86
2026-06-21 00:00:00,beam-2b,Beam 2B,121.3766,12.86
2026-06-21 00:00:00,beam-3a,Beam 3A,119.7986,12.86
2026-06-21 00:00:00,beam-3b,Beam 3B,118.1911,12.86
2026-06-21 00:00:00,pier-cap-1,Pier Cap 1,94.9017,12.86
2026-06-21 00:00:00,pier-cap-2,Pier Cap 2,95.2682,12.86
2026-06-21 01:00:00,beam-1a,Beam 1A,118.6155,11.11
2026-06-21 01:00:00,beam-1b,Beam 1B,119.6032,11.11
2026-06-21 01:00:00,beam-2a,Beam 2A,121.013,11.11
2026-06-21 01:00:00,beam-2b,Beam 2B,120.9354,11.11
2026-06-21 01:00:00,beam-3a,Beam 3A,120.7007,11.11
2026-06-21 01:00:00,beam-3b,Beam 3B,118.2341,11.11
2026-06-21 01:00:00,pier-cap-1,Pier Cap 1,95.2148,11.11
2026-06-21 01:00:00,pier-cap-2,Pier Cap 2,95.4451,11.11
2026-06-21 02:00:00,beam-1a,Beam 1A,119.034,10.93
2026-06-21 02:00:00,beam-1b,Beam 1B,119.7448,10.93
2026-06-21 02:00:00,beam-2a,Beam 2A,120.7965,10.93
2026-06-21 02:00:00,beam-2b,Beam 2B,120.7726,10.93
2026-06-21 02:00:00,beam-3a,Beam 3A,120.221,10.93
2026-06-21 02:00:00,beam-3b,Beam 3B,118.0522,10.93
2026-06-21 02:00:00,pier-cap-1,Pier Cap 1,95.0424,10.93
2026-06-21 02:00:00,pier-cap-2,Pier Cap 2,95.3669,10.93
2026-06-21 03:00:00,beam-1a,Beam 1A,119.4483,11.51
2026-06-21 03:00:00,beam-1b,Beam 1B,120.0377,11.51
2026-06-21 03:00:00,beam-2a,Beam 2A,121.2003,11.51
2026-06-21 03:00:00,beam-2b,Beam 2B,120.4282,11.51
2026-06-21 03:00:00,beam-3a,Beam 3A,119.7149,11.51
2026-06-21 03:00:00,beam-3b,Beam 3B,117.9197,11.51
2026-06-21 03:00:00,pier-cap-1,Pier Cap 1,94.585,11.51
2026-06-21 03:00:00,pier-cap-2,Pier Cap 2,94.8394,11.51
2026-06-21 04:00:00,beam-1a,Beam 1A,119.7367,11.27
2026-06-21 04:00:00,beam-1b,Beam 1B,120.2926,11.27
2026-06-21 04:00:00,beam-2a,Beam 2A,120.9623,11.27
2026-06-21 04:00:00,beam-2b,Beam 2B,121.2191,11.27
2026-06-21 04:00:00,beam-3a,Beam 3A,118.4271,11.27
2026-06-21 04:00:00,beam-3b,Beam 3B,118.0614,11.27
2026-06-21 04:00:00,pier-cap-1,Pier Cap 1,94.7466,11.27
2026-06-21 04:00:00,pier-cap-2,Pier Cap 2,95.8793,11.27
2026-06-21 05:00:00,beam-1a,Beam 1A,119.8096,11.71
2026-06-21 05:00:00,beam-1b,Beam 1B,119.9636,11.71
2026-06-21 05:00:00,beam-2a,Beam 2A,121.5466,11.71
2026-06-21 05:00:00,beam-2b,Beam 2B,122.0183,11.71
2026-06-21 05:00:00,beam-3a,Beam 3A,119.275,11.71
2026-06-21 05:00:00,beam-3b,Beam 3B,118.0482,11.71
2026-06-21 05:00:00,pier-cap-1,Pier Cap 1,95.1314,11.71
2026-06-21 05:00:00,pier-cap-2,Pier Cap 2,95.8449,11.71
2026-06-21 06:00:00,beam-1a,Beam 1A,120.0021,12.58
2026-06-21 06:00:00,beam-1b,Beam 1B,120.3498,12.58
2026-06-21 06:00:00,beam-2a,Beam 2A,121.2249,12.58
2026-06-21 06:00:00,beam-2b,Beam 2B,121.5542,12.58
2026-06-21 06:00:00,beam-3a,Beam 3A,119.7866,12.58
2026-06-21 06:00:00,beam-3b,Beam 3B,118.0803,12.58
2026-06-21 06:00:00,pier-cap-1,Pier Cap 1,94.8657,12.58
2026-06-21 06:00:00,pier-cap-2,Pier Cap 2,95.2968,12.58
2026-06-21 07:00:00,beam-1a,Beam 1A,120.1549,14.05
2026-06-21 07:00:00,beam-1b,Beam 1B,121.5401,14.05
2026-06-21 07:00:00,beam-2a,Beam 2A,122.0954,14.05
2026-06-21 07:00:00,beam-2b,Beam 2B,121.9395,14.05
2026-06-21 07:00:00,beam-3a,Beam 3A,120.9834,14.05
2026-06-21 07:00:00,beam-3b,Beam 3B,119.198,14.05
2026-06-21 07:00:00,pier-cap-1,Pier Cap 1,95.281,14.05
2026-06-21 07:00:00,pier-cap-2,Pier Cap 2,95.4204,14.05
2026-06-21 08:00:00,beam-1a,Beam 1A,120.3889,15.04
2026-06-21 08:00:00,beam-1b,Beam 1B,121.6535,15.04
2026-06-21 08:00:00,beam-2a,Beam 2A,121.8688,15.04
2026-06-21 08:00:00,beam-2b,Beam 2B,121.6988,15.04
2026-06-21 08:00:00,beam-3a,Beam 3A,121.0936,15.04
2026-06-21 08:00:00,beam-3b,Beam 3B,118.8819,15.04
2026-06-21 08:00:00,pier-cap-1,Pier Cap 1,95.5269,15.04
2026-06-21 08:00:00,pier-cap-2,Pier Cap 2,95.9747,15.04
2026-06-21 09:00:00,beam-1a,Beam 1A,121.217,17.81
2026-06-21 09:00:00,beam-1b,Beam 1B,121.8828,17.81
2026-06-21 09:00:00,beam-2a,Beam 2A,121.3394,17.81
2026-06-21 09:00:00,beam-2b,Beam 2B,122.32,17.81
2026-06-21 09:00:00,beam-3a,Beam 3A,120.9382,17.81
2026-06-21 09:00:00,beam-3b,Beam 3B,118.7628,17.81
2026-06-21 09:00:00,pier-cap-1,Pier Cap 1,95.9385,17.81
2026-06-21 09:00:00,pier-cap-2,Pier Cap 2,95.8935,17.81
2026-06-21 10:00:00,beam-1a,Beam 1A,121.9948,19.86
2026-06-21 10:00:00,beam-1b,Beam 1B,122.4413,19.86
2026-06-21 10:00:00,beam-2a,Beam 2A,123.5155,19.86
2026-06-21 10:00:00,beam-2b,Beam 2B,123.2213,19.86
2026-06-21 10:00:00,beam-3a,Beam 3A,120.5848,19.86
2026-06-21 10:00:00,beam-3b,Beam 3B,119.7044,19.86
2026-06-21 10:00:00,pier-cap-1,Pier Cap 1,96.2045,19.86
2026-06-21 10:00:00,pier-cap-2,Pier Cap 2,97.0376,19.86
2026-06-21 11:00:00,beam-1a,Beam 1A,122.1566,20.58
2026-06-21 11:00:00,beam-1b,Beam 1B,122.6341,20.58
2026-06-21 11:00:00,beam-2a,Beam 2A,122.3853,20.58
2026-06-21 11:00:00,beam-2b,Beam 2B,123.7753,20.58
2026-06-21 11:00:00,beam-3a,Beam 3A,121.0137,20.58
2026-06-21 11:00:00,beam-3b,Beam 3B,120.3794,20.58
2026-06-21 11:00:00,pier-cap-1,Pier Cap 1,96.0402,20.58
2026-06-21 11:00:00,pier-cap-2,Pier Cap 2,96.5957,20.58
2026-06-21 12:00:00,beam-1a,Beam 1A,121.6949,22.39
2026-06-21 12:00:00,beam-1b,Beam 1B,123.076,22.39
2026-06-21 12:00:00,beam-2a,Beam 2A,123.5763,22.39
2026-06-21 12:00:00,beam-2b,Beam 2B,123.9304,22.39
2026-06-21 12:00:00,beam-3a,Beam 3A,121.6796,22.39
2026-06-21 12:00:00,beam-3b,Beam 3B,120.1377,22.39
2026-06-21 12:00:00,pier-cap-1,Pier Cap 1,96.3433,22.39
2026-06-21 12:00:00,pier-cap-2,Pier Cap 2,97.4951,22.39
2026-06-21 13:00:00,beam-1a,Beam 1A,122.3142,23.3
2026-06-21 13:00:00,beam-1b,Beam 1B,123.3933,23.3
2026-06-21 13:00:00,beam-2a,Beam 2A,123.1716,23.3
2026-06-21 13:00:00,beam-2b,Beam 2B,123.8405,23.3
2026-06-21 13:00:00,beam-3a,Beam 3A,122.0803,23.3
2026-06-21 13:00:00,beam-3b,Beam 3B,121.1021,23.3
2026-06-21 13:00:00,pier-cap-1,Pier Cap 1,96.3056,23.3
2026-06-21 13:00:00,pier-cap-2,Pier Cap 2,96.8984,23.3
2026-06-21 14:00:00,beam-1a,Beam 1A,123.0543,24.08
2026-06-21 14:00:00,beam-1b,Beam 1B,124.1624,24.08
2026-06-21 14:00:00,beam-2a,Beam 2A,123.7406,24.08
2026-06-21 14:00:00,beam-2b,Beam 2B,123.6881,24.08
2026-06-21 14:00:00,beam-3a,Beam 3A,122.9379,24.08
2026-06-21 14:00:00,beam-3b,Beam 3B,120.4255,24.08
2026-06-21 14:00:00,pier-cap-1,Pier Cap 1,96.2937,24.08
2026-06-21 14:00:00,pier-cap-2,Pier Cap 2,97.2284,24.08
2026-06-21 15:00:00,beam-1a,Beam 1A,122.67,24.73
2026-06-21 15:00:00,beam-1b,Beam 1B,123.3549,24.73
2026-06-21 15:00:00,beam-2a,Beam 2A,123.17,24.73
2026-06-21 15:00:00,beam-2b,Beam 2B,123.8875,24.73
2026-06-21 15:00:00,beam-3a,Beam 3A,121.9137,24.73
2026-06-21 15:00:00,beam-3b,Beam 3B,121.0243,24.73
2026-06-21 15:00:00,pier-cap-1,Pier Cap 1,96.8246,24.73
2026-06-21 15:00:00,pier-cap-2,Pier Cap 2,97.7392,24.73
2026-06-21 16:00:00,beam-1a,Beam 1A,121.7807,23.63
2026-06-21 16:00:00,beam-1b,Beam 1B,123.1586,23.63
2026-06-21 16:00:00,beam-2a,Beam 2A,123.4769,23.63
2026-06-21 16:00:00,beam-2b,Beam 2B,123.2838,23.63
2026-06-21 16:00:00,beam-3a,Beam 3A,120.86,23.63
2026-06-21 16:00:00,beam-3b,Beam 3B,121.0031,23.63
2026-06-21 16:00:00,pier-cap-1,Pier Cap 1,96.9398,23.63
2026-06-21 16:00:00,pier-cap-2,Pier Cap 2,97.098,23.63
2026-06-21 17:00:00,beam-1a,Beam 1A,122.9599,24.01
2026-06-21 17:00:00,beam-1b,Beam 1B,122.1989,24.01
2026-06-21 17:00:00,beam-2a,Beam 2A,123.2014,24.01
2026-06-21 17:00:00,beam-2b,Beam 2B,123.0823,24.01
2026-06-21 17:00:00,beam-3a,Beam 3A,121.0387,24.01
2026-06-21 17:00:00,beam-3b,Beam 3B,120.8701,24.01
2026-06-21 17:00:00,pier-cap-1,Pier Cap 1,96.3379,24.01
2026-06-21 17:00:00,pier-cap-2,Pier Cap 2,97.3336,24.01
2026-06-21 18:00:00,beam-1a,Beam 1A,121.7709,22.96
2026-06-21 18:00:00,beam-1b,Beam 1B,122.2688,22.96
2026-06-21 18:00:00,beam-2a,Beam 2A,123.7229,22.96
2026-06-21 18:00:00,beam-2b,Beam 2B,122.9999,22.96
2026-06-21 18:00:00,beam-3a,Beam 3A,121.9634,22.96
2026-06-21 18:00:00,beam-3b,Beam 3B,120.0307,22.96
2026-06-21 18:00:00,pier-cap-1,Pier Cap 1,96.6754,22.96
2026-06-21 18:00:00,pier-cap-2,Pier Cap 2,97.4213,22.96
2026-06-21 19:00:00,beam-1a,Beam 1A,121.423,21.1
2026-06-21 19:00:00,beam-1b,Beam 1B,122.3798,21.1
2026-06-21 19:00:00,beam-2a,Beam 2A,122.8965,21.1
2026-06-21 19:00:00,beam-2b,Beam 2B,123.1005,21.1
2026-06-21 19:00:00,beam-3a,Beam 3A,122.148,21.1
2026-06-21 19:00:00,beam-3b,Beam 3B,119.8301,21.1
2026-06-21 19:00:00,pier-cap-1,Pier Cap 1,96.5511,21.1
2026-06-21 19:00:00,pier-cap-2,Pier Cap 2,96.6489,21.1
2026-06-21 20:00:00,beam-1a,Beam 1A,120.8167,18.52
2026-06-21 20:00:00,beam-1b,Beam 1B,121.4827,18.52
2026-06-21 20:00:00,beam-2a,Beam 2A,122.5793,18.52
2026-06-21 20:00:00,beam-2b,Beam 2B,122.4482,18.52
2026-06-21 20:00:00,beam-3a,Beam 3A,120.9469,18.52
2026-06-21 20:00:00,beam-3b,Beam 3B,120.0792,18.52
2026-06-21 20:00:00,pier-cap-1,Pier Cap 1,95.3777,18.52
2026-06-21 20:00:00,pier-cap-2,Pier Cap 2,96.0502,18.52
2026-06-21 21:00:00,beam-1a,Beam 1A,120.1769,17.31
2026-06-21 21:00:00,beam-1b,Beam 1B,119.4381,17.31
2026-06-21 21:00:00,beam-2a,Beam 2A,121.0957,17.31
2026-06-21 21:00:00,beam-2b,Beam 2B,121.7339,17.31
2026-06-21 21:00:00,beam-3a,Beam 3A,120.6603,17.31
2026-06-21 21:00:00,beam-3b,Beam 3B,119.1567,17.31
2026-06-21 21:00:00,pier-cap-1,Pier Cap 1,95.6648,17.31
2026-06-21 21:00:00,pier-cap-2,Pier Cap 2,95.8084,17.31
2026-06-21 22:00:00,beam-1a,Beam 1A,119.7743,16.39
2026-06-21 22:00:00,beam-1b,Beam 1B,120.9374,16.39
2026-06-21 22:00:00,beam-2a,Beam 2A,121.7431,16.39
2026-06-21 22:00:00,beam-2b,Beam 2B,122.1231,16.39
2026-06-21 22:00:00,beam-3a,Beam 3A,120.3608,16.39
2026-06-21 22:00:00,beam-3b,Beam 3B,119.605,16.39
2026-06-21 22:00:00,pier-cap-1,Pier Cap 1,96.1019,16.39
2026-06-21 22:00:00,pier-cap-2,Pier Cap 2,96.2831,16.39
2026-06-21 23:00:00,beam-1a,Beam 1A,120.1282,13.09
2026-06-21 23:00:00,beam-1b,Beam 1B,120.7332,13.09
2026-06-21 23:00:00,beam-2a,Beam 2A,121.2831,13.09
2026-06-21 23:00:00,beam-2b,Beam 2B,121.3525,13.09
2026-06-21 23:00:00,beam-3a,Beam 3A,119.1688,13.09
2026-06-21 23:00:00,beam-3b,Beam 3B,118.4873,13.09
2026-06-21 23:00:00,pier-cap-1,Pier Cap 1,95.2797,13.09
2026-06-21 23:00:00,pier-cap-2,Pier Cap 2,95.7308,13.09
2026-06-22 00:00:00,beam-1a,Beam 1A,119.4816,11.74
2026-06-22 00:00:00,beam-1b,Beam 1B,119.1119,11.74
2026-06-22 00:00:00,beam-2a,Beam 2A,120.9379,11.74
2026-06-22 00:00:00,beam-2b,Beam 2B,120.7407,11.74
2026-06-22 00:00:00,beam-3a,Beam 3A,119.6831,11.74
2026-06-22 00:00:00,beam-3b,Beam 3B,118.4305,11.74
2026-06-22 00:00:00,pier-cap-1,Pier Cap 1,94.3502,11.74
2026-06-22 00:00:00,pier-cap-2,Pier Cap 2,95.7299,11.74
2026-06-22 01:00:00,beam-1a,Beam 1A,119.1774,10.3
2026-06-22 01:00:00,beam-1b,Beam 1B,120.1053,10.3
2026-06-22 01:00:00,beam-2a,Beam 2A,120.9438,10.3
2026-06-22 01:00:00,beam-2b,Beam 2B,120.773,10.3
2026-06-22 01:00:00,beam-3a,Beam 3A,120.5034,10.3
2026-06-22 01:00:00,beam-3b,Beam 3B,117.6213,10.3
2026-06-22 01:00:00,pier-cap-1,Pier Cap 1,94.892,10.3
2026-06-22 01:00:00,pier-cap-2,Pier Cap 2,95.1123,10.3
2026-06-22 02:00:00,beam-1a,Beam 1A,119.148,10.39
2026-06-22 02:00:00,beam-1b,Beam 1B,118.6636,10.39
2026-06-22 02:00:00,beam-2a,Beam 2A,120.4319,10.39
2026-06-22 02:00:00,beam-2b,Beam 2B,120.8119,10.39
2026-06-22 02:00:00,beam-3a,Beam 3A,120.4365,10.39
2026-06-22 02:00:00,beam-3b,Beam 3B,117.9115,10.39
2026-06-22 02:00:00,pier-cap-1,Pier Cap 1,94.4844,10.39
2026-06-22 02:00:00,pier-cap-2,Pier Cap 2,94.7795,10.39
2026-06-22 03:00:00,beam-1a,Beam 1A,118.5591,9.56
2026-06-22 03:00:00,beam-1b,Beam 1B,119.9299,9.56
2026-06-22 03:00:00,beam-2a,Beam 2A,120.4317,9.56
2026-06-22 03:00:00,beam-2b,Beam 2B,120.5279,9.56
2026-06-22 03:00:00,beam-3a,Beam 3A,119.688,9.56
2026-06-22 03:00:00,beam-3b,Beam 3B,117.6602,9.56
2026-06-22 03:00:00,pier-cap-1,Pier Cap 1,94.7916,9.56
2026-06-22 03:00:00,pier-cap-2,Pier Cap 2,94.3783,9.56
2026-06-22 04:00:00,beam-1a,Beam 1A,119.6419,10.23
2026-06-22 04:00:00,beam-1b,Beam 1B,119.8868,10.23
2026-06-22 04:00:00,beam-2a,Beam 2A,121.0187,10.23
2026-06-22 04:00:00,beam-2b,Beam 2B,121.2796,10.23
2026-06-22 04:00:00,beam-3a,Beam 3A,117.8165,10.23
2026-06-22 04:00:00,beam-3b,Beam 3B,118.1729,10.23
2026-06-22 04:00:00,pier-cap-1,Pier Cap 1,94.4777,10.23
2026-06-22 04:00:00,pier-cap-2,Pier Cap 2,96.0451,10.23
2026-06-22 05:00:00,beam-1a,Beam 1A,119.1763,11.0
2026-06-22 05:00:00,beam-1b,Beam 1B,119.3477,11.0
2026-06-22 05:00:00,beam-2a,Beam 2A,119.7875,11.0
2026-06-22 05:00:00,beam-2b,Beam 2B,120.3009,11.0
2026-06-22 05:00:00,beam-3a,Beam 3A,119.5396,11.0
2026-06-22 05:00:00,beam-3b,Beam 3B,118.2717,11.0
2026-06-22 05:00:00,pier-cap-1,Pier Cap 1,94.7834,11.0
2026-06-22 05:00:00,pier-cap-2,Pier Cap 2,95.4573,11.0
2026-06-22 06:00:00,beam-1a,Beam 1A,120.0472,12.62
2026-06-22 06:00:00,beam-1b,Beam 1B,120.8067,12.62
2026-06-22 06:00:00,beam-2a,Beam 2A,121.2589,12.62
2026-06-22 06:00:00,beam-2b,Beam 2B,120.5922,12.62
2026-06-22 06:00:00,beam-3a,Beam 3A,120.1373,12.62
2026-06-22 06:00:00,beam-3b,Beam 3B,118.7089,12.62
2026-06-22 06:00:00,pier-cap-1,Pier Cap 1,94.8811,12.62
2026-06-22 06:00:00,pier-cap-2,Pier Cap 2,95.5834,12.62
2026-06-22 07:00:00,beam-1a,Beam 1A,119.6639,13.25
2026-06-22 07:00:00,beam-1b,Beam 1B,121.3467,13.25
2026-06-22 07:00:00,beam-2a,Beam 2A,121.0164,13.25
2026-06-22 07:00:00,beam-2b,Beam 2B,121.515,13.25
2026-06-22 07:00:00,beam-3a,Beam 3A,121.5711,13.25
2026-06-22 07:00:00,beam-3b,Beam 3B,118.4958,13.25
2026-06-22 07:00:00,pier-cap-1,Pier Cap 1,95.1384,13.25
2026-06-22 07:00:00,pier-cap-2,Pier Cap 2,95.7211,13.25
2026-06-22 08:00:00,beam-1a,Beam 1A,120.0371,15.17
2026-06-22 08:00:00,beam-1b,Beam 1B,121.5888,15.17
2026-06-22 08:00:00,beam-2a,Beam 2A,121.169,15.17
2026-06-22 08:00:00,beam-2b,Beam 2B,121.9364,15.17
2026-06-22 08:00:00,beam-3a,Beam 3A,120.8022,15.17
2026-06-22 08:00:00,beam-3b,Beam 3B,118.7067,15.17
2026-06-22 08:00:00,pier-cap-1,Pier Cap 1,95.2553,15.17
2026-06-22 08:00:00,pier-cap-2,Pier Cap 2,95.4961,15.17
2026-06-22 09:00:00,beam-1a,Beam 1A,121.1989,16.24
2026-06-22 09:00:00,beam-1b,Beam 1B,122.0059,16.24
2026-06-22 09:00:00,beam-2a,Beam 2A,121.882,16.24
2026-06-22 09:00:00,beam-2b,Beam 2B,122.2734,16.24
2026-06-22 09:00:00,beam-3a,Beam 3A,119.9891,16.24
2026-06-22 09:00:00,beam-3b,Beam 3B,119.299,16.24
2026-06-22 09:00:00,pier-cap-1,Pier Cap 1,95.5185,16.24
2026-06-22 09:00:00,pier-cap-2,Pier Cap 2,95.8471,16.24
2026-06-22 10:00:00,beam-1a,Beam 1A,121.3994,19.12
2026-06-22 10:00:00,beam-1b,Beam 1B,122.256,19.12
2026-06-22 10:00:00,beam-2a,Beam 2A,122.8148,19.12
2026-06-22 10:00:00,beam-2b,Beam 2B,122.4728,19.12
2026-06-22 10:00:00,beam-3a,Beam 3A,120.483,19.12
2026-06-22 10:00:00,beam-3b,Beam 3B,119.4223,19.12
2026-06-22 10:00:00,pier-cap-1,Pier Cap 1,95.6652,19.12
2026-06-22 10:00:00,pier-cap-2,Pier Cap 2,97.0408,19.12
2026-06-22 11:00:00,beam-1a,Beam 1A,121.1646,20.03
2026-06-22 11:00:00,beam-1b,Beam 1B,121.9306,20.03
2026-06-22 11:00:00,beam-2a,Beam 2A,122.921,20.03
2026-06-22 11:00:00,beam-2b,Beam 2B,122.5031,20.03
2026-06-22 11:00:00,beam-3a,Beam 3A,120.5574,20.03
2026-06-22 11:00:00,beam-3b,Beam 3B,120.3326,20.03
2026-06-22 11:00:00,pier-cap-1,Pier Cap 1,96.3012,20.03
2026-06-22 11:00:00,pier-cap-2,Pier Cap 2,96.8515,20.03
2026-06-22 12:00:00,beam-1a,Beam 1A,122.3146,21.56
2026-06-22 12:00:00,beam-1b,Beam 1B,123.0926,21.56
2026-06-22 12:00:00,beam-2a,Beam 2A,122.7573,21.56
2026-06-22 12:00:00,beam-2b,Beam 2B,123.1736,21.56
2026-06-22 12:00:00,beam-3a,Beam 3A,121.8495,21.56
2026-06-22 12:00:00,beam-3b,Beam 3B,120.2057,21.56
2026-06-22 12:00:00,pier-cap-1,Pier Cap 1,96.4361,21.56
2026-06-22 12:00:00,pier-cap-2,Pier Cap 2,96.6544,21.56
2026-06-22 13:00:00,beam-1a,Beam 1A,123.0761,22.88
2026-06-22 13:00:00,beam-1b,Beam 1B,123.6752,22.88
2026-06-22 13:00:00,beam-2a,Beam 2A,123.4272,22.88
2026-06-22 13:00:00,beam-2b,Beam 2B,123.2658,22.88
2026-06-22 13:00:00,beam-3a,Beam 3A,122.9264,22.88
2026-06-22 13:00:00,beam-3b,Beam 3B,120.3839,22.88
2026-06-22 13:00:00,pier-cap-1,Pier Cap 1,96.0977,22.88
2026-06-22 13:00:00,pier-cap-2,Pier Cap 2,96.7146,22.88
2026-06-22 14:00:00,beam-1a,Beam 1A,122.7306,22.97
2026-06-22 14:00:00,beam-1b,Beam 1B,123.3721,22.97
2026-06-22 14:00:00,beam-2a,Beam 2A,123.4407,22.97
2026-06-22 14:00:00,beam-2b,Beam 2B,124.0798,22.97
2026-06-22 14:00:00,beam-3a,Beam 3A,122.5371,22.97
2026-06-22 14:00:00,beam-3b,Beam 3B,120.6756,22.97
2026-06-22 14:00:00,pier-cap-1,Pier Cap 1,96.893,22.97
2026-06-22 14:00:00,pier-cap-2,Pier Cap 2,96.9404,22.97
2026-06-22 15:00:00,beam-1a,Beam 1A,122.178,23.92
2026-06-22 15:00:00,beam-1b,Beam 1B,122.3086,23.92
2026-06-22 15:00:00,beam-2a,Beam 2A,123.2496,23.92
2026-06-22 15:00:00,beam-2b,Beam 2B,123.521,23.92
2026-06-22 15:00:00,beam-3a,Beam 3A,121.9898,23.92
2026-06-22 15:00:00,beam-3b,Beam 3B,120.6686,23.92
2026-06-22 15:00:00,pier-cap-1,Pier Cap 1,96.6855,23.92
2026-06-22 15:00:00,pier-cap-2,Pier Cap 2,97.1438,23.92
2026-06-22 16:00:00,beam-1a,Beam 1A,122.0787,23.98
2026-06-22 16:00:00,beam-1b,Beam 1B,122.2854,23.98
2026-06-22 16:00:00,beam-2a,Beam 2A,123.0187,23.98
2026-06-22 16:00:00,beam-2b,Beam 2B,123.6411,23.98
2026-06-22 16:00:00,beam-3a,Beam 3A,121.5918,23.98
2026-06-22 16:00:00,beam-3b,Beam 3B,120.1258,23.98
2026-06-22 16:00:00,pier-cap-1,Pier Cap 1,96.7955,23.98
2026-06-22 16:00:00,pier-cap-2,Pier Cap 2,97.8617,23.98
2026-06-22 17:00:00,beam-1a,Beam 1A,122.0587,23.01
2026-06-22 17:00:00,beam-1b,Beam 1B,122.1957,23.01
2026-06-22 17:00:00,beam-2a,Beam 2A,122.848,23.01
2026-06-22 17:00:00,beam-2b,Beam 2B,124.459,23.01
2026-06-22 17:00:00,beam-3a,Beam 3A,121.1359,23.01
2026-06-22 17:00:00,beam-3b,Beam 3B,120.1505,23.01
2026-06-22 17:00:00,pier-cap-1,Pier Cap 1,96.8309,23.01
2026-06-22 17:00:00,pier-cap-2,Pier Cap 2,97.0451,23.01
2026-06-22 18:00:00,beam-1a,Beam 1A,121.6234,21.15
2026-06-22 18:00:00,beam-1b,Beam 1B,121.4206,21.15
2026-06-22 18:00:00,beam-2a,Beam 2A,123.0642,21.15
2026-06-22 18:00:00,beam-2b,Beam 2B,123.0182,21.15
2026-06-22 18:00:00,beam-3a,Beam 3A,121.4311,21.15
2026-06-22 18:00:00,beam-3b,Beam 3B,120.5378,21.15
2026-06-22 18:00:00,pier-cap-1,Pier Cap 1,96.4203,21.15
2026-06-22 18:00:00,pier-cap-2,Pier Cap 2,96.4649,21.15
2026-06-22 19:00:00,beam-1a,Beam 1A,120.7745,20.28
2026-06-22 19:00:00,beam-1b,Beam 1B,121.6615,20.28
2026-06-22 19:00:00,beam-2a,Beam 2A,122.5395,20.28
2026-06-22 19:00:00,beam-2b,Beam 2B,123.1461,20.28
2026-06-22 19:00:00,beam-3a,Beam 3A,122.4288,20.28
2026-06-22 19:00:00,beam-3b,Beam 3B,120.0329,20.28
2026-06-22 19:00:00,pier-cap-1,Pier Cap 1,96.5418,20.28
2026-06-22 19:00:00,pier-cap-2,Pier Cap 2,96.6747,20.28
2026-06-22 20:00:00,beam-1a,Beam 1A,120.5034,18.94
2026-06-22 20:00:00,beam-1b,Beam 1B,121.3842,18.94
2026-06-22 20:00:00,beam-2a,Beam 2A,121.8695,18.94
2026-06-22 20:00:00,beam-2b,Beam 2B,122.9141,18.94
2026-06-22 20:00:00,beam-3a,Beam 3A,122.2534,18.94
2026-06-22 20:00:00,beam-3b,Beam 3B,119.16,18.94
2026-06-22 20:00:00,pier-cap-1,Pier Cap 1,95.903,18.94
2026-06-22 20:00:00,pier-cap-2,Pier Cap 2,96.5702,18.94
2026-06-22 21:00:00,beam-1a,Beam 1A,119.9383,16.08
2026-06-22 21:00:00,beam-1b,Beam 1B,120.0912,16.08
2026-06-22 21:00:00,beam-2a,Beam 2A,121.042,16.08
2026-06-22 21:00:00,beam-2b,Beam 2B,122.3765,16.08
2026-06-22 21:00:00,beam-3a,Beam 3A,120.9708,16.08
2026-06-22 21:00:00,beam-3b,Beam 3B,119.3284,16.08
2026-06-22 21:00:00,pier-cap-1,Pier Cap 1,95.8723,16.08
2026-06-22 21:00:00,pier-cap-2,Pier Cap 2,95.6778,16.08
2026-06-22 22:00:00,beam-1a,Beam 1A,119.6339,14.59
2026-06-22 22:00:00,beam-1b,Beam 1B,120.4745,14.59
2026-06-22 22:00:00,beam-2a,Beam 2A,121.7506,14.59
2026-06-22 22:00:00,beam-2b,Beam 2B,121.9019,14.59
2026-06-22 22:00:00,beam-3a,Beam 3A,119.5708,14.59
2026-06-22 22:00:00,beam-3b,Beam 3B,118.7263,14.59
2026-06-22 22:00:00,pier-cap-1,Pier Cap 1,95.3753,14.59
2026-06-22 22:00:00,pier-cap-2,Pier Cap 2,95.9591,14.59
2026-06-22 23:00:00,beam-1a,Beam 1A,119.1493,13.68
2026-06-22 23:00:00,beam-1b,Beam 1B,120.1725,13.68
2026-06-22 23:00:00,beam-2a,Beam 2A,121.0176,13.68
2026-06-22 23:00:00,beam-2b,Beam 2B,121.6824,13.68
2026-06-22 23:00:00,beam-3a,Beam 3A,118.7091,13.68
2026-06-22 23:00:00,beam-3b,Beam 3B,118.4435,13.68
2026-06-22 23:00:00,pier-cap-1,Pier Cap 1,95.3545,13.68
2026-06-22 23:00:00,pier-cap-2,Pier Cap 2,96.0649,13.68
2026-06-23 00:00:00,beam-1a,Beam 1A,118.7752,11.8
2026-06-23 00:00:00,beam-1b,Beam 1B,119.3953,11.8
2026-06-23 00:00:00,beam-2a,Beam 2A,120.9917,11.8
2026-06-23 00:00:00,beam-2b,Beam 2B,121.2685,11.8
2026-06-23 00:00:00,beam-3a,Beam 3A,119.7297,11.8
2026-06-23 00:00:00,beam-3b,Beam 3B,117.9908,11.8
2026-06-23 00:00:00,pier-cap-1,Pier Cap 1,95.0407,11.8
2026-06-23 00:00:00,pier-cap-2,Pier Cap 2,95.4612,11.8
2026-06-23 01:00:00,beam-1a,Beam 1A,119.1792,10.74
2026-06-23 01:00:00,beam-1b,Beam 1B,119.4096,10.74
2026-06-23 01:00:00,beam-2a,Beam 2A,121.1443,10.74
2026-06-23 01:00:00,beam-2b,Beam 2B,120.7871,10.74
2026-06-23 01:00:00,beam-3a,Beam 3A,119.998,10.74
2026-06-23 01:00:00,beam-3b,Beam 3B,118.5409,10.74
2026-06-23 01:00:00,pier-cap-1,Pier Cap 1,95.1335,10.74
2026-06-23 01:00:00,pier-cap-2,Pier Cap 2,95.0222,10.74
2026-06-23 02:00:00,beam-1a,Beam 1A,119.1706,10.62
2026-06-23 02:00:00,beam-1b,Beam 1B,118.8423,10.62
2026-06-23 02:00:00,beam-2a,Beam 2A,120.1008,10.62
2026-06-23 02:00:00,beam-2b,Beam 2B,121.1239,10.62
2026-06-23 02:00:00,beam-3a,Beam 3A,120.1968,10.62
2026-06-23 02:00:00,beam-3b,Beam 3B,117.4802,10.62
2026-06-23 02:00:00,pier-cap-1,Pier Cap 1,94.9597,10.62
2026-06-23 02:00:00,pier-cap-2,Pier Cap 2,95.0846,10.62
2026-06-23 03:00:00,beam-1a,Beam 1A,118.8632,9.83
2026-06-23 03:00:00,beam-1b,Beam 1B,119.361,9.83
2026-06-23 03:00:00,beam-2a,Beam 2A,120.4473,9.83
2026-06-23 03:00:00,beam-2b,Beam 2B,121.6465,9.83
2026-06-23 03:00:00,beam-3a,Beam 3A,119.1759,9.83
2026-06-23 03:00:00,beam-3b,Beam 3B,117.7239,9.83
2026-06-23 03:00:00,pier-cap-1,Pier Cap 1,94.4911,9.83
2026-06-23 03:00:00,pier-cap-2,Pier Cap 2,94.6264,9.83
2026-06-23 04:00:00,beam-1a,Beam 1A,119.4964,10.14
2026-06-23 04:00:00,beam-1b,Beam 1B,119.6823,10.14
2026-06-23 04:00:00,beam-2a,Beam 2A,120.4599,10.14
2026-06-23 04:00:00,beam-2b,Beam 2B,121.3824,10.14
2026-06-23 04:00:00,beam-3a,Beam 3A,118.7821,10.14
2026-06-23 04:00:00,beam-3b,Beam 3B,118.1188,10.14
2026-06-23 04:00:00,pier-cap-1,Pier Cap 1,94.4788,10.14
2026-06-23 04:00:00,pier-cap-2,Pier Cap 2,95.131,10.14
2026-06-23 05:00:00,beam-1a,Beam 1A,119.167,11.66
2026-06-23 05:00:00,beam-1b,Beam 1B,120.1501,11.66
2026-06-23 05:00:00,beam-2a,Beam 2A,120.9842,11.66
2026-06-23 05:00:00,beam-2b,Beam 2B,121.3241,11.66
2026-06-23 05:00:00,beam-3a,Beam 3A,118.7153,11.66
2026-06-23 05:00:00,beam-3b,Beam 3B,118.9181,11.66
2026-06-23 05:00:00,pier-cap-1,Pier Cap 1,94.8843,11.66
2026-06-23 05:00:00,pier-cap-2,Pier Cap 2,95.4924,11.66
2026-06-23 06:00:00,beam-1a,Beam 1A,120.0537,11.6
2026-06-23 06:00:00,beam-1b,Beam 1B,120.4108,11.6
2026-06-23 06:00:00,beam-2a,Beam 2A,121.3165,11.6
2026-06-23 06:00:00,beam-2b,Beam 2B,121.5336,11.6
2026-06-23 06:00:00,beam-3a,Beam 3A,119.304,11.6
2026-06-23 06:00:00,beam-3b,Beam 3B,118.5486,11.6
2026-06-23 06:00:00,pier-cap-1,Pier Cap 1,94.6626,11.6
2026-06-23 06:00:00,pier-cap-2,Pier Cap 2,95.1216,11.6
2026-06-23 07:00:00,beam-1a,Beam 1A,120.0421,12.82
2026-06-23 07:00:00,beam-1b,Beam 1B,120.7339,12.82
2026-06-23 07:00:00,beam-2a,Beam 2A,120.5322,12.82
2026-06-23 07:00:00,beam-2b,Beam 2B,121.0871,12.82
2026-06-23 07:00:00,beam-3a,Beam 3A,121.0962,12.82
2026-06-23 07:00:00,beam-3b,Beam 3B,118.2897,12.82
2026-06-23 07:00:00,pier-cap-1,Pier Cap 1,94.7574,12.82
2026-06-23 07:00:00,pier-cap-2,Pier Cap 2,96.1549,12.82
2026-06-23 08:00:00,beam-1a,Beam 1A,121.545,15.0
2026-06-23 08:00:00,beam-1b,Beam 1B,121.1076,15.0
2026-06-23 08:00:00,beam-2a,Beam 2A,121.7277,15.0
2026-06-23 08:00:00,beam-2b,Beam 2B,121.7666,15.0
2026-06-23 08:00:00,beam-3a,Beam 3A,120.7445,15.0
2026-06-23 08:00:00,beam-3b,Beam 3B,119.535,15.0
2026-06-23 08:00:00,pier-cap-1,Pier Cap 1,94.7614,15.0
2026-06-23 08:00:00,pier-cap-2,Pier Cap 2,96.1375,15.0
2026-06-23 09:00:00,beam-1a,Beam 1A,120.4506,16.81
2026-06-23 09:00:00,beam-1b,Beam 1B,121.7719,16.81
2026-06-23 09:00:00,beam-2a,Beam 2A,122.2756,16.81
2026-06-23 09:00:00,beam-2b,Beam 2B,122.6134,16.81
2026-06-23 09:00:00,beam-3a,Beam 3A,120.7462,16.81
2026-06-23 09:00:00,beam-3b,Beam 3B,118.8705,16.81
2026-06-23 09:00:00,pier-cap-1,Pier Cap 1,95.2075,16.81
2026-06-23 09:00:00,pier-cap-2,Pier Cap 2,95.6344,16.81
2026-06-23 10:00:00,beam-1a,Beam 1A,120.9749,18.24
2026-06-23 10:00:00,beam-1b,Beam 1B,122.3744,18.24
2026-06-23 10:00:00,beam-2a,Beam 2A,122.0735,18.24
2026-06-23 10:00:00,beam-2b,Beam 2B,123.1145,18.24
2026-06-23 10:00:00,beam-3a,Beam 3A,120.6672,18.24
2026-06-23 10:00:00,beam-3b,Beam 3B,119.7085,18.24
2026-06-23 10:00:00,pier-cap-1,Pier Cap 1,96.4817,18.24
2026-06-23 10:00:00,pier-cap-2,Pier Cap 2,95.8544,18.24
2026-06-23 11:00:00,beam-1a,Beam 1A,121.6735,19.73
2026-06-23 11:00:00,beam-1b,Beam 1B,122.3048,19.73
2026-06-23 11:00:00,beam-2a,Beam 2A,122.3903,19.73
2026-06-23 11:00:00,beam-2b,Beam 2B,122.5088,19.73
2026-06-23 11:00:00,beam-3a,Beam 3A,120.9363,19.73
2026-06-23 11:00:00,beam-3b,Beam 3B,120.0687,19.73
2026-06-23 11:00:00,pier-cap-1,Pier Cap 1,95.912,19.73
2026-06-23 11:00:00,pier-cap-2,Pier Cap 2,96.3137,19.73
2026-06-23 12:00:00,beam-1a,Beam 1A,122.1625,22.51
2026-06-23 12:00:00,beam-1b,Beam 1B,122.9496,22.51
2026-06-23 12:00:00,beam-2a,Beam 2A,123.17,22.51
2026-06-23 12:00:00,beam-2b,Beam 2B,123.1813,22.51
2026-06-23 12:00:00,beam-3a,Beam 3A,122.1107,22.51
2026-06-23 12:00:00,beam-3b,Beam 3B,120.1191,22.51
2026-06-23 12:00:00,pier-cap-1,Pier Cap 1,97.098,22.51
2026-06-23 12:00:00,pier-cap-2,Pier Cap 2,97.4989,22.51
2026-06-23 13:00:00,beam-1a,Beam 1A,122.7096,22.83
2026-06-23 13:00:00,beam-1b,Beam 1B,122.7806,22.83
2026-06-23 13:00:00,beam-2a,Beam 2A,123.2044,22.83
2026-06-23 13:00:00,beam-2b,Beam 2B,124.3114,22.83
2026-06-23 13:00:00,beam-3a,Beam 3A,122.6867,22.83
2026-06-23 13:00:00,beam-3b,Beam 3B,120.7323,22.83
2026-06-23 13:00:00,pier-cap-1,Pier Cap 1,96.6958,22.83
2026-06-23 13:00:00,pier-cap-2,Pier Cap 2,97.3421,22.83
2026-06-23 14:00:00,beam-1a,Beam 1A,121.7332,23.11
2026-06-23 14:00:00,beam-1b,Beam 1B,122.5633,23.11
2026-06-23 14:00:00,beam-2a,Beam 2A,123.3545,23.11
2026-06-23 14:00:00,beam-2b,Beam 2B,123.5327,23.11
2026-06-23 14:00:00,beam-3a,Beam 3A,122.8882,23.11
2026-06-23 14:00:00,beam-3b,Beam 3B,120.3606,23.11
2026-06-23 14:00:00,pier-cap-1,Pier Cap 1,96.6013,23.11
2026-06-23 14:00:00,pier-cap-2,Pier Cap 2,97.6033,23.11
2026-06-23 15:00:00,beam-1a,Beam 1A,122.2988,24.01
2026-06-23 15:00:00,beam-1b,Beam 1B,122.9914,24.01
2026-06-23 15:00:00,beam-2a,Beam 2A,123.5256,24.01
2026-06-23 15:00:00,beam-2b,Beam 2B,124.4034,24.01
2026-06-23 15:00:00,beam-3a,Beam 3A,122.6004,24.01
2026-06-23 15:00:00,beam-3b,Beam 3B,120.9544,24.01
2026-06-23 15:00:00,pier-cap-1,Pier Cap 1,96.3007,24.01
2026-06-23 15:00:00,pier-cap-2,Pier Cap 2,97.2539,24.01
2026-06-23 16:00:00,beam-1a,Beam 1A,122.1326,23.36
2026-06-23 16:00:00,beam-1b,Beam 1B,122.3614,23.36
2026-06-23 16:00:00,beam-2a,Beam 2A,122.7786,23.36
2026-06-23 16:00:00,beam-2b,Beam 2B,123.6273,23.36
2026-06-23 16:00:00,beam-3a,Beam 3A,121.459,23.36
2026-06-23 16:00:00,beam-3b,Beam 3B,119.944,23.36
2026-06-23 16:00:00,pier-cap-1,Pier Cap 1,96.655,23.36
2026-06-23 16:00:00,pier-cap-2,Pier Cap 2,97.0907,23.36
2026-06-23 17:00:00,beam-1a,Beam 1A,121.6436,22.6
2026-06-23 17:00:00,beam-1b,Beam 1B,122.3659,22.6
2026-06-23 17:00:00,beam-2a,Beam 2A,123.4162,22.6
2026-06-23 17:00:00,beam-2b,Beam 2B,123.4919,22.6
2026-06-23 17:00:00,beam-3a,Beam 3A,120.5242,22.6
2026-06-23 17:00:00,beam-3b,Beam 3B,120.5613,22.6
2026-06-23 17:00:00,pier-cap-1,Pier Cap 1,97.1077,22.6
2026-06-23 17:00:00,pier-cap-2,Pier Cap 2,96.6658,22.6
2026-06-23 18:00:00,beam-1a,Beam 1A,120.7035,21.81
2026-06-23 18:00:00,beam-1b,Beam 1B,121.8872,21.81
2026-06-23 18:00:00,beam-2a,Beam 2A,123.3295,21.81
2026-06-23 18:00:00,beam-2b,Beam 2B,123.1143,21.81
2026-06-23 18:00:00,beam-3a,Beam 3A,121.5222,21.81
2026-06-23 18:00:00,beam-3b,Beam 3B,120.1504,21.81
2026-06-23 18:00:00,pier-cap-1,Pier Cap 1,96.8894,21.81
2026-06-23 18:00:00,pier-cap-2,Pier Cap 2,97.027,21.81
2026-06-23 19:00:00,beam-1a,Beam 1A,120.931,19.62
2026-06-23 19:00:00,beam-1b,Beam 1B,121.1731,19.62
2026-06-23 19:00:00,beam-2a,Beam 2A,122.4989,19.62
2026-06-23 19:00:00,beam-2b,Beam 2B,123.1754,19.62
2026-06-23 19:00:00,beam-3a,Beam 3A,122.2247,19.62
2026-06-23 19:00:00,beam-3b,Beam 3B,120.2807,19.62
2026-06-23 19:00:00,pier-cap-1,Pier Cap 1,96.1757,19.62
2026-06-23 19:00:00,pier-cap-2,Pier Cap 2,96.5345,19.62
2026-06-23 20:00:00,beam-1a,Beam 1A,120.5235,18.59
2026-06-23 20:00:00,beam-1b,Beam 1B,120.8234,18.59
2026-06-23 20:00:00,beam-2a,Beam 2A,121.6208,18.59
2026-06-23 20:00:00,beam-2b,Beam 2B,123.1357,18.59
2026-06-23 20:00:00,beam-3a,Beam 3A,121.5674,18.59
2026-06-23 20:00:00,beam-3b,Beam 3B,119.6671,18.59
2026-06-23 20:00:00,pier-cap-1,Pier Cap 1,95.5942,18.59
2026-06-23 20:00:00,pier-cap-2,Pier Cap 2,96.3684,18.59
2026-06-23 21:00:00,beam-1a,Beam 1A,119.9478,17.4
2026-06-23 21:00:00,beam-1b,Beam 1B,120.4089,17.4
2026-06-23 21:00:00,beam-2a,Beam 2A,121.935,17.4
2026-06-23 21:00:00,beam-2b,Beam 2B,121.9413,17.4
2026-06-23 21:00:00,beam-3a,Beam 3A,121.4401,17.4
2026-06-23 21:00:00,beam-3b,Beam 3B,119.8941,17.4
2026-06-23 21:00:00,pier-cap-1,Pier Cap 1,95.4735,17.4
2026-06-23 21:00:00,pier-cap-2,Pier Cap 2,96.7461,17.4
2026-06-23 22:00:00,beam-1a,Beam 1A,119.2713,15.01
2026-06-23 22:00:00,beam-1b,Beam 1B,119.4763,15.01
2026-06-23 22:00:00,beam-2a,Beam 2A,121.5806,15.01
2026-06-23 22:00:00,beam-2b,Beam 2B,121.7365,15.01
2026-06-23 22:00:00,beam-3a,Beam 3A,119.7078,15.01
2026-06-23 22:00:00,beam-3b,Beam 3B,119.1803,15.01
2026-06-23 22:00:00,pier-cap-1,Pier Cap 1,95.1463,15.01
2026-06-23 22:00:00,pier-cap-2,Pier Cap 2,95.8642,15.01
2026-06-23 23:00:00,beam-1a,Beam 1A,118.8331,12.99
2026-06-23 23:00:00,beam-1b,Beam 1B,119.7443,12.99
2026-06-23 23:00:00,beam-2a,Beam 2A,120.6399,12.99
2026-06-23 23:00:00,beam-2b,Beam 2B,121.8387,12.99
2026-06-23 23:00:00,beam-3a,Beam 3A,119.3758,12.99
2026-06-23 23:00:00,beam-3b,Beam 3B,118.5732,12.99
2026-06-23 23:00:00,pier-cap-1,Pier Cap 1,95.4818,12.99
2026-06-23 23:00:00,pier-cap-2,Pier Cap 2,95.9976,12.99
2026-06-24 00:00:00,beam-1a,Beam 1A,118.3877,11.2
2026-06-24 00:00:00,beam-1b,Beam 1B,119.3563,11.2
2026-06-24 00:00:00,beam-2a,Beam 2A,120.5968,11.2
2026-06-24 00:00:00,beam-2b,Beam 2B,121.0642,11.2
2026-06-24 00:00:00,beam-3a,Beam 3A,120.0925,11.2
2026-06-24 00:00:00,beam-3b,Beam 3B,118.5545,11.2
2026-06-24 00:00:00,pier-cap-1,Pier Cap 1,95.3202,11.2
2026-06-24 00:00:00,pier-cap-2,Pier Cap 2,94.8543,11.2
2026-06-24 01:00:00,beam-1a,Beam 1A,118.4524,10.13
2026-06-24 01:00:00,beam-1b,Beam 1B,119.3893,10.13
2026-06-24 01:00:00,beam-2a,Beam 2A,119.9624,10.13
2026-06-24 01:00:00,beam-2b,Beam 2B,120.7042,10.13
2026-06-24 01:00:00,beam-3a,Beam 3A,120.1236,10.13
2026-06-24 01:00:00,beam-3b,Beam 3B,118.3528,10.13
2026-06-24 01:00:00,pier-cap-1,Pier Cap 1,94.7284,10.13
2026-06-24 01:00:00,pier-cap-2,Pier Cap 2,95.976,10.13
2026-06-24 02:00:00,beam-1a,Beam 1A,118.1839,9.49
2026-06-24 02:00:00,beam-1b,Beam 1B,118.8545,9.49
2026-06-24 02:00:00,beam-2a,Beam 2A,120.6417,9.49
2026-06-24 02:00:00,beam-2b,Beam 2B,121.1782,9.49
2026-06-24 02:00:00,beam-3a,Beam 3A,120.13,9.49
2026-06-24 02:00:00,beam-3b,Beam 3B,118.119,9.49
2026-06-24 02:00:00,pier-cap-1,Pier Cap 1,94.4832,9.49
2026-06-24 02:00:00,pier-cap-2,Pier Cap 2,94.9621,9.49
2026-06-24 03:00:00,beam-1a,Beam 1A,117.9485,9.21
2026-06-24 03:00:00,beam-1b,Beam 1B,119.7802,9.21
2026-06-24 03:00:00,beam-2a,Beam 2A,120.4076,9.21
2026-06-24 03:00:00,beam-2b,Beam 2B,121.1584,9.21
2026-06-24 03:00:00,beam-3a,Beam 3A,119.6376,9.21
2026-06-24 03:00:00,beam-3b,Beam 3B,117.0968,9.21
2026-06-24 03:00:00,pier-cap-1,Pier Cap 1,94.9955,9.21
2026-06-24 03:00:00,pier-cap-2,Pier Cap 2,95.243,9.21
2026-06-24 04:00:00,beam-1a,Beam 1A,118.1693,9.96
2026-06-24 04:00:00,beam-1b,Beam 1B,119.2784,9.96
2026-06-24 04:00:00,beam-2a,Beam 2A,119.8341,9.96
2026-06-24 04:00:00,beam-2b,Beam 2B,120.6887,9.96
2026-06-24 04:00:00,beam-3a,Beam 3A,118.2597,9.96
2026-06-24 04:00:00,beam-3b,Beam 3B,117.6989,9.96
2026-06-24 04:00:00,pier-cap-1,Pier Cap 1,94.3507,9.96
2026-06-24 04:00:00,pier-cap-2,Pier Cap 2,95.4042,9.96
2026-06-24 05:00:00,beam-1a,Beam 1A,118.3475,9.6
2026-06-24 05:00:00,beam-1b,Beam 1B,119.1832,9.6
2026-06-24 05:00:00,beam-2a,Beam 2A,120.5609,9.6
2026-06-24 05:00:00,beam-2b,Beam 2B,120.8816,9.6
2026-06-24 05:00:00,beam-3a,Beam 3A,118.6074,9.6
2026-06-24 05:00:00,beam-3b,Beam 3B,118.4587,9.6
2026-06-24 05:00:00,pier-cap-1,Pier Cap 1,94.6058,9.6
2026-06-24 05:00:00,pier-cap-2,Pier Cap 2,94.941,9.6
2026-06-24 06:00:00,beam-1a,Beam 1A,119.2277,11.75
2026-06-24 06:00:00,beam-1b,Beam 1B,119.6846,11.75
2026-06-24 06:00:00,beam-2a,Beam 2A,120.8278,11.75
2026-06-24 06:00:00,beam-2b,Beam 2B,120.7436,11.75
2026-06-24 06:00:00,beam-3a,Beam 3A,120.1006,11.75
2026-06-24 06:00:00,beam-3b,Beam 3B,117.9433,11.75
2026-06-24 06:00:00,pier-cap-1,Pier Cap 1,95.0517,11.75
2026-06-24 06:00:00,pier-cap-2,Pier Cap 2,95.6585,11.75
2026-06-24 07:00:00,beam-1a,Beam 1A,119.4811,12.71
2026-06-24 07:00:00,beam-1b,Beam 1B,119.7699,12.71
2026-06-24 07:00:00,beam-2a,Beam 2A,121.2476,12.71
2026-06-24 07:00:00,beam-2b,Beam 2B,121.0596,12.71
2026-06-24 07:00:00,beam-3a,Beam 3A,120.7098,12.71
2026-06-24 07:00:00,beam-3b,Beam 3B,118.8728,12.71
2026-06-24 07:00:00,pier-cap-1,Pier Cap 1,94.7969,12.71
2026-06-24 07:00:00,pier-cap-2,Pier Cap 2,95.8171,12.71
2026-06-24 08:00:00,beam-1a,Beam 1A,120.1112,14.7
2026-06-24 08:00:00,beam-1b,Beam 1B,121.4623,14.7
2026-06-24 08:00:00,beam-2a,Beam 2A,121.2826,14.7
2026-06-24 08:00:00,beam-2b,Beam 2B,121.8659,14.7
2026-06-24 08:00:00,beam-3a,Beam 3A,121.5804,14.7
2026-06-24 08:00:00,beam-3b,Beam 3B,119.1895,14.7
2026-06-24 08:00:00,pier-cap-1,Pier Cap 1,95.1636,14.7
2026-06-24 08:00:00,pier-cap-2,Pier Cap 2,95.6405,14.7
2026-06-24 09:00:00,beam-1a,Beam 1A,120.5174,15.91
2026-06-24 09:00:00,beam-1b,Beam 1B,121.7158,15.91
2026-06-24 09:00:00,beam-2a,Beam 2A,121.3607,15.91
2026-06-24 09:00:00,beam-2b,Beam 2B,122.0711,15.91
2026-06-24 09:00:00,beam-3a,Beam 3A,120.0519,15.91
2026-06-24 09:00:00,beam-3b,Beam 3B,118.9182,15.91
2026-06-24 09:00:00,pier-cap-1,Pier Cap 1,95.3218,15.91
2026-06-24 09:00:00,pier-cap-2,Pier Cap 2,95.8256,15.91
2026-06-24 10:00:00,beam-1a,Beam 1A,120.7228,18.7
2026-06-24 10:00:00,beam-1b,Beam 1B,122.0501,18.7
2026-06-24 10:00:00,beam-2a,Beam 2A,121.9317,18.7
2026-06-24 10:00:00,beam-2b,Beam 2B,122.2308,18.7
2026-06-24 10:00:00,beam-3a,Beam 3A,119.8486,18.7
2026-06-24 10:00:00,beam-3b,Beam 3B,119.0047,18.7
2026-06-24 10:00:00,pier-cap-1,Pier Cap 1,96.3801,18.7
2026-06-24 10:00:00,pier-cap-2,Pier Cap 2,96.4686,18.7
2026-06-24 11:00:00,beam-1a,Beam 1A,121.7753,20.36
2026-06-24 11:00:00,beam-1b,Beam 1B,121.85,20.36
2026-06-24 11:00:00,beam-2a,Beam 2A,122.3558,20.36
2026-06-24 11:00:00,beam-2b,Beam 2B,122.6624,20.36
2026-06-24 11:00:00,beam-3a,Beam 3A,121.0248,20.36
2026-06-24 11:00:00,beam-3b,Beam 3B,119.8184,20.36
2026-06-24 11:00:00,pier-cap-1,Pier Cap 1,96.7776,20.36
2026-06-24 11:00:00,pier-cap-2,Pier Cap 2,96.6687,20.36
2026-06-24 12:00:00,beam-1a,Beam 1A,121.3998,21.69
2026-06-24 12:00:00,beam-1b,Beam 1B,123.0325,21.69
2026-06-24 12:00:00,beam-2a,Beam 2A,122.8457,21.69
2026-06-24 12:00:00,beam-2b,Beam 2B,122.79,21.69
2026-06-24 12:00:00,beam-3a,Beam 3A,122.0093,21.69
2026-06-24 12:00:00,beam-3b,Beam 3B,120.9985,21.69
2026-06-24 12:00:00,pier-cap-1,Pier Cap 1,96.438,21.69
2026-06-24 12:00:00,pier-cap-2,Pier Cap 2,97.3215,21.69
2026-06-24 13:00:00,beam-1a,Beam 1A,121.3131,21.81
2026-06-24 13:00:00,beam-1b,Beam 1B,122.2505,21.81
2026-06-24 13:00:00,beam-2a,Beam 2A,122.9219,21.81
2026-06-24 13:00:00,beam-2b,Beam 2B,123.4228,21.81
2026-06-24 13:00:00,beam-3a,Beam 3A,122.3599,21.81
2026-06-24 13:00:00,beam-3b,Beam 3B,119.9924,21.81
2026-06-24 13:00:00,pier-cap-1,Pier Cap 1,96.3415,21.81
2026-06-24 13:00:00,pier-cap-2,Pier Cap 2,97.1328,21.81
2026-06-24 14:00:00,beam-1a,Beam 1A,121.8317,23.45
2026-06-24 14:00:00,beam-1b,Beam 1B,122.4812,23.45
2026-06-24 14:00:00,beam-2a,Beam 2A,123.1138,23.45
2026-06-24 14:00:00,beam-2b,Beam 2B,122.7814,23.45
2026-06-24 14:00:00,beam-3a,Beam 3A,122.8803,23.45
2026-06-24 14:00:00,beam-3b,Beam 3B,120.3275,23.45
2026-06-24 14:00:00,pier-cap-1,Pier Cap 1,96.4876,23.45
2026-06-24 14:00:00,pier-cap-2,Pier Cap 2,97.1464,23.45
2026-06-24 15:00:00,beam-1a,Beam 1A,120.8944,23.52
2026-06-24 15:00:00,beam-1b,Beam 1B,122.9564,23.52
2026-06-24 15:00:00,beam-2a,Beam 2A,123.0345,23.52
2026-06-24 15:00:00,beam-2b,Beam 2B,123.1778,23.52
2026-06-24 15:00:00,beam-3a,Beam 3A,122.3182,23.52
2026-06-24 15:00:00,beam-3b,Beam 3B,120.2695,23.52
2026-06-24 15:00:00,pier-cap-1,Pier Cap 1,96.6784,23.52
2026-06-24 15:00:00,pier-cap-2,Pier Cap 2,97.3597,23.52
2026-06-24 16:00:00,beam-1a,Beam 1A,120.9145,22.48
2026-06-24 16:00:00,beam-1b,Beam 1B,122.3418,22.48
2026-06-24 16:00:00,beam-2a,Beam 2A,122.8547,22.48
2026-06-24 16:00:00,beam-2b,Beam 2B,122.6289,22.48
2026-06-24 16:00:00,beam-3a,Beam 3A,120.8777,22.48
2026-06-24 16:00:00,beam-3b,Beam 3B,120.8457,22.48
2026-06-24 16:00:00,pier-cap-1,Pier Cap 1,96.3564,22.48
2026-06-24 16:00:00,pier-cap-2,Pier Cap 2,96.4075,22.48
2026-06-24 17:00:00,beam-1a,Beam 1A,121.3325,22.41
2026-06-24 17:00:00,beam-1b,Beam 1B,122.6833,22.41
2026-06-24 17:00:00,beam-2a,Beam 2A,123.985,22.41
2026-06-24 17:00:00,beam-2b,Beam 2B,123.5285,22.41
2026-06-24 17:00:00,beam-3a,Beam 3A,120.9032,22.41
2026-06-24 17:00:00,beam-3b,Beam 3B,120.3228,22.41
2026-06-24 17:00:00,pier-cap-1,Pier Cap 1,96.4823,22.41
2026-06-24 17:00:00,pier-cap-2,Pier Cap 2,96.8268,22.41
2026-06-24 18:00:00,beam-1a,Beam 1A,119.9913,21.45
2026-06-24 18:00:00,beam-1b,Beam 1B,121.614,21.45
2026-06-24 18:00:00,beam-2a,Beam 2A,122.4822,21.45
2026-06-24 18:00:00,beam-2b,Beam 2B,122.4487,21.45
2026-06-24 18:00:00,beam-3a,Beam 3A,121.7349,21.45
2026-06-24 18:00:00,beam-3b,Beam 3B,120.0069,21.45
2026-06-24 18:00:00,pier-cap-1,Pier Cap 1,96.4919,21.45
2026-06-24 18:00:00,pier-cap-2,Pier Cap 2,96.9542,21.45
2026-06-24 19:00:00,beam-1a,Beam 1A,120.5742,20.08
2026-06-24 19:00:00,beam-1b,Beam 1B,120.9753,20.08
2026-06-24 19:00:00,beam-2a,Beam 2A,122.2927,20.08
2026-06-24 19:00:00,beam-2b,Beam 2B,122.908,20.08
2026-06-24 19:00:00,beam-3a,Beam 3A,122.4246,20.08
2026-06-24 19:00:00,beam-3b,Beam 3B,120.4598,20.08
2026-06-24 19:00:00,pier-cap-1,Pier Cap 1,96.0403,20.08
2026-06-24 19:00:00,pier-cap-2,Pier Cap 2,96.9965,20.08
2026-06-24 20:00:00,beam-1a,Beam 1A,120.2267,18.24
2026-06-24 20:00:00,beam-1b,Beam 1B,120.4187,18.24
2026-06-24 20:00:00,beam-2a,Beam 2A,123.4655,18.24
2026-06-24 20:00:00,beam-2b,Beam 2B,123.1834,18.24
2026-06-24 20:00:00,beam-3a,Beam 3A,121.3522,18.24
2026-06-24 20:00:00,beam-3b,Beam 3B,119.8184,18.24
2026-06-24 20:00:00,pier-cap-1,Pier Cap 1,95.8291,18.24
2026-06-24 20:00:00,pier-cap-2,Pier Cap 2,96.4459,18.24
2026-06-24 21:00:00,beam-1a,Beam 1A,119.1252,16.47
2026-06-24 21:00:00,beam-1b,Beam 1B,119.5468,16.47
2026-06-24 21:00:00,beam-2a,Beam 2A,121.9631,16.47
2026-06-24 21:00:00,beam-2b,Beam 2B,122.844,16.47
2026-06-24 21:00:00,beam-3a,Beam 3A,120.6569,16.47
2026-06-24 21:00:00,beam-3b,Beam 3B,118.9582,16.47
2026-06-24 21:00:00,pier-cap-1,Pier Cap 1,95.5654,16.47
2026-06-24 21:00:00,pier-cap-2,Pier Cap 2,96.5585,16.47
2026-06-24 22:00:00,beam-1a,Beam 1A,118.9789,15.13
2026-06-24 22:00:00,beam-1b,Beam 1B,119.7218,15.13
2026-06-24 22:00:00,beam-2a,Beam 2A,120.975,15.13
2026-06-24 22:00:00,beam-2b,Beam 2B,121.1847,15.13
2026-06-24 22:00:00,beam-3a,Beam 3A,119.687,15.13
2026-06-24 22:00:00,beam-3b,Beam 3B,118.5974,15.13
2026-06-24 22:00:00,pier-cap-1,Pier Cap 1,95.3249,15.13
2026-06-24 22:00:00,pier-cap-2,Pier Cap 2,96.1806,15.13
2026-06-24 23:00:00,beam-1a,Beam 1A,118.8901,13.35
2026-06-24 23:00:00,beam-1b,Beam 1B,119.8453,13.35
2026-06-24 23:00:00,beam-2a,Beam 2A,121.5066,13.35
2026-06-24 23:00:00,beam-2b,Beam 2B,121.6692,13.35
2026-06-24 23:00:00,beam-3a,Beam 3A,119.58,13.35
2026-06-24 23:00:00,beam-3b,Beam 3B,119.0914,13.35
2026-06-24 23:00:00,pier-cap-1,Pier Cap 1,95.0197,13.35
2026-06-24 23:00:00,pier-cap-2,Pier Cap 2,95.5056,13.35
2026-06-25 00:00:00,beam-1a,Beam 1A,117.7087,9.88
2026-06-25 00:00:00,beam-1b,Beam 1B,119.0317,9.88
2026-06-25 00:00:00,beam-2a,Beam 2A,120.1114,9.88
2026-06-25 00:00:00,beam-2b,Beam 2B,120.4603,9.88
2026-06-25 00:00:00,beam-3a,Beam 3A,119.4736,9.88
2026-06-25 00:00:00,beam-3b,Beam 3B,118.0325,9.88
2026-06-25 00:00:00,pier-cap-1,Pier Cap 1,94.8602,9.88
2026-06-25 00:00:00,pier-cap-2,Pier Cap 2,95.0896,9.88
2026-06-25 01:00:00,beam-1a,Beam 1A,118.1717,9.78
2026-06-25 01:00:00,beam-1b,Beam 1B,118.8288,9.78
2026-06-25 01:00:00,beam-2a,Beam 2A,120.8205,9.78
2026-06-25 01:00:00,beam-2b,Beam 2B,120.3604,9.78
2026-06-25 01:00:00,beam-3a,Beam 3A,119.9712,9.78
2026-06-25 01:00:00,beam-3b,Beam 3B,117.4669,9.78
2026-06-25 01:00:00,pier-cap-1,Pier Cap 1,94.0865,9.78
2026-06-25 01:00:00,pier-cap-2,Pier Cap 2,95.2402,9.78
2026-06-25 02:00:00,beam-1a,Beam 1A,117.5975,9.15
2026-06-25 02:00:00,beam-1b,Beam 1B,118.4416,9.15
2026-06-25 02:00:00,beam-2a,Beam 2A,120.2449,9.15
2026-06-25 02:00:00,beam-2b,Beam 2B,120.6648,9.15
2026-06-25 02:00:00,beam-3a,Beam 3A,120.4797,9.15
2026-06-25 02:00:00,beam-3b,Beam 3B,117.2637,9.15
2026-06-25 02:00:00,pier-cap-1,Pier Cap 1,94.9942,9.15
2026-06-25 02:00:00,pier-cap-2,Pier Cap 2,94.8874,9.15
2026-06-25 03:00:00,beam-1a,Beam 1A,117.6253,8.27
2026-06-25 03:00:00,beam-1b,Beam 1B,118.8331,8.27
2026-06-25 03:00:00,beam-2a,Beam 2A,119.9787,8.27
2026-06-25 03:00:00,beam-2b,Beam 2B,121.027,8.27
2026-06-25 03:00:00,beam-3a,Beam 3A,118.9869,8.27
2026-06-25 03:00:00,beam-3b,Beam 3B,117.3312,8.27
2026-06-25 03:00:00,pier-cap-1,Pier Cap 1,94.4316,8.27
2026-06-25 03:00:00,pier-cap-2,Pier Cap 2,95.3503,8.27
2026-06-25 04:00:00,beam-1a,Beam 1A,117.8775,9.25
2026-06-25 04:00:00,beam-1b,Beam 1B,119.4768,9.25
2026-06-25 04:00:00,beam-2a,Beam 2A,120.9937,9.25
2026-06-25 04:00:00,beam-2b,Beam 2B,120.9712,9.25
2026-06-25 04:00:00,beam-3a,Beam 3A,118.557,9.25
2026-06-25 04:00:00,beam-3b,Beam 3B,117.4737,9.25
2026-06-25 04:00:00,pier-cap-1,Pier Cap 1,94.7205,9.25
2026-06-25 04:00:00,pier-cap-2,Pier Cap 2,94.7049,9.25
2026-06-25 05:00:00,beam-1a,Beam 1A,118.6989,10.41
2026-06-25 05:00:00,beam-1b,Beam 1B,119.6985,10.41
2026-06-25 05:00:00,beam-2a,Beam 2A,120.8088,10.41
2026-06-25 05:00:00,beam-2b,Beam 2B,120.6777,10.41
2026-06-25 05:00:00,beam-3a,Beam 3A,118.3237,10.41
2026-06-25 05:00:00,beam-3b,Beam 3B,117.412,10.41
2026-06-25 05:00:00,pier-cap-1,Pier Cap 1,94.9292,10.41
2026-06-25 05:00:00,pier-cap-2,Pier Cap 2,95.3065,10.41
2026-06-25 06:00:00,beam-1a,Beam 1A,119.1676,10.59
2026-06-25 06:00:00,beam-1b,Beam 1B,119.7932,10.59
2026-06-25 06:00:00,beam-2a,Beam 2A,121.0071,10.59
2026-06-25 06:00:00,beam-2b,Beam 2B,121.2816,10.59
2026-06-25 06:00:00,beam-3a,Beam 3A,119.3697,10.59
2026-06-25 06:00:00,beam-3b,Beam 3B,117.7772,10.59
2026-06-25 06:00:00,pier-cap-1,Pier Cap 1,94.526,10.59
2026-06-25 06:00:00,pier-cap-2,Pier Cap 2,95.459,10.59
2026-06-25 07:00:00,beam-1a,Beam 1A,119.2936,12.61
2026-06-25 07:00:00,beam-1b,Beam 1B,120.0554,12.61
2026-06-25 07:00:00,beam-2a,Beam 2A,121.1956,12.61
2026-06-25 07:00:00,beam-2b,Beam 2B,120.5061,12.61
2026-06-25 07:00:00,beam-3a,Beam 3A,120.8895,12.61
2026-06-25 07:00:00,beam-3b,Beam 3B,118.2239,12.61
2026-06-25 07:00:00,pier-cap-1,Pier Cap 1,94.7669,12.61
2026-06-25 07:00:00,pier-cap-2,Pier Cap 2,95.4472,12.61
2026-06-25 08:00:00,beam-1a,Beam 1A,119.2767,13.8
2026-06-25 08:00:00,beam-1b,Beam 1B,121.0051,13.8
2026-06-25 08:00:00,beam-2a,Beam 2A,121.0814,13.8
2026-06-25 08:00:00,beam-2b,Beam 2B,121.34,13.8
2026-06-25 08:00:00,beam-3a,Beam 3A,121.0483,13.8
2026-06-25 08:00:00,beam-3b,Beam 3B,118.6092,13.8
2026-06-25 08:00:00,pier-cap-1,Pier Cap 1,94.9097,13.8
2026-06-25 08:00:00,pier-cap-2,Pier Cap 2,95.5577,13.8
2026-06-25 09:00:00,beam-1a,Beam 1A,119.8486,15.7
2026-06-25 09:00:00,beam-1b,Beam 1B,120.1151,15.7
2026-06-25 09:00:00,beam-2a,Beam 2A,121.8855,15.7
2026-06-25 09:00:00,beam-2b,Beam 2B,121.6937,15.7
2026-06-25 09:00:00,beam-3a,Beam 3A,120.805,15.7
2026-06-25 09:00:00,beam-3b,Beam 3B,119.7265,15.7
2026-06-25 09:00:00,pier-cap-1,Pier Cap 1,95.4316,15.7
2026-06-25 09:00:00,pier-cap-2,Pier Cap 2,95.9829,15.7
2026-06-25 10:00:00,beam-1a,Beam 1A,120.9736,18.38
2026-06-25 10:00:00,beam-1b,Beam 1B,121.957,18.38
2026-06-25 10:00:00,beam-2a,Beam 2A,122.659,18.38
2026-06-25 10:00:00,beam-2b,Beam 2B,122.5891,18.38
2026-06-25 10:00:00,beam-3a,Beam 3A,120.5911,18.38
2026-06-25 10:00:00,beam-3b,Beam 3B,119.5481,18.38
2026-06-25 10:00:00,pier-cap-1,Pier Cap 1,96.1162,18.38
2026-06-25 10:00:00,pier-cap-2,Pier Cap 2,96.6501,18.38
2026-06-25 11:00:00,beam-1a,Beam 1A,121.6852,19.26
2026-06-25 11:00:00,beam-1b,Beam 1B,122.9306,19.26
2026-06-25 11:00:00,beam-2a,Beam 2A,122.4052,19.26
2026-06-25 11:00:00,beam-2b,Beam 2B,122.6529,19.26
2026-06-25 11:00:00,beam-3a,Beam 3A,121.297,19.26
2026-06-25 11:00:00,beam-3b,Beam 3B,119.7501,19.26
2026-06-25 11:00:00,pier-cap-1,Pier Cap 1,95.8634,19.26
2026-06-25 11:00:00,pier-cap-2,Pier Cap 2,96.3886,19.26
2026-06-25 12:00:00,beam-1a,Beam 1A,121.5403,21.11
2026-06-25 12:00:00,beam-1b,Beam 1B,121.8696,21.11
2026-06-25 12:00:00,beam-2a,Beam 2A,123.4423,21.11
2026-06-25 12:00:00,beam-2b,Beam 2B,123.0479,21.11
2026-06-25 12:00:00,beam-3a,Beam 3A,121.3638,21.11
2026-06-25 12:00:00,beam-3b,Beam 3B,120.3388,21.11
2026-06-25 12:00:00,pier-cap-1,Pier Cap 1,96.4986,21.11
2026-06-25 12:00:00,pier-cap-2,Pier Cap 2,96.4956,21.11
2026-06-25 13:00:00,beam-1a,Beam 1A,121.2699,21.29
2026-06-25 13:00:00,beam-1b,Beam 1B,122.3196,21.29
2026-06-25 13:00:00,beam-2a,Beam 2A,123.0977,21.29
2026-06-25 13:00:00,beam-2b,Beam 2B,123.0706,21.29
2026-06-25 13:00:00,beam-3a,Beam 3A,121.8012,21.29
2026-06-25 13:00:00,beam-3b,Beam 3B,120.1116,21.29
2026-06-25 13:00:00,pier-cap-1,Pier Cap 1,95.6327,21.29
2026-06-25 13:00:00,pier-cap-2,Pier Cap 2,97.1883,21.29
2026-06-25 14:00:00,beam-1a,Beam 1A,122.0073,23.48
2026-06-25 14:00:00,beam-1b,Beam 1B,122.7388,23.48
2026-06-25 14:00:00,beam-2a,Beam 2A,123.2808,23.48
2026-06-25 14:00:00,beam-2b,Beam 2B,123.5882,23.48
2026-06-25 14:00:00,beam-3a,Beam 3A,122.4186,23.48
2026-06-25 14:00:00,beam-3b,Beam 3B,120.7513,23.48
2026-06-25 14:00:00,pier-cap-1,Pier Cap 1,96.5564,23.48
2026-06-25 14:00:00,pier-cap-2,Pier Cap 2,97.2918,23.48
2026-06-25 15:00:00,beam-1a,Beam 1A,121.5009,23.21
2026-06-25 15:00:00,beam-1b,Beam 1B,122.4291,23.21
2026-06-25 15:00:00,beam-2a,Beam 2A,123.2436,23.21
2026-06-25 15:00:00,beam-2b,Beam 2B,123.7424,23.21
2026-06-25 15:00:00,beam-3a,Beam 3A,121.7833,23.21
2026-06-25 15:00:00,beam-3b,Beam 3B,120.659,23.21
2026-06-25 15:00:00,pier-cap-1,Pier Cap 1,96.9824,23.21
2026-06-25 15:00:00,pier-cap-2,Pier Cap 2,97.4346,23.21
2026-06-25 16:00:00,beam-1a,Beam 1A,121.2345,22.66
2026-06-25 16:00:00,beam-1b,Beam 1B,122.7397,22.66
2026-06-25 16:00:00,beam-2a,Beam 2A,123.0873,22.66
2026-06-25 16:00:00,beam-2b,Beam 2B,123.4758,22.66
2026-06-25 16:00:00,beam-3a,Beam 3A,120.8764,22.66
2026-06-25 16:00:00,beam-3b,Beam 3B,120.4987,22.66
2026-06-25 16:00:00,pier-cap-1,Pier Cap 1,96.498,22.66
2026-06-25 16:00:00,pier-cap-2,Pier Cap 2,97.2771,22.66
2026-06-25 17:00:00,beam-1a,Beam 1A,120.7986,22.27
2026-06-25 17:00:00,beam-1b,Beam 1B,122.3132,22.27
2026-06-25 17:00:00,beam-2a,Beam 2A,122.4527,22.27
2026-06-25 17:00:00,beam-2b,Beam 2B,123.2233,22.27
2026-06-25 17:00:00,beam-3a,Beam 3A,121.1758,22.27
2026-06-25 17:00:00,beam-3b,Beam 3B,121.3488,22.27
2026-06-25 17:00:00,pier-cap-1,Pier Cap 1,96.2412,22.27
2026-06-25 17:00:00,pier-cap-2,Pier Cap 2,97.6439,22.27
2026-06-25 18:00:00,beam-1a,Beam 1A,121.1083,20.36
2026-06-25 18:00:00,beam-1b,Beam 1B,121.6862,20.36
2026-06-25 18:00:00,beam-2a,Beam 2A,122.5359,20.36
2026-06-25 18:00:00,beam-2b,Beam 2B,123.1166,20.36
2026-06-25 18:00:00,beam-3a,Beam 3A,121.9292,20.36
2026-06-25 18:00:00,beam-3b,Beam 3B,120.3372,20.36
2026-06-25 18:00:00,pier-cap-1,Pier Cap 1,96.0069,20.36
2026-06-25 18:00:00,pier-cap-2,Pier Cap 2,97.0384,20.36
2026-06-25 19:00:00,beam-1a,Beam 1A,119.5055,19.95
2026-06-25 19:00:00,beam-1b,Beam 1B,121.6945,19.95
2026-06-25 19:00:00,beam-2a,Beam 2A,122.5778,19.95
2026-06-25 19:00:00,beam-2b,Beam 2B,123.2039,19.95
2026-06-25 19:00:00,beam-3a,Beam 3A,122.6622,19.95
2026-06-25 19:00:00,beam-3b,Beam 3B,119.5613,19.95
2026-06-25 19:00:00,pier-cap-1,Pier Cap 1,95.2336,19.95
2026-06-25 19:00:00,pier-cap-2,Pier Cap 2,96.4248,19.95
2026-06-25 20:00:00,beam-1a,Beam 1A,120.1195,17.66
2026-06-25 20:00:00,beam-1b,Beam 1B,120.8711,17.66
2026-06-25 20:00:00,beam-2a,Beam 2A,121.8647,17.66
2026-06-25 20:00:00,beam-2b,Beam 2B,122.1931,17.66
2026-06-25 20:00:00,beam-3a,Beam 3A,121.8663,17.66
2026-06-25 20:00:00,beam-3b,Beam 3B,119.6342,17.66
2026-06-25 20:00:00,pier-cap-1,Pier Cap 1,95.4948,17.66
2026-06-25 20:00:00,pier-cap-2,Pier Cap 2,96.4395,17.66
2026-06-25 21:00:00,beam-1a,Beam 1A,119.2486,15.89
2026-06-25 21:00:00,beam-1b,Beam 1B,121.5526,15.89
2026-06-25 21:00:00,beam-2a,Beam 2A,121.8135,15.89
2026-06-25 21:00:00,beam-2b,Beam 2B,122.0392,15.89
2026-06-25 21:00:00,beam-3a,Beam 3A,121.3952,15.89
2026-06-25 21:00:00,beam-3b,Beam 3B,118.8924,15.89
2026-06-25 21:00:00,pier-cap-1,Pier Cap 1,95.851,15.89
2026-06-25 21:00:00,pier-cap-2,Pier Cap 2,95.8666,15.89
2026-06-25 22:00:00,beam-1a,Beam 1A,118.8169,13.97
2026-06-25 22:00:00,beam-1b,Beam 1B,120.046,13.97
2026-06-25 22:00:00,beam-2a,Beam 2A,121.3016,13.97
2026-06-25 22:00:00,beam-2b,Beam 2B,122.1425,13.97
2026-06-25 22:00:00,beam-3a,Beam 3A,119.4452,13.97
2026-06-25 22:00:00,beam-3b,Beam 3B,118.9596,13.97
2026-06-25 22:00:00,pier-cap-1,Pier Cap 1,95.07,13.97
2026-06-25 22:00:00,pier-cap-2,Pier Cap 2,95.6086,13.97
2026-06-25 23:00:00,beam-1a,Beam 1A,119.1745,12.24
2026-06-25 23:00:00,beam-1b,Beam 1B,119.6868,12.24
2026-06-25 23:00:00,beam-2a,Beam 2A,121.2578,12.24
2026-06-25 23:00:00,beam-2b,Beam 2B,120.892,12.24
2026-06-25 23:00:00,beam-3a,Beam 3A,118.6718,12.24
2026-06-25 23:00:00,beam-3b,Beam 3B,117.9946,12.24
2026-06-25 23:00:00,pier-cap-1,Pier Cap 1,94.8469,12.24
2026-06-25 23:00:00,pier-cap-2,Pier Cap 2,95.0625,12.24
2026-06-26 00:00:00,beam-1a,Beam 1A,118.1221,11.14
2026-06-26 00:00:00,beam-1b,Beam 1B,118.8134,11.14
2026-06-26 00:00:00,beam-2a,Beam 2A,120.9926,11.14
2026-06-26 00:00:00,beam-2b,Beam 2B,121.8343,11.14
2026-06-26 00:00:00,beam-3a,Beam 3A,120.1146,11.14
2026-06-26 00:00:00,beam-3b,Beam 3B,117.8783,11.14
2026-06-26 00:00:00,pier-cap-1,Pier Cap 1,94.121,11.14
2026-06-26 00:00:00,pier-cap-2,Pier Cap 2,95.2347,11.14
2026-06-26 01:00:00,beam-1a,Beam 1A,117.938,9.85
2026-06-26 01:00:00,beam-1b,Beam 1B,119.0295,9.85
2026-06-26 01:00:00,beam-2a,Beam 2A,120.5366,9.85
2026-06-26 01:00:00,beam-2b,Beam 2B,120.3193,9.85
2026-06-26 01:00:00,beam-3a,Beam 3A,119.5713,9.85
2026-06-26 01:00:00,beam-3b,Beam 3B,118.1416,9.85
2026-06-26 01:00:00,pier-cap-1,Pier Cap 1,94.1381,9.85
2026-06-26 01:00:00,pier-cap-2,Pier Cap 2,95.2908,9.85
2026-06-26 02:00:00,beam-1a,Beam 1A,118.1426,9.31
2026-06-26 02:00:00,beam-1b,Beam 1B,119.6373,9.31
2026-06-26 02:00:00,beam-2a,Beam 2A,119.8147,9.31
2026-06-26 02:00:00,beam-2b,Beam 2B,120.6088,9.31
2026-06-26 02:00:00,beam-3a,Beam 3A,119.8495,9.31
2026-06-26 02:00:00,beam-3b,Beam 3B,118.2677,9.31
2026-06-26 02:00:00,pier-cap-1,Pier Cap 1,94.9032,9.31
2026-06-26 02:00:00,pier-cap-2,Pier Cap 2,95.0264,9.31
2026-06-26 03:00:00,beam-1a,Beam 1A,118.3963,8.81
2026-06-26 03:00:00,beam-1b,Beam 1B,118.8353,8.81
2026-06-26 03:00:00,beam-2a,Beam 2A,120.9773,8.81
2026-06-26 03:00:00,beam-2b,Beam 2B,120.2665,8.81
2026-06-26 03:00:00,beam-3a,Beam 3A,119.4888,8.81
2026-06-26 03:00:00,beam-3b,Beam 3B,117.9989,8.81
2026-06-26 03:00:00,pier-cap-1,Pier Cap 1,94.656,8.81
2026-06-26 03:00:00,pier-cap-2,Pier Cap 2,94.641,8.81
2026-06-26 04:00:00,beam-1a,Beam 1A,118.3406,9.25
2026-06-26 04:00:00,beam-1b,Beam 1B,118.7951,9.25
2026-06-26 04:00:00,beam-2a,Beam 2A,120.2937,9.25
2026-06-26 04:00:00,beam-2b,Beam 2B,121.6114,9.25
2026-06-26 04:00:00,beam-3a,Beam 3A,118.6435,9.25
2026-06-26 04:00:00,beam-3b,Beam 3B,118.2069,9.25
2026-06-26 04:00:00,pier-cap-1,Pier Cap 1,94.1486,9.25
2026-06-26 04:00:00,pier-cap-2,Pier Cap 2,94.581,9.25
2026-06-26 05:00:00,beam-1a,Beam 1A,118.2199,9.58
2026-06-26 05:00:00,beam-1b,Beam 1B,119.8409,9.58
2026-06-26 05:00:00,beam-2a,Beam 2A,120.3834,9.58
2026-06-26 05:00:00,beam-2b,Beam 2B,120.6003,9.58
2026-06-26 05:00:00,beam-3a,Beam 3A,118.6754,9.58
2026-06-26 05:00:00,beam-3b,Beam 3B,118.1008,9.58
2026-06-26 05:00:00,pier-cap-1,Pier Cap 1,94.3977,9.58
2026-06-26 05:00:00,pier-cap-2,Pier Cap 2,95.7204,9.58
2026-06-26 06:00:00,beam-1a,Beam 1A,119.0843,11.75
2026-06-26 06:00:00,beam-1b,Beam 1B,120.9295,11.75
2026-06-26 06:00:00,beam-2a,Beam 2A,120.7132,11.75
2026-06-26 06:00:00,beam-2b,Beam 2B,121.0359,11.75
2026-06-26 06:00:00,beam-3a,Beam 3A,119.4569,11.75
2026-06-26 06:00:00,beam-3b,Beam 3B,118.443,11.75
2026-06-26 06:00:00,pier-cap-1,Pier Cap 1,94.9039,11.75
2026-06-26 06:00:00,pier-cap-2,Pier Cap 2,95.5102,11.75
2026-06-26 07:00:00,beam-1a,Beam 1A,120.0239,11.68
2026-06-26 07:00:00,beam-1b,Beam 1B,120.6565,11.68
2026-06-26 07:00:00,beam-2a,Beam 2A,120.6409,11.68
2026-06-26 07:00:00,beam-2b,Beam 2B,121.0742,11.68
2026-06-26 07:00:00,beam-3a,Beam 3A,120.5694,11.68
2026-06-26 07:00:00,beam-3b,Beam 3B,118.1932,11.68
2026-06-26 07:00:00,pier-cap-1,Pier Cap 1,94.5434,11.68
2026-06-26 07:00:00,pier-cap-2,Pier Cap 2,95.155,11.68
2026-06-26 08:00:00,beam-1a,Beam 1A,120.2739,14.5
2026-06-26 08:00:00,beam-1b,Beam 1B,121.2,14.5
2026-06-26 08:00:00,beam-2a,Beam 2A,122.0179,14.5
2026-06-26 08:00:00,beam-2b,Beam 2B,121.8249,14.5
2026-06-26 08:00:00,beam-3a,Beam 3A,121.4619,14.5
2026-06-26 08:00:00,beam-3b,Beam 3B,119.1898,14.5
2026-06-26 08:00:00,pier-cap-1,Pier Cap 1,94.724,14.5
2026-06-26 08:00:00,pier-cap-2,Pier Cap 2,95.9637,14.5
2026-06-26 09:00:00,beam-1a,Beam 1A,120.9261,16.36
2026-06-26 09:00:00,beam-1b,Beam 1B,121.1915,16.36
2026-06-26 09:00:00,beam-2a,Beam 2A,122.3256,16.36
2026-06-26 09:00:00,beam-2b,Beam 2B,122.0263,16.36
2026-06-26 09:00:00,beam-3a,Beam 3A,120.7558,16.36
2026-06-26 09:00:00,beam-3b,Beam 3B,119.6163,16.36
2026-06-26 09:00:00,pier-cap-1,Pier Cap 1,95.5556,16.36
2026-06-26 09:00:00,pier-cap-2,Pier Cap 2,96.7601,16.36
2026-06-26 10:00:00,beam-1a,Beam 1A,120.9616,17.28
2026-06-26 10:00:00,beam-1b,Beam 1B,122.2889,17.28
2026-06-26 10:00:00,beam-2a,Beam 2A,122.1337,17.28
2026-06-26 10:00:00,beam-2b,Beam 2B,122.2895,17.28
2026-06-26 10:00:00,beam-3a,Beam 3A,119.9188,17.28
2026-06-26 10:00:00,beam-3b,Beam 3B,119.411,17.28
2026-06-26 10:00:00,pier-cap-1,Pier Cap 1,95.9137,17.28
2026-06-26 10:00:00,pier-cap-2,Pier Cap 2,96.4281,17.28
2026-06-26 11:00:00,beam-1a,Beam 1A,121.428,20.2
2026-06-26 11:00:00,beam-1b,Beam 1B,122.9716,20.2
2026-06-26 11:00:00,beam-2a,Beam 2A,122.4971,20.2
2026-06-26 11:00:00,beam-2b,Beam 2B,121.5153,20.2
2026-06-26 11:00:00,beam-3a,Beam 3A,120.3285,20.2
2026-06-26 11:00:00,beam-3b,Beam 3B,119.9471,20.2
2026-06-26 11:00:00,pier-cap-1,Pier Cap 1,96.3576,20.2
2026-06-26 11:00:00,pier-cap-2,Pier Cap 2,95.8439,20.2
2026-06-26 12:00:00,beam-1a,Beam 1A,122.4423,21.16
2026-06-26 12:00:00,beam-1b,Beam 1B,122.3166,21.16
2026-06-26 12:00:00,beam-2a,Beam 2A,122.979,21.16
2026-06-26 12:00:00,beam-2b,Beam 2B,123.1412,21.16
2026-06-26 12:00:00,beam-3a,Beam 3A,121.3814,21.16
2026-06-26 12:00:00,beam-3b,Beam 3B,120.7267,21.16
2026-06-26 12:00:00,pier-cap-1,Pier Cap 1,96.5861,21.16
2026-06-26 12:00:00,pier-cap-2,Pier Cap 2,97.6192,21.16
2026-06-26 13:00:00,beam-1a,Beam 1A,121.9536,22.26
2026-06-26 13:00:00,beam-1b,Beam 1B,123.5053,22.26
2026-06-26 13:00:00,beam-2a,Beam 2A,122.9814,22.26
2026-06-26 13:00:00,beam-2b,Beam 2B,123.3462,22.26
2026-06-26 13:00:00,beam-3a,Beam 3A,122.7303,22.26
2026-06-26 13:00:00,beam-3b,Beam 3B,120.3721,22.26
2026-06-26 13:00:00,pier-cap-1,Pier Cap 1,96.0228,22.26
2026-06-26 13:00:00,pier-cap-2,Pier Cap 2,96.4341,22.26
2026-06-26 14:00:00,beam-1a,Beam 1A,121.8314,22.58
2026-06-26 14:00:00,beam-1b,Beam 1B,123.3471,22.58
2026-06-26 14:00:00,beam-2a,Beam 2A,122.9402,22.58
2026-06-26 14:00:00,beam-2b,Beam 2B,123.819,22.58
2026-06-26 14:00:00,beam-3a,Beam 3A,122.7762,22.58
2026-06-26 14:00:00,beam-3b,Beam 3B,120.4669,22.58
2026-06-26 14:00:00,pier-cap-1,Pier Cap 1,96.5546,22.58
2026-06-26 14:00:00,pier-cap-2,Pier Cap 2,96.9754,22.58
2026-06-26 15:00:00,beam-1a,Beam 1A,122.3069,22.72
2026-06-26 15:00:00,beam-1b,Beam 1B,123.4159,22.72
2026-06-26 15:00:00,beam-2a,Beam 2A,123.1796,22.72
2026-06-26 15:00:00,beam-2b,Beam 2B,123.9555,22.72
2026-06-26 15:00:00,beam-3a,Beam 3A,121.6857,22.72
2026-06-26 15:00:00,beam-3b,Beam 3B,120.6366,22.72
2026-06-26 15:00:00,pier-cap-1,Pier Cap 1,96.4777,22.72
2026-06-26 15:00:00,pier-cap-2,Pier Cap 2,96.7182,22.72
2026-06-26 16:00:00,beam-1a,Beam 1A,121.4797,22.49
2026-06-26 16:00:00,beam-1b,Beam 1B,123.0367,22.49
2026-06-26 16:00:00,beam-2a,Beam 2A,122.8208,22.49
2026-06-26 16:00:00,beam-2b,Beam 2B,123.3098,22.49
2026-06-26 16:00:00,beam-3a,Beam 3A,120.4298,22.49
2026-06-26 16:00:00,beam-3b,Beam 3B,120.3882,22.49
2026-06-26 16:00:00,pier-cap-1,Pier Cap 1,96.4968,22.49
2026-06-26 16:00:00,pier-cap-2,Pier Cap 2,96.801,22.49
2026-06-26 17:00:00,beam-1a,Beam 1A,121.3487,22.03
2026-06-26 17:00:00,beam-1b,Beam 1B,122.8894,22.03
2026-06-26 17:00:00,beam-2a,Beam 2A,123.0063,22.03
2026-06-26 17:00:00,beam-2b,Beam 2B,123.6197,22.03
2026-06-26 17:00:00,beam-3a,Beam 3A,121.2642,22.03
2026-06-26 17:00:00,beam-3b,Beam 3B,120.048,22.03
2026-06-26 17:00:00,pier-cap-1,Pier Cap 1,96.3905,22.03
2026-06-26 17:00:00,pier-cap-2,Pier Cap 2,97.0394,22.03
2026-06-26 18:00:00,beam-1a,Beam 1A,121.2476,21.32
2026-06-26 18:00:00,beam-1b,Beam 1B,122.5338,21.32
2026-06-26 18:00:00,beam-2a,Beam 2A,122.8455,21.32
2026-06-26 18:00:00,beam-2b,Beam 2B,122.7111,21.32
2026-06-26 18:00:00,beam-3a,Beam 3A,121.3889,21.32
2026-06-26 18:00:00,beam-3b,Beam 3B,120.3329,21.32
2026-06-26 18:00:00,pier-cap-1,Pier Cap 1,96.1497,21.32
2026-06-26 18:00:00,pier-cap-2,Pier Cap 2,96.2265,21.32
2026-06-26 19:00:00,beam-1a,Beam 1A,120.7094,19.38
2026-06-26 19:00:00,beam-1b,Beam 1B,122.1245,19.38
2026-06-26 19:00:00,beam-2a,Beam 2A,122.6174,19.38
2026-06-26 19:00:00,beam-2b,Beam 2B,123.0713,19.38
2026-06-26 19:00:00,beam-3a,Beam 3A,122.2974,19.38
2026-06-26 19:00:00,beam-3b,Beam 3B,119.8189,19.38
2026-06-26 19:00:00,pier-cap-1,Pier Cap 1,95.1518,19.38
2026-06-26 19:00:00,pier-cap-2,Pier Cap 2,96.5301,19.38
2026-06-26 20:00:00,beam-1a,Beam 1A,120.282,17.26
2026-06-26 20:00:00,beam-1b,Beam 1B,120.6696,17.26
2026-06-26 20:00:00,beam-2a,Beam 2A,121.7035,17.26
2026-06-26 20:00:00,beam-2b,Beam 2B,122.1104,17.26
2026-06-26 20:00:00,beam-3a,Beam 3A,121.3895,17.26
2026-06-26 20:00:00,beam-3b,Beam 3B,120.0734,17.26
2026-06-26 20:00:00,pier-cap-1,Pier Cap 1,96.0869,17.26
2026-06-26 20:00:00,pier-cap-2,Pier Cap 2,96.5826,17.26
2026-06-26 21:00:00,beam-1a,Beam 1A,120.6331,16.14
2026-06-26 21:00:00,beam-1b,Beam 1B,120.4944,16.14
2026-06-26 21:00:00,beam-2a,Beam 2A,122.0117,16.14
2026-06-26 21:00:00,beam-2b,Beam 2B,121.6422,16.14
2026-06-26 21:00:00,beam-3a,Beam 3A,120.3768,16.14
2026-06-26 21:00:00,beam-3b,Beam 3B,119.4923,16.14
2026-06-26 21:00:00,pier-cap-1,Pier Cap 1,95.6698,16.14
2026-06-26 21:00:00,pier-cap-2,Pier Cap 2,95.8178,16.14
2026-06-26 22:00:00,beam-1a,Beam 1A,119.6169,14.37
2026-06-26 22:00:00,beam-1b,Beam 1B,120.3641,14.37
2026-06-26 22:00:00,beam-2a,Beam 2A,121.0106,14.37
2026-06-26 22:00:00,beam-2b,Beam 2B,121.6874,14.37
2026-06-26 22:00:00,beam-3a,Beam 3A,119.7191,14.37
2026-06-26 22:00:00,beam-3b,Beam 3B,118.671,14.37
2026-06-26 22:00:00,pier-cap-1,Pier Cap 1,94.8595,14.37
2026-06-26 22:00:00,pier-cap-2,Pier Cap 2,95.3877,14.37
2026-06-26 23:00:00,beam-1a,Beam 1A,118.3139,12.57
2026-06-26 23:00:00,beam-1b,Beam 1B,120.227,12.57
2026-06-26 23:00:00,beam-2a,Beam 2A,120.7851,12.57
2026-06-26 23:00:00,beam-2b,Beam 2B,121.963,12.57
2026-06-26 23:00:00,beam-3a,Beam 3A,120.1505,12.57
2026-06-26 23:00:00,beam-3b,Beam 3B,118.7936,12.57
2026-06-26 23:00:00,pier-cap-1,Pier Cap 1,95.1775,12.57
2026-06-26 23:00:00,pier-cap-2,Pier Cap 2,95.4938,12.57
2026-06-27 00:00:00,beam-1a,Beam 1A,119.1359,12.05
2026-06-27 00:00:00,beam-1b,Beam 1B,120.2875,12.05
2026-06-27 00:00:00,beam-2a,Beam 2A,120.6992,12.05
2026-06-27 00:00:00,beam-2b,Beam 2B,121.3721,12.05
2026-06-27 00:00:00,beam-3a,Beam 3A,120.2124,12.05
2026-06-27 00:00:00,beam-3b,Beam 3B,118.548,12.05
2026-06-27 00:00:00,pier-cap-1,Pier Cap 1,94.8239,12.05
2026-06-27 00:00:00,pier-cap-2,Pier Cap 2,95.3566,12.05
2026-06-27 01:00:00,beam-1a,Beam 1A,118.8007,10.54
2026-06-27 01:00:00,beam-1b,Beam 1B,120.0349,10.54
2026-06-27 01:00:00,beam-2a,Beam 2A,120.1782,10.54
2026-06-27 01:00:00,beam-2b,Beam 2B,121.5946,10.54
2026-06-27 01:00:00,beam-3a,Beam 3A,120.4333,10.54
2026-06-27 01:00:00,beam-3b,Beam 3B,118.61,10.54
2026-06-27 01:00:00,pier-cap-1,Pier Cap 1,94.6046,10.54
2026-06-27 01:00:00,pier-cap-2,Pier Cap 2,95.0517,10.54
2026-06-27 02:00:00,beam-1a,Beam 1A,118.7059,9.57
2026-06-27 02:00:00,beam-1b,Beam 1B,120.2192,9.57
2026-06-27 02:00:00,beam-2a,Beam 2A,120.8208,9.57
2026-06-27 02:00:00,beam-2b,Beam 2B,120.5042,9.57
2026-06-27 02:00:00,beam-3a,Beam 3A,120.33,9.57
2026-06-27 02:00:00,beam-3b,Beam 3B,117.7852,9.57
2026-06-27 02:00:00,pier-cap-1,Pier Cap 1,94.3554,9.57
2026-06-27 02:00:00,pier-cap-2,Pier Cap 2,94.7294,9.57
2026-06-27 03:00:00,beam-1a,Beam 1A,118.838,9.36
2026-06-27 03:00:00,beam-1b,Beam 1B,120.2951,9.36
2026-06-27 03:00:00,beam-2a,Beam 2A,119.984,9.36
2026-06-27 03:00:00,beam-2b,Beam 2B,121.1801,9.36
2026-06-27 03:00:00,beam-3a,Beam 3A,118.8289,9.36
2026-06-27 03:00:00,beam-3b,Beam 3B,117.9941,9.36
2026-06-27 03:00:00,pier-cap-1,Pier Cap 1,94.7148,9.36
2026-06-27 03:00:00,pier-cap-2,Pier Cap 2,95.2095,9.36
2026-06-27 04:00:00,beam-1a,Beam 1A,118.9011,9.29
2026-06-27 04:00:00,beam-1b,Beam 1B,119.7508,9.29
2026-06-27 04:00:00,beam-2a,Beam 2A,120.0784,9.29
2026-06-27 04:00:00,beam-2b,Beam 2B,120.4866,9.29
2026-06-27 04:00:00,beam-3a,Beam 3A,118.3133,9.29
2026-06-27 04:00:00,beam-3b,Beam 3B,117.8804,9.29
2026-06-27 04:00:00,pier-cap-1,Pier Cap 1,94.3035,9.29
2026-06-27 04:00:00,pier-cap-2,Pier Cap 2,95.2221,9.29
2026-06-27 05:00:00,beam-1a,Beam 1A,119.299,10.74
2026-06-27 05:00:00,beam-1b,Beam 1B,120.5496,10.74
2026-06-27 05:00:00,beam-2a,Beam 2A,121.1498,10.74
2026-06-27 05:00:00,beam-2b,Beam 2B,121.1274,10.74
2026-06-27 05:00:00,beam-3a,Beam 3A,118.1033,10.74
2026-06-27 05:00:00,beam-3b,Beam 3B,118.2107,10.74
2026-06-27 05:00:00,pier-cap-1,Pier Cap 1,94.4317,10.74
2026-06-27 05:00:00,pier-cap-2,Pier Cap 2,94.941,10.74
2026-06-27 06:00:00,beam-1a,Beam 1A,119.8825,11.72
2026-06-27 06:00:00,beam-1b,Beam 1B,120.5237,11.72
2026-06-27 06:00:00,beam-2a,Beam 2A,120.6163,11.72
2026-06-27 06:00:00,beam-2b,Beam 2B,121.3209,11.72
2026-06-27 06:00:00,beam-3a,Beam 3A,120.5002,11.72
2026-06-27 06:00:00,beam-3b,Beam 3B,118.0675,11.72
2026-06-27 06:00:00,pier-cap-1,Pier Cap 1,95.2479,11.72
2026-06-27 06:00:00,pier-cap-2,Pier Cap 2,95.1302,11.72
2026-06-27 07:00:00,beam-1a,Beam 1A,119.8996,13.03
2026-06-27 07:00:00,beam-1b,Beam 1B,121.1797,13.03
2026-06-27 07:00:00,beam-2a,Beam 2A,121.0307,13.03
2026-06-27 07:00:00,beam-2b,Beam 2B,121.7604,13.03
2026-06-27 07:00:00,beam-3a,Beam 3A,121.4043,13.03
2026-06-27 07:00:00,beam-3b,Beam 3B,118.8272,13.03
2026-06-27 07:00:00,pier-cap-1,Pier Cap 1,95.0508,13.03
2026-06-27 07:00:00,pier-cap-2,Pier Cap 2,95.6454,13.03
2026-06-27 08:00:00,beam-1a,Beam 1A,120.0453,13.71
2026-06-27 08:00:00,beam-1b,Beam 1B,121.6496,13.71
2026-06-27 08:00:00,beam-2a,Beam 2A,120.8375,13.71
2026-06-27 08:00:00,beam-2b,Beam 2B,121.7326,13.71
2026-06-27 08:00:00,beam-3a,Beam 3A,121.1384,13.71
2026-06-27 08:00:00,beam-3b,Beam 3B,118.9015,13.71
2026-06-27 08:00:00,pier-cap-1,Pier Cap 1,95.1625,13.71
2026-06-27 08:00:00,pier-cap-2,Pier Cap 2,95.4173,13.71
2026-06-27 09:00:00,beam-1a,Beam 1A,122.0474,16.21
2026-06-27 09:00:00,beam-1b,Beam 1B,120.9597,16.21
2026-06-27 09:00:00,beam-2a,Beam 2A,122.0745,16.21
2026-06-27 09:00:00,beam-2b,Beam 2B,121.8358,16.21
2026-06-27 09:00:00,beam-3a,Beam 3A,120.7978,16.21
2026-06-27 09:00:00,beam-3b,Beam 3B,119.6791,16.21
2026-06-27 09:00:00,pier-cap-1,Pier Cap 1,95.7887,16.21
2026-06-27 09:00:00,pier-cap-2,Pier Cap 2,96.1346,16.21
2026-06-27 10:00:00,beam-1a,Beam 1A,121.3603,18.97
2026-06-27 10:00:00,beam-1b,Beam 1B,123.6223,18.97
2026-06-27 10:00:00,beam-2a,Beam 2A,122.6318,18.97
2026-06-27 10:00:00,beam-2b,Beam 2B,123.0355,18.97
2026-06-27 10:00:00,beam-3a,Beam 3A,120.0063,18.97
2026-06-27 10:00:00,beam-3b,Beam 3B,119.75,18.97
2026-06-27 10:00:00,pier-cap-1,Pier Cap 1,95.7946,18.97
2026-06-27 10:00:00,pier-cap-2,Pier Cap 2,96.9353,18.97
2026-06-27 11:00:00,beam-1a,Beam 1A,121.9152,19.94
2026-06-27 11:00:00,beam-1b,Beam 1B,123.2497,19.94
2026-06-27 11:00:00,beam-2a,Beam 2A,122.7835,19.94
2026-06-27 11:00:00,beam-2b,Beam 2B,123.571,19.94
2026-06-27 11:00:00,beam-3a,Beam 3A,120.6585,19.94
2026-06-27 11:00:00,beam-3b,Beam 3B,119.7944,19.94
2026-06-27 11:00:00,pier-cap-1,Pier Cap 1,96.0005,19.94
2026-06-27 11:00:00,pier-cap-2,Pier Cap 2,96.623,19.94
2026-06-27 12:00:00,beam-1a,Beam 1A,121.7355,21.8
2026-06-27 12:00:00,beam-1b,Beam 1B,123.2255,21.8
2026-06-27 12:00:00,beam-2a,Beam 2A,123.0749,21.8
2026-06-27 12:00:00,beam-2b,Beam 2B,123.017,21.8
2026-06-27 12:00:00,beam-3a,Beam 3A,122.4443,21.8
2026-06-27 12:00:00,beam-3b,Beam 3B,120.5682,21.8
2026-06-27 12:00:00,pier-cap-1,Pier Cap 1,96.5117,21.8
2026-06-27 12:00:00,pier-cap-2,Pier Cap 2,96.5559,21.8
2026-06-27 13:00:00,beam-1a,Beam 1A,122.3777,22.21
2026-06-27 13:00:00,beam-1b,Beam 1B,124.1903,22.21
2026-06-27 13:00:00,beam-2a,Beam 2A,122.9717,22.21
2026-06-27 13:00:00,beam-2b,Beam 2B,122.5989,22.21
2026-06-27 13:00:00,beam-3a,Beam 3A,122.6703,22.21
2026-06-27 13:00:00,beam-3b,Beam 3B,120.0922,22.21
2026-06-27 13:00:00,pier-cap-1,Pier Cap 1,96.0193,22.21
2026-06-27 13:00:00,pier-cap-2,Pier Cap 2,97.0994,22.21
2026-06-27 14:00:00,beam-1a,Beam 1A,122.2752,24.04
2026-06-27 14:00:00,beam-1b,Beam 1B,123.6627,24.04
2026-06-27 14:00:00,beam-2a,Beam 2A,123.0988,24.04
2026-06-27 14:00:00,beam-2b,Beam 2B,123.8991,24.04
2026-06-27 14:00:00,beam-3a,Beam 3A,122.7763,24.04
2026-06-27 14:00:00,beam-3b,Beam 3B,121.0978,24.04
2026-06-27 14:00:00,pier-cap-1,Pier Cap 1,96.8227,24.04
2026-06-27 14:00:00,pier-cap-2,Pier Cap 2,97.2031,24.04
2026-06-27 15:00:00,beam-1a,Beam 1A,122.277,23.65
2026-06-27 15:00:00,beam-1b,Beam 1B,123.6645,23.65
2026-06-27 15:00:00,beam-2a,Beam 2A,122.9036,23.65
2026-06-27 15:00:00,beam-2b,Beam 2B,123.4881,23.65
2026-06-27 15:00:00,beam-3a,Beam 3A,121.5565,23.65
2026-06-27 15:00:00,beam-3b,Beam 3B,121.0221,23.65
2026-06-27 15:00:00,pier-cap-1,Pier Cap 1,96.4705,23.65
2026-06-27 15:00:00,pier-cap-2,Pier Cap 2,97.1522,23.65
2026-06-27 16:00:00,beam-1a,Beam 1A,122.6591,23.58
2026-06-27 16:00:00,beam-1b,Beam 1B,123.3128,23.58
2026-06-27 16:00:00,beam-2a,Beam 2A,123.7326,23.58
2026-06-27 16:00:00,beam-2b,Beam 2B,123.5553,23.58
2026-06-27 16:00:00,beam-3a,Beam 3A,121.9147,23.58
2026-06-27 16:00:00,beam-3b,Beam 3B,121.0708,23.58
2026-06-27 16:00:00,pier-cap-1,Pier Cap 1,96.9441,23.58
2026-06-27 16:00:00,pier-cap-2,Pier Cap 2,97.3301,23.58
2026-06-27 17:00:00,beam-1a,Beam 1A,122.323,23.7
2026-06-27 17:00:00,beam-1b,Beam 1B,123.9298,23.7
2026-06-27 17:00:00,beam-2a,Beam 2A,123.5455,23.7
2026-06-27 17:00:00,beam-2b,Beam 2B,123.8533,23.7
2026-06-27 17:00:00,beam-3a,Beam 3A,121.4297,23.7
2026-06-27 17:00:00,beam-3b,Beam 3B,120.7845,23.7
2026-06-27 17:00:00,pier-cap-1,Pier Cap 1,96.8687,23.7
2026-06-27 17:00:00,pier-cap-2,Pier Cap 2,97.412,23.7
2026-06-27 18:00:00,beam-1a,Beam 1A,121.9211,22.26
2026-06-27 18:00:00,beam-1b,Beam 1B,122.883,22.26
2026-06-27 18:00:00,beam-2a,Beam 2A,122.6751,22.26
2026-06-27 18:00:00,beam-2b,Beam 2B,123.1612,22.26
2026-06-27 18:00:00,beam-3a,Beam 3A,121.2974,22.26
2026-06-27 18:00:00,beam-3b,Beam 3B,120.2095,22.26
2026-06-27 18:00:00,pier-cap-1,Pier Cap 1,96.6137,22.26
2026-06-27 18:00:00,pier-cap-2,Pier Cap 2,96.9999,22.26
2026-06-27 19:00:00,beam-1a,Beam 1A,120.5365,20.08
2026-06-27 19:00:00,beam-1b,Beam 1B,122.41,20.08
2026-06-27 19:00:00,beam-2a,Beam 2A,122.5325,20.08
2026-06-27 19:00:00,beam-2b,Beam 2B,122.8005,20.08
2026-06-27 19:00:00,beam-3a,Beam 3A,121.9065,20.08
2026-06-27 19:00:00,beam-3b,Beam 3B,120.004,20.08
2026-06-27 19:00:00,pier-cap-1,Pier Cap 1,95.6804,20.08
2026-06-27 19:00:00,pier-cap-2,Pier Cap 2,96.6442,20.08
2026-06-27 20:00:00,beam-1a,Beam 1A,121.306,18.28
2026-06-27 20:00:00,beam-1b,Beam 1B,122.2894,18.28
2026-06-27 20:00:00,beam-2a,Beam 2A,122.036,18.28
2026-06-27 20:00:00,beam-2b,Beam 2B,122.5076,18.28
2026-06-27 20:00:00,beam-3a,Beam 3A,121.442,18.28
2026-06-27 20:00:00,beam-3b,Beam 3B,119.7562,18.28
2026-06-27 20:00:00,pier-cap-1,Pier Cap 1,95.861,18.28
2026-06-27 20:00:00,pier-cap-2,Pier Cap 2,97.0111,18.28
2026-06-27 21:00:00,beam-1a,Beam 1A,119.8208,16.58
2026-06-27 21:00:00,beam-1b,Beam 1B,121.6515,16.58
2026-06-27 21:00:00,beam-2a,Beam 2A,121.3638,16.58
2026-06-27 21:00:00,beam-2b,Beam 2B,122.7947,16.58
2026-06-27 21:00:00,beam-3a,Beam 3A,120.7895,16.58
2026-06-27 21:00:00,beam-3b,Beam 3B,119.1033,16.58
2026-06-27 21:00:00,pier-cap-1,Pier Cap 1,95.2831,16.58
2026-06-27 21:00:00,pier-cap-2,Pier Cap 2,96.4965,16.58
2026-06-27 22:00:00,beam-1a,Beam 1A,120.4134,15.1
2026-06-27 22:00:00,beam-1b,Beam 1B,121.0719,15.1
2026-06-27 22:00:00,beam-2a,Beam 2A,121.5906,15.1
2026-06-27 22:00:00,beam-2b,Beam 2B,121.9235,15.1
2026-06-27 22:00:00,beam-3a,Beam 3A,119.8969,15.1
2026-06-27 22:00:00,beam-3b,Beam 3B,119.4852,15.1
2026-06-27 22:00:00,pier-cap-1,Pier Cap 1,95.4036,15.1
2026-06-27 22:00:00,pier-cap-2,Pier Cap 2,96.1647,15.1
2026-06-27 23:00:00,beam-1a,Beam 1A,119.8249,13.16
2026-06-27 23:00:00,beam-1b,Beam 1B,121.0722,13.16
2026-06-27 23:00:00,beam-2a,Beam 2A,120.9665,13.16
2026-06-27 23:00:00,beam-2b,Beam 2B,121.0304,13.16
2026-06-27 23:00:00,beam-3a,Beam 3A,119.2815,13.16
2026-06-27 23:00:00,beam-3b,Beam 3B,118.8541,13.16
2026-06-27 23:00:00,pier-cap-1,Pier Cap 1,94.4299,13.16
2026-06-27 23:00:00,pier-cap-2,Pier Cap 2,95.6639,13.16
2026-06-28 00:00:00,beam-1a,Beam 1A,119.2773,11.08
2026-06-28 00:00:00,beam-1b,Beam 1B,121.1837,11.08
2026-06-28 00:00:00,beam-2a,Beam 2A,120.3346,11.08
2026-06-28 00:00:00,beam-2b,Beam 2B,120.6294,11.08
2026-06-28 00:00:00,beam-3a,Beam 3A,120.0668,11.08
2026-06-28 00:00:00,beam-3b,Beam 3B,117.9426,11.08
2026-06-28 00:00:00,pier-cap-1,Pier Cap 1,94.3495,11.08
2026-06-28 00:00:00,pier-cap-2,Pier Cap 2,95.01,11.08
2026-06-28 01:00:00,beam-1a,Beam 1A,118.7292,10.71
2026-06-28 01:00:00,beam-1b,Beam 1B,120.3633,10.71
2026-06-28 01:00:00,beam-2a,Beam 2A,120.0505,10.71
2026-06-28 01:00:00,beam-2b,Beam 2B,121.0901,10.71
2026-06-28 01:00:00,beam-3a,Beam 3A,120.487,10.71
2026-06-28 01:00:00,beam-3b,Beam 3B,118.8441,10.71
2026-06-28 01:00:00,pier-cap-1,Pier Cap 1,95.1133,10.71
2026-06-28 01:00:00,pier-cap-2,Pier Cap 2,95.5948,10.71
2026-06-28 02:00:00,beam-1a,Beam 1A,118.9495,9.38
2026-06-28 02:00:00,beam-1b,Beam 1B,120.1648,9.38
2026-06-28 02:00:00,beam-2a,Beam 2A,119.7503,9.38
2026-06-28 02:00:00,beam-2b,Beam 2B,120.3164,9.38
2026-06-28 02:00:00,beam-3a,Beam 3A,120.5798,9.38
2026-06-28 02:00:00,beam-3b,Beam 3B,117.9661,9.38
2026-06-28 02:00:00,pier-cap-1,Pier Cap 1,94.6676,9.38
2026-06-28 02:00:00,pier-cap-2,Pier Cap 2,95.1001,9.38
2026-06-28 03:00:00,beam-1a,Beam 1A,118.9915,10.11
2026-06-28 03:00:00,beam-1b,Beam 1B,120.4472,10.11
2026-06-28 03:00:00,beam-2a,Beam 2A,120.3726,10.11
2026-06-28 03:00:00,beam-2b,Beam 2B,120.2887,10.11
2026-06-28 03:00:00,beam-3a,Beam 3A,119.4889,10.11
2026-06-28 03:00:00,beam-3b,Beam 3B,117.6872,10.11
2026-06-28 03:00:00,pier-cap-1,Pier Cap 1,94.5597,10.11
2026-06-28 03:00:00,pier-cap-2,Pier Cap 2,94.9927,10.11
2026-06-28 04:00:00,beam-1a,Beam 1A,119.1916,9.46
2026-06-28 04:00:00,beam-1b,Beam 1B,120.8751,9.46
2026-06-28 04:00:00,beam-2a,Beam 2A,120.3582,9.46
2026-06-28 04:00:00,beam-2b,Beam 2B,121.039,9.46
2026-06-28 04:00:00,beam-3a,Beam 3A,119.8241,9.46
2026-06-28 04:00:00,beam-3b,Beam 3B,117.657,9.46
2026-06-28 04:00:00,pier-cap-1,Pier Cap 1,94.2965,9.46
2026-06-28 04:00:00,pier-cap-2,Pier Cap 2,94.9962,9.46
2026-06-28 05:00:00,beam-1a,Beam 1A,119.5373,10.84
2026-06-28 05:00:00,beam-1b,Beam 1B,120.6537,10.84
2026-06-28 05:00:00,beam-2a,Beam 2A,120.3175,10.84
2026-06-28 05:00:00,beam-2b,Beam 2B,121.3341,10.84
2026-06-28 05:00:00,beam-3a,Beam 3A,118.8231,10.84
2026-06-28 05:00:00,beam-3b,Beam 3B,118.73,10.84
2026-06-28 05:00:00,pier-cap-1,Pier Cap 1,94.4504,10.84
2026-06-28 05:00:00,pier-cap-2,Pier Cap 2,94.9859,10.84
2026-06-28 06:00:00,beam-1a,Beam 1A,119.1857,11.38
2026-06-28 06:00:00,beam-1b,Beam 1B,121.0443,11.38
2026-06-28 06:00:00,beam-2a,Beam 2A,121.0362,11.38
2026-06-28 06:00:00,beam-2b,Beam 2B,121.0214,11.38
2026-06-28 06:00:00,beam-3a,Beam 3A,119.5434,11.38
2026-06-28 06:00:00,beam-3b,Beam 3B,118.9508,11.38
2026-06-28 06:00:00,pier-cap-1,Pier Cap 1,94.9169,11.38
2026-06-28 06:00:00,pier-cap-2,Pier Cap 2,95.6741,11.38
2026-06-28 07:00:00,beam-1a,Beam 1A,120.753,13.07
2026-06-28 07:00:00,beam-1b,Beam 1B,121.0686,13.07
2026-06-28 07:00:00,beam-2a,Beam 2A,121.088,13.07
2026-06-28 07:00:00,beam-2b,Beam 2B,121.6247,13.07
2026-06-28 07:00:00,beam-3a,Beam 3A,120.5588,13.07
2026-06-28 07:00:00,beam-3b,Beam 3B,118.9869,13.07
2026-06-28 07:00:00,pier-cap-1,Pier Cap 1,95.0076,13.07
2026-06-28 07:00:00,pier-cap-2,Pier Cap 2,95.8156,13.07
2026-06-28 08:00:00,beam-1a,Beam 1A,120.704,14.08
2026-06-28 08:00:00,beam-1b,Beam 1B,121.568,14.08
2026-06-28 08:00:00,beam-2a,Beam 2A,121.5477,14.08
2026-06-28 08:00:00,beam-2b,Beam 2B,121.7852,14.08
2026-06-28 08:00:00,beam-3a,Beam 3A,121.0384,14.08
2026-06-28 08:00:00,beam-3b,Beam 3B,119.2878,14.08
2026-06-28 08:00:00,pier-cap-1,Pier Cap 1,95.7267,14.08
2026-06-28 08:00:00,pier-cap-2,Pier Cap 2,95.8172,14.08
2026-06-28 09:00:00,beam-1a,Beam 1A,121.011,15.84
2026-06-28 09:00:00,beam-1b,Beam 1B,122.2532,15.84
2026-06-28 09:00:00,beam-2a,Beam 2A,121.5958,15.84
2026-06-28 09:00:00,beam-2b,Beam 2B,122.3031,15.84
2026-06-28 09:00:00,beam-3a,Beam 3A,120.1099,15.84
2026-06-28 09:00:00,beam-3b,Beam 3B,119.5863,15.84
2026-06-28 09:00:00,pier-cap-1,Pier Cap 1,95.4713,15.84
2026-06-28 09:00:00,pier-cap-2,Pier Cap 2,96.0139,15.84
2026-06-28 10:00:00,beam-1a,Beam 1A,121.503,18.18
2026-06-28 10:00:00,beam-1b,Beam 1B,122.937,18.18
2026-06-28 10:00:00,beam-2a,Beam 2A,121.8215,18.18
2026-06-28 10:00:00,beam-2b,Beam 2B,122.7716,18.18
2026-06-28 10:00:00,beam-3a,Beam 3A,120.5231,18.18
2026-06-28 10:00:00,beam-3b,Beam 3B,119.7995,18.18
2026-06-28 10:00:00,pier-cap-1,Pier Cap 1,95.8949,18.18
2026-06-28 10:00:00,pier-cap-2,Pier Cap 2,96.1731,18.18
2026-06-28 11:00:00,beam-1a,Beam 1A,122.2299,20.08
2026-06-28 11:00:00,beam-1b,Beam 1B,123.9849,20.08
2026-06-28 11:00:00,beam-2a,Beam 2A,122.562,20.08
2026-06-28 11:00:00,beam-2b,Beam 2B,121.8674,20.08
2026-06-28 11:00:00,beam-3a,Beam 3A,120.115,20.08
2026-06-28 11:00:00,beam-3b,Beam 3B,120.0807,20.08
2026-06-28 11:00:00,pier-cap-1,Pier Cap 1,95.7457,20.08
2026-06-28 11:00:00,pier-cap-2,Pier Cap 2,96.0232,20.08
2026-06-28 12:00:00,beam-1a,Beam 1A,122.0224,21.15
2026-06-28 12:00:00,beam-1b,Beam 1B,123.7878,21.15
2026-06-28 12:00:00,beam-2a,Beam 2A,122.2253,21.15
2026-06-28 12:00:00,beam-2b,Beam 2B,123.0277,21.15
2026-06-28 12:00:00,beam-3a,Beam 3A,121.7805,21.15
2026-06-28 12:00:00,beam-3b,Beam 3B,120.3578,21.15
2026-06-28 12:00:00,pier-cap-1,Pier Cap 1,96.2146,21.15
2026-06-28 12:00:00,pier-cap-2,Pier Cap 2,96.3989,21.15
2026-06-28 13:00:00,beam-1a,Beam 1A,121.6179,21.73
2026-06-28 13:00:00,beam-1b,Beam 1B,123.3567,21.73
2026-06-28 13:00:00,beam-2a,Beam 2A,123.0625,21.73
2026-06-28 13:00:00,beam-2b,Beam 2B,123.4476,21.73
2026-06-28 13:00:00,beam-3a,Beam 3A,122.101,21.73
2026-06-28 13:00:00,beam-3b,Beam 3B,120.537,21.73
2026-06-28 13:00:00,pier-cap-1,Pier Cap 1,96.4632,21.73
2026-06-28 13:00:00,pier-cap-2,Pier Cap 2,96.6873,21.73
2026-06-28 14:00:00,beam-1a,Beam 1A,122.5672,22.4
2026-06-28 14:00:00,beam-1b,Beam 1B,123.4424,22.4
2026-06-28 14:00:00,beam-2a,Beam 2A,122.6058,22.4
2026-06-28 14:00:00,beam-2b,Beam 2B,123.2103,22.4
2026-06-28 14:00:00,beam-3a,Beam 3A,122.5694,22.4
2026-06-28 14:00:00,beam-3b,Beam 3B,120.1471,22.4
2026-06-28 14:00:00,pier-cap-1,Pier Cap 1,96.3987,22.4
2026-06-28 14:00:00,pier-cap-2,Pier Cap 2,96.7426,22.4
2026-06-28 15:00:00,beam-1a,Beam 1A,122.5357,22.62
2026-06-28 15:00:00,beam-1b,Beam 1B,124.1114,22.62
2026-06-28 15:00:00,beam-2a,Beam 2A,123.3903,22.62
2026-06-28 15:00:00,beam-2b,Beam 2B,123.4314,22.62
2026-06-28 15:00:00,beam-3a,Beam 3A,122.2172,22.62
2026-06-28 15:00:00,beam-3b,Beam 3B,120.7031,22.62
2026-06-28 15:00:00,pier-cap-1,Pier Cap 1,96.3966,22.62
2026-06-28 15:00:00,pier-cap-2,Pier Cap 2,97.1291,22.62
2026-06-28 16:00:00,beam-1a,Beam 1A,122.0549,22.24
2026-06-28 16:00:00,beam-1b,Beam 1B,123.7991,22.24
2026-06-28 16:00:00,beam-2a,Beam 2A,122.8127,22.24
2026-06-28 16:00:00,beam-2b,Beam 2B,123.6424,22.24
2026-06-28 16:00:00,beam-3a,Beam 3A,122.0025,22.24
2026-06-28 16:00:00,beam-3b,Beam 3B,120.8862,22.24
2026-06-28 16:00:00,pier-cap-1,Pier Cap 1,96.5842,22.24
2026-06-28 16:00:00,pier-cap-2,Pier Cap 2,97.2295,22.24
2026-06-28 17:00:00,beam-1a,Beam 1A,121.5958,22.29
2026-06-28 17:00:00,beam-1b,Beam 1B,123.2912,22.29
2026-06-28 17:00:00,beam-2a,Beam 2A,123.3834,22.29
2026-06-28 17:00:00,beam-2b,Beam 2B,123.3849,22.29
2026-06-28 17:00:00,beam-3a,Beam 3A,120.8294,22.29
2026-06-28 17:00:00,beam-3b,Beam 3B,120.3133,22.29
2026-06-28 17:00:00,pier-cap-1,Pier Cap 1,96.9483,22.29
2026-06-28 17:00:00,pier-cap-2,Pier Cap 2,96.9553,22.29
2026-06-28 18:00:00,beam-1a,Beam 1A,121.7171,21.59
2026-06-28 18:00:00,beam-1b,Beam 1B,122.8185,21.59
2026-06-28 18:00:00,beam-2a,Beam 2A,122.3681,21.59
2026-06-28 18:00:00,beam-2b,Beam 2B,123.8146,21.59
2026-06-28 18:00:00,beam-3a,Beam 3A,121.7612,21.59
2026-06-28 18:00:00,beam-3b,Beam 3B,120.1417,21.59
2026-06-28 18:00:00,pier-cap-1,Pier Cap 1,96.4314,21.59
2026-06-28 18:00:00,pier-cap-2,Pier Cap 2,97.3106,21.59
2026-06-28 19:00:00,beam-1a,Beam 1A,120.6033,19.68
2026-06-28 19:00:00,beam-1b,Beam 1B,122.8008,19.68
2026-06-28 19:00:00,beam-2a,Beam 2A,122.165,19.68
2026-06-28 19:00:00,beam-2b,Beam 2B,123.2813,19.68
2026-06-28 19:00:00,beam-3a,Beam 3A,121.9407,19.68
2026-06-28 19:00:00,beam-3b,Beam 3B,120.0561,19.68
2026-06-28 19:00:00,pier-cap-1,Pier Cap 1,96.4454,19.68
2026-06-28 19:00:00,pier-cap-2,Pier Cap 2,96.3672,19.68
2026-06-28 20:00:00,beam-1a,Beam 1A,120.1296,17.09
2026-06-28 20:00:00,beam-1b,Beam 1B,121.4365,17.09
2026-06-28 20:00:00,beam-2a,Beam 2A,122.0711,17.09
2026-06-28 20:00:00,beam-2b,Beam 2B,122.2657,17.09
2026-06-28 20:00:00,beam-3a,Beam 3A,121.3997,17.09
2026-06-28 20:00:00,beam-3b,Beam 3B,119.1704,17.09
2026-06-28 20:00:00,pier-cap-1,Pier Cap 1,95.9005,17.09
2026-06-28 20:00:00,pier-cap-2,Pier Cap 2,96.1734,17.09
2026-06-28 21:00:00,beam-1a,Beam 1A,119.9456,16.11
2026-06-28 21:00:00,beam-1b,Beam 1B,121.6443,16.11
2026-06-28 21:00:00,beam-2a,Beam 2A,122.1902,16.11
2026-06-28 21:00:00,beam-2b,Beam 2B,122.0373,16.11
2026-06-28 21:00:00,beam-3a,Beam 3A,120.5269,16.11
2026-06-28 21:00:00,beam-3b,Beam 3B,118.75,16.11
2026-06-28 21:00:00,pier-cap-1,Pier Cap 1,95.8918,16.11
2026-06-28 21:00:00,pier-cap-2,Pier Cap 2,96.0512,16.11
2026-06-28 22:00:00,beam-1a,Beam 1A,120.1035,14.31
2026-06-28 22:00:00,beam-1b,Beam 1B,121.906,14.31
2026-06-28 22:00:00,beam-2a,Beam 2A,122.0285,14.31
2026-06-28 22:00:00,beam-2b,Beam 2B,120.6164,14.31
2026-06-28 22:00:00,beam-3a,Beam 3A,119.9825,14.31
2026-06-28 22:00:00,beam-3b,Beam 3B,119.2705,14.31
2026-06-28 22:00:00,pier-cap-1,Pier Cap 1,95.1135,14.31
2026-06-28 22:00:00,pier-cap-2,Pier Cap 2,96.124,14.31
2026-06-28 23:00:00,beam-1a,Beam 1A,119.5108,13.52
2026-06-28 23:00:00,beam-1b,Beam 1B,121.0159,13.52
2026-06-28 23:00:00,beam-2a,Beam 2A,121.2215,13.52
2026-06-28 23:00:00,beam-2b,Beam 2B,121.4691,13.52
2026-06-28 23:00:00,beam-3a,Beam 3A,119.375,13.52
2026-06-28 23:00:00,beam-3b,Beam 3B,118.5618,13.52
2026-06-28 23:00:00,pier-cap-1,Pier Cap 1,95.1166,13.52
2026-06-28 23:00:00,pier-cap-2,Pier Cap 2,95.7104,13.52
2026-06-29 00:00:00,beam-1a,Beam 1A,119.0288,11.23
2026-06-29 00:00:00,beam-1b,Beam 1B,120.224,11.23
2026-06-29 00:00:00,beam-2a,Beam 2A,121.482,11.23
2026-06-29 00:00:00,beam-2b,Beam 2B,120.6004,11.23
2026-06-29 00:00:00,beam-3a,Beam 3A,120.6418,11.23
2026-06-29 00:00:00,beam-3b,Beam 3B,118.291,11.23
2026-06-29 00:00:00,pier-cap-1,Pier Cap 1,94.7743,11.23
2026-06-29 00:00:00,pier-cap-2,Pier Cap 2,95.3752,11.23
2026-06-29 01:00:00,beam-1a,Beam 1A,119.7918,10.55
2026-06-29 01:00:00,beam-1b,Beam 1B,120.565,10.55
2026-06-29 01:00:00,beam-2a,Beam 2A,120.4939,10.55
2026-06-29 01:00:00,beam-2b,Beam 2B,121.0932,10.55
2026-06-29 01:00:00,beam-3a,Beam 3A,120.6146,10.55
2026-06-29 01:00:00,beam-3b,Beam 3B,117.9407,10.55
2026-06-29 01:00:00,pier-cap-1,Pier Cap 1,94.8962,10.55
2026-06-29 01:00:00,pier-cap-2,Pier Cap 2,94.7358,10.55
2026-06-29 02:00:00,beam-1a,Beam 1A,119.3136,10.69
2026-06-29 02:00:00,beam-1b,Beam 1B,120.3432,10.69
2026-06-29 02:00:00,beam-2a,Beam 2A,121.0771,10.69
2026-06-29 02:00:00,beam-2b,Beam 2B,121.0938,10.69
2026-06-29 02:00:00,beam-3a,Beam 3A,120.1436,10.69
2026-06-29 02:00:00,beam-3b,Beam 3B,118.6276,10.69
2026-06-29 02:00:00,pier-cap-1,Pier Cap 1,94.9909,10.69
2026-06-29 02:00:00,pier-cap-2,Pier Cap 2,94.9832,10.69
2026-06-29 03:00:00,beam-1a,Beam 1A,119.2912,9.95
2026-06-29 03:00:00,beam-1b,Beam 1B,120.0058,9.95
2026-06-29 03:00:00,beam-2a,Beam 2A,120.1125,9.95
2026-06-29 03:00:00,beam-2b,Beam 2B,121.1629,9.95
2026-06-29 03:00:00,beam-3a,Beam 3A,119.4853,9.95
2026-06-29 03:00:00,beam-3b,Beam 3B,118.3386,9.95
2026-06-29 03:00:00,pier-cap-1,Pier Cap 1,94.6796,9.95
2026-06-29 03:00:00,pier-cap-2,Pier Cap 2,95.4708,9.95
2026-06-29 04:00:00,beam-1a,Beam 1A,119.2111,10.23
2026-06-29 04:00:00,beam-1b,Beam 1B,120.9108,10.23
2026-06-29 04:00:00,beam-2a,Beam 2A,120.7143,10.23
2026-06-29 04:00:00,beam-2b,Beam 2B,121.5001,10.23
2026-06-29 04:00:00,beam-3a,Beam 3A,118.6435,10.23
2026-06-29 04:00:00,beam-3b,Beam 3B,118.0096,10.23
2026-06-29 04:00:00,pier-cap-1,Pier Cap 1,94.9477,10.23
2026-06-29 04:00:00,pier-cap-2,Pier Cap 2,94.562,10.23
2026-06-29 05:00:00,beam-1a,Beam 1A,119.3755,10.75
2026-06-29 05:00:00,beam-1b,Beam 1B,121.3042,10.75
2026-06-29 05:00:00,beam-2a,Beam 2A,119.7135,10.75
2026-06-29 05:00:00,beam-2b,Beam 2B,121.035,10.75
2026-06-29 05:00:00,beam-3a,Beam 3A,119.3037,10.75
2026-06-29 05:00:00,beam-3b,Beam 3B,117.7797,10.75
2026-06-29 05:00:00,pier-cap-1,Pier Cap 1,94.5936,10.75
2026-06-29 05:00:00,pier-cap-2,Pier Cap 2,95.6655,10.75
2026-06-29 06:00:00,beam-1a,Beam 1A,119.1933,11.95
2026-06-29 06:00:00,beam-1b,Beam 1B,121.1823,11.95
2026-06-29 06:00:00,beam-2a,Beam 2A,120.4412,11.95
2026-06-29 06:00:00,beam-2b,Beam 2B,122.1975,11.95
2026-06-29 06:00:00,beam-3a,Beam 3A,119.4243,11.95
2026-06-29 06:00:00,beam-3b,Beam 3B,118.2989,11.95
2026-06-29 06:00:00,pier-cap-1,Pier Cap 1,95.208,11.95
2026-06-29 06:00:00,pier-cap-2,Pier Cap 2,95.5923,11.95
2026-06-29 07:00:00,beam-1a,Beam 1A,120.7776,13.58
2026-06-29 07:00:00,beam-1b,Beam 1B,121.6427,13.58
2026-06-29 07:00:00,beam-2a,Beam 2A,121.4023,13.58
2026-06-29 07:00:00,beam-2b,Beam 2B,121.7042,13.58
2026-06-29 07:00:00,beam-3a,Beam 3A,120.5853,13.58
2026-06-29 07:00:00,beam-3b,Beam 3B,118.9294,13.58
2026-06-29 07:00:00,pier-cap-1,Pier Cap 1,95.4915,13.58
2026-06-29 07:00:00,pier-cap-2,Pier Cap 2,95.4625,13.58
2026-06-29 08:00:00,beam-1a,Beam 1A,120.9543,14.63
2026-06-29 08:00:00,beam-1b,Beam 1B,121.8008,14.63
2026-06-29 08:00:00,beam-2a,Beam 2A,120.9013,14.63
2026-06-29 08:00:00,beam-2b,Beam 2B,121.2979,14.63
2026-06-29 08:00:00,beam-3a,Beam 3A,121.0495,14.63
2026-06-29 08:00:00,beam-3b,Beam 3B,118.996,14.63
2026-06-29 08:00:00,pier-cap-1,Pier Cap 1,95.548,14.63
2026-06-29 08:00:00,pier-cap-2,Pier Cap 2,95.5951,14.63
2026-06-29 09:00:00,beam-1a,Beam 1A,121.3143,17.12
2026-06-29 09:00:00,beam-1b,Beam 1B,122.6683,17.12
2026-06-29 09:00:00,beam-2a,Beam 2A,122.0944,17.12
2026-06-29 09:00:00,beam-2b,Beam 2B,122.0946,17.12
2026-06-29 09:00:00,beam-3a,Beam 3A,121.2228,17.12
2026-06-29 09:00:00,beam-3b,Beam 3B,119.4407,17.12
2026-06-29 09:00:00,pier-cap-1,Pier Cap 1,95.758,17.12
2026-06-29 09:00:00,pier-cap-2,Pier Cap 2,96.7865,17.12
2026-06-29 10:00:00,beam-1a,Beam 1A,121.5563,18.03
2026-06-29 10:00:00,beam-1b,Beam 1B,122.755,18.03
2026-06-29 10:00:00,beam-2a,Beam 2A,122.4685,18.03
2026-06-29 10:00:00,beam-2b,Beam 2B,122.3527,18.03
2026-06-29 10:00:00,beam-3a,Beam 3A,120.8423,18.03
2026-06-29 10:00:00,beam-3b,Beam 3B,119.6497,18.03
2026-06-29 10:00:00,pier-cap-1,Pier Cap 1,96.0684,18.03
2026-06-29 10:00:00,pier-cap-2,Pier Cap 2,96.7779,18.03
2026-06-29 11:00:00,beam-1a,Beam 1A,122.3293,20.4
2026-06-29 11:00:00,beam-1b,Beam 1B,123.069,20.4
2026-06-29 11:00:00,beam-2a,Beam 2A,122.3792,20.4
2026-06-29 11:00:00,beam-2b,Beam 2B,123.2125,20.4
2026-06-29 11:00:00,beam-3a,Beam 3A,121.3448,20.4
2026-06-29 11:00:00,beam-3b,Beam 3B,120.2913,20.4
2026-06-29 11:00:00,pier-cap-1,Pier Cap 1,95.9416,20.4
2026-06-29 11:00:00,pier-cap-2,Pier Cap 2,96.6739,20.4
2026-06-29 12:00:00,beam-1a,Beam 1A,121.7627,21.79
2026-06-29 12:00:00,beam-1b,Beam 1B,124.3241,21.79
2026-06-29 12:00:00,beam-2a,Beam 2A,122.4701,21.79
2026-06-29 12:00:00,beam-2b,Beam 2B,122.8748,21.79
2026-06-29 12:00:00,beam-3a,Beam 3A,122.0602,21.79
2026-06-29 12:00:00,beam-3b,Beam 3B,120.2751,21.79
2026-06-29 12:00:00,pier-cap-1,Pier Cap 1,96.4778,21.79
2026-06-29 12:00:00,pier-cap-2,Pier Cap 2,96.9586,21.79
2026-06-29 13:00:00,beam-1a,Beam 1A,122.2126,22.58
2026-06-29 13:00:00,beam-1b,Beam 1B,123.941,22.58
2026-06-29 13:00:00,beam-2a,Beam 2A,122.8269,22.58
2026-06-29 13:00:00,beam-2b,Beam 2B,123.2935,22.58
2026-06-29 13:00:00,beam-3a,Beam 3A,122.7466,22.58
2026-06-29 13:00:00,beam-3b,Beam 3B,120.5982,22.58
2026-06-29 13:00:00,pier-cap-1,Pier Cap 1,96.6276,22.58
2026-06-29 13:00:00,pier-cap-2,Pier Cap 2,96.8436,22.58
2026-06-29 14:00:00,beam-1a,Beam 1A,122.1196,23.52
2026-06-29 14:00:00,beam-1b,Beam 1B,124.0801,23.52
2026-06-29 14:00:00,beam-2a,Beam 2A,122.8176,23.52
2026-06-29 14:00:00,beam-2b,Beam 2B,123.5357,23.52
2026-06-29 14:00:00,beam-3a,Beam 3A,123.2334,23.52
2026-06-29 14:00:00,beam-3b,Beam 3B,120.2733,23.52
2026-06-29 14:00:00,pier-cap-1,Pier Cap 1,96.2791,23.52
2026-06-29 14:00:00,pier-cap-2,Pier Cap 2,97.2184,23.52
2026-06-29 15:00:00,beam-1a,Beam 1A,123.024,23.52
2026-06-29 15:00:00,beam-1b,Beam 1B,124.0794,23.52
2026-06-29 15:00:00,beam-2a,Beam 2A,123.1631,23.52
2026-06-29 15:00:00,beam-2b,Beam 2B,123.4207,23.52
2026-06-29 15:00:00,beam-3a,Beam 3A,121.8066,23.52
2026-06-29 15:00:00,beam-3b,Beam 3B,121.5123,23.52
2026-06-29 15:00:00,pier-cap-1,Pier Cap 1,96.8201,23.52
2026-06-29 15:00:00,pier-cap-2,Pier Cap 2,96.9755,23.52
2026-06-29 16:00:00,beam-1a,Beam 1A,122.4537,23.1
2026-06-29 16:00:00,beam-1b,Beam 1B,123.7871,23.1
2026-06-29 16:00:00,beam-2a,Beam 2A,123.1608,23.1
2026-06-29 16:00:00,beam-2b,Beam 2B,123.841,23.1
2026-06-29 16:00:00,beam-3a,Beam 3A,120.7334,23.1
2026-06-29 16:00:00,beam-3b,Beam 3B,120.4396,23.1
2026-06-29 16:00:00,pier-cap-1,Pier Cap 1,96.2403,23.1
2026-06-29 16:00:00,pier-cap-2,Pier Cap 2,97.0914,23.1
2026-06-29 17:00:00,beam-1a,Beam 1A,121.0592,22.69
2026-06-29 17:00:00,beam-1b,Beam 1B,123.0593,22.69
2026-06-29 17:00:00,beam-2a,Beam 2A,122.9152,22.69
2026-06-29 17:00:00,beam-2b,Beam 2B,123.6906,22.69
2026-06-29 17:00:00,beam-3a,Beam 3A,121.4543,22.69
2026-06-29 17:00:00,beam-3b,Beam 3B,120.5319,22.69
2026-06-29 17:00:00,pier-cap-1,Pier Cap 1,96.4248,22.69
2026-06-29 17:00:00,pier-cap-2,Pier Cap 2,97.5963,22.69
2026-06-29 18:00:00,beam-1a,Beam 1A,120.8125,21.28
2026-06-29 18:00:00,beam-1b,Beam 1B,122.8152,21.28
2026-06-29 18:00:00,beam-2a,Beam 2A,123.4248,21.28
2026-06-29 18:00:00,beam-2b,Beam 2B,123.6183,21.28
2026-06-29 18:00:00,beam-3a,Beam 3A,121.4328,21.28
2026-06-29 18:00:00,beam-3b,Beam 3B,120.3906,21.28
2026-06-29 18:00:00,pier-cap-1,Pier Cap 1,96.3532,21.28
2026-06-29 18:00:00,pier-cap-2,Pier Cap 2,96.8126,21.28
2026-06-29 19:00:00,beam-1a,Beam 1A,120.9704,20.4
2026-06-29 19:00:00,beam-1b,Beam 1B,122.3038,20.4
2026-06-29 19:00:00,beam-2a,Beam 2A,122.2915,20.4
2026-06-29 19:00:00,beam-2b,Beam 2B,122.8436,20.4
2026-06-29 19:00:00,beam-3a,Beam 3A,122.3475,20.4
2026-06-29 19:00:00,beam-3b,Beam 3B,119.8815,20.4
2026-06-29 19:00:00,pier-cap-1,Pier Cap 1,95.9902,20.4
2026-06-29 19:00:00,pier-cap-2,Pier Cap 2,96.395,20.4
2026-06-29 20:00:00,beam-1a,Beam 1A,120.2523,18.12
2026-06-29 20:00:00,beam-1b,Beam 1B,121.9561,18.12
2026-06-29 20:00:00,beam-2a,Beam 2A,122.6803,18.12
2026-06-29 20:00:00,beam-2b,Beam 2B,123.0016,18.12
2026-06-29 20:00:00,beam-3a,Beam 3A,121.9812,18.12
2026-06-29 20:00:00,beam-3b,Beam 3B,119.5953,18.12
2026-06-29 20:00:00,pier-cap-1,Pier Cap 1,95.8926,18.12
2026-06-29 20:00:00,pier-cap-2,Pier Cap 2,95.9579,18.12
2026-06-29 21:00:00,beam-1a,Beam 1A,119.5919,17.05
2026-06-29 21:00:00,beam-1b,Beam 1B,121.5638,17.05
2026-06-29 21:00:00,beam-2a,Beam 2A,121.4939,17.05
2026-06-29 21:00:00,beam-2b,Beam 2B,121.7617,17.05
2026-06-29 21:00:00,beam-3a,Beam 3A,121.073,17.05
2026-06-29 21:00:00,beam-3b,Beam 3B,119.3883,17.05
2026-06-29 21:00:00,pier-cap-1,Pier Cap 1,95.7278,17.05
2026-06-29 21:00:00,pier-cap-2,Pier Cap 2,96.2459,17.05
2026-06-29 22:00:00,beam-1a,Beam 1A,120.1866,14.48
2026-06-29 22:00:00,beam-1b,Beam 1B,120.7645,14.48
2026-06-29 22:00:00,beam-2a,Beam 2A,121.4257,14.48
2026-06-29 22:00:00,beam-2b,Beam 2B,121.2382,14.48
2026-06-29 22:00:00,beam-3a,Beam 3A,120.0749,14.48
2026-06-29 22:00:00,beam-3b,Beam 3B,118.5818,14.48
2026-06-29 22:00:00,pier-cap-1,Pier Cap 1,95.0764,14.48
2026-06-29 22:00:00,pier-cap-2,Pier Cap 2,95.5941,14.48
2026-06-29 23:00:00,beam-1a,Beam 1A,119.3036,13.04
2026-06-29 23:00:00,beam-1b,Beam 1B,120.1252,13.04
2026-06-29 23:00:00,beam-2a,Beam 2A,121.5814,13.04
2026-06-29 23:00:00,beam-2b,Beam 2B,121.0197,13.04
2026-06-29 23:00:00,beam-3a,Beam 3A,119.7647,13.04
2026-06-29 23:00:00,beam-3b,Beam 3B,118.7812,13.04
2026-06-29 23:00:00,pier-cap-1,Pier Cap 1,95.2765,13.04
2026-06-29 23:00:00,pier-cap-2,Pier Cap 2,95.6801,13.04
